Switch,Scope,Scope_Reason,Verdict,Reason,Groups,Source_Sheets,Declared_Quick,Read_Quick,Read_Wide,Read_Scalar,Read_Live_Crypto,Read_Live_Stock,Timeframe,TF_Param,Value,Moves_Reference,Delta_vs_BH,Reference_Delta_vs_BH,Marginal_Delta,Gain_Pct,Trades,TIM_Pct,Max_DD_Pct,Pool_Sharpe,Behavior_Fingerprint,Reference_Fingerprint,Valid,Invalid_Reason,Applied_Overrides_JSON
BAND_SLOPE_SIZING_V2_DEPTH_GAIN,STRATEGY_CAUSAL,declared strategy/catalog/live-path setting,INERT,no value changes execution at 15m,ENGINE_AUTO_WIRED|EXIT|QUICK_CONFIG|RECENT_5D|SIZING,DISCONNECTED_LIVE_PATHS|ENGINE_AUTO_WIRED|QUICK_CONFIG|RECENT_RESULTS_5D|SWITCH_CATALOG,True,True,False,True,True,False,5m,BASE_TF,0.5,False,-676.9457953731244,-676.9457953731244,0.0,4.374949459047591,16,2.52,0.04480777709356657,1.3432274024065172,8d5b08b79cfa31ce07aae2f2eec811cdc211662ed8587329712558b8a9f77218,8d5b08b79cfa31ce07aae2f2eec811cdc211662ed8587329712558b8a9f77218,False,trades 16 < 30,"{""BAND_SLOPE_SIZING_V2_DEPTH_GAIN"":0.5,""BAND_SLOPE_SIZING_V2_ENABLED"":true,""BASE_TF"":""5m"",""COOLDOWN_BARS"":0,""MIN_HOLD_BARS"":0,""STRUCTURAL_EXIT_GATE_ENABLED"":false,""WT_TF_15M_ENABLED"":true}"
BAND_SLOPE_SIZING_V2_DEPTH_GAIN,STRATEGY_CAUSAL,declared strategy/catalog/live-path setting,INERT,no value changes execution at 15m,ENGINE_AUTO_WIRED|EXIT|QUICK_CONFIG|RECENT_5D|SIZING,DISCONNECTED_LIVE_PATHS|ENGINE_AUTO_WIRED|QUICK_CONFIG|RECENT_RESULTS_5D|SWITCH_CATALOG,True,True,False,True,True,False,5m,BASE_TF,0.75,True,-677.8229281993632,-676.9457953731244,-0.8771328262388352,3.4978166328087736,13,2.07,0.034942436332164276,0.8028387474660841,1d4f153191de26be6e70b712f261918d1585291076e86d7a10cf5fb5eb9163b8,8d5b08b79cfa31ce07aae2f2eec811cdc211662ed8587329712558b8a9f77218,False,trades 13 < 30,"{""BAND_SLOPE_SIZING_V2_DEPTH_GAIN"":0.75,""BAND_SLOPE_SIZING_V2_ENABLED"":true,""BASE_TF"":""5m"",""COOLDOWN_BARS"":0,""MIN_HOLD_BARS"":0,""STRUCTURAL_EXIT_GATE_ENABLED"":false,""WT_TF_15M_ENABLED"":true}"
BAND_SLOPE_SIZING_V2_DEPTH_GAIN,STRATEGY_CAUSAL,declared strategy/catalog/live-path setting,INERT,no value changes execution at 15m,ENGINE_AUTO_WIRED|EXIT|QUICK_CONFIG|RECENT_5D|SIZING,DISCONNECTED_LIVE_PATHS|ENGINE_AUTO_WIRED|QUICK_CONFIG|RECENT_RESULTS_5D|SWITCH_CATALOG,True,True,False,True,True,False,5m,BASE_TF,1.0,True,-677.9914759770587,-676.9457953731244,-1.0456806039343292,3.329268855113243,12,1.78,0.024980402481180507,0.8175138449232796,d04851fff4ea154c7bb1a06a83dbd30e8e1df93939072d0eb61f16ce18b734df,8d5b08b79cfa31ce07aae2f2eec811cdc211662ed8587329712558b8a9f77218,False,trades 12 < 30,"{""BAND_SLOPE_SIZING_V2_DEPTH_GAIN"":1.0,""BAND_SLOPE_SIZING_V2_ENABLED"":true,""BASE_TF"":""5m"",""COOLDOWN_BARS"":0,""MIN_HOLD_BARS"":0,""STRUCTURAL_EXIT_GATE_ENABLED"":false,""WT_TF_15M_ENABLED"":true}"
BAND_SLOPE_SIZING_V2_DEPTH_GAIN,STRATEGY_CAUSAL,declared strategy/catalog/live-path setting,INERT,no value changes execution at 15m,ENGINE_AUTO_WIRED|EXIT|QUICK_CONFIG|RECENT_5D|SIZING,DISCONNECTED_LIVE_PATHS|ENGINE_AUTO_WIRED|QUICK_CONFIG|RECENT_RESULTS_5D|SWITCH_CATALOG,True,True,False,True,True,False,5m,BASE_TF,1.25,True,-678.0906482685212,-676.9457953731244,-1.1448528953968662,3.2300965636507444,12,1.77,0.009996930673593588,0.8175138449103568,597fb974645d83be87d1500409e7d22f30760263d5021cbcca29846b65cceb63,8d5b08b79cfa31ce07aae2f2eec811cdc211662ed8587329712558b8a9f77218,False,trades 12 < 30,"{""BAND_SLOPE_SIZING_V2_DEPTH_GAIN"":1.25,""BAND_SLOPE_SIZING_V2_ENABLED"":true,""BASE_TF"":""5m"",""COOLDOWN_BARS"":0,""MIN_HOLD_BARS"":0,""STRUCTURAL_EXIT_GATE_ENABLED"":false,""WT_TF_15M_ENABLED"":true}"
BAND_SLOPE_SIZING_V2_DEPTH_GAIN,STRATEGY_CAUSAL,declared strategy/catalog/live-path setting,INERT,no value changes execution at 15m,ENGINE_AUTO_WIRED|EXIT|QUICK_CONFIG|RECENT_5D|SIZING,DISCONNECTED_LIVE_PATHS|ENGINE_AUTO_WIRED|QUICK_CONFIG|RECENT_RESULTS_5D|SWITCH_CATALOG,True,True,False,True,True,False,5m,BASE_TF,1.5,True,-678.3213278449208,-676.9457953731244,-1.3755324717964186,2.9994169872511516,12,1.77,0.009996930673593588,0.8168798294642591,f2f49e1138d7d392a518cbc2b290d09d1667c225793c3068a1632de03177279b,8d5b08b79cfa31ce07aae2f2eec811cdc211662ed8587329712558b8a9f77218,False,trades 12 < 30,"{""BAND_SLOPE_SIZING_V2_DEPTH_GAIN"":1.5,""BAND_SLOPE_SIZING_V2_ENABLED"":true,""BASE_TF"":""5m"",""COOLDOWN_BARS"":0,""MIN_HOLD_BARS"":0,""STRUCTURAL_EXIT_GATE_ENABLED"":false,""WT_TF_15M_ENABLED"":true}"
BAND_SLOPE_SIZING_V2_DEPTH_GAIN,STRATEGY_CAUSAL,declared strategy/catalog/live-path setting,INERT,no value changes execution at 15m,ENGINE_AUTO_WIRED|EXIT|QUICK_CONFIG|RECENT_5D|SIZING,DISCONNECTED_LIVE_PATHS|ENGINE_AUTO_WIRED|QUICK_CONFIG|RECENT_RESULTS_5D|SWITCH_CATALOG,True,True,False,True,True,False,15m,BASE_TF,0.5,False,-680.3410937642334,-680.3410937642334,0.0,0.9796510679385846,1,0.47,0.0,0.0,eb977fd2f7ac80dc7bc228882bd491b1643bd415d25a5d48f05cffaec966d6d7,eb977fd2f7ac80dc7bc228882bd491b1643bd415d25a5d48f05cffaec966d6d7,False,trades 1 < 30,"{""BAND_SLOPE_SIZING_V2_DEPTH_GAIN"":0.5,""BAND_SLOPE_SIZING_V2_ENABLED"":true,""BASE_TF"":""15m"",""COOLDOWN_BARS"":0,""MIN_HOLD_BARS"":0,""STRUCTURAL_EXIT_GATE_ENABLED"":false,""WT_TF_15M_ENABLED"":true}"
BAND_SLOPE_SIZING_V2_DEPTH_GAIN,STRATEGY_CAUSAL,declared strategy/catalog/live-path setting,INERT,no value changes execution at 15m,ENGINE_AUTO_WIRED|EXIT|QUICK_CONFIG|RECENT_5D|SIZING,DISCONNECTED_LIVE_PATHS|ENGINE_AUTO_WIRED|QUICK_CONFIG|RECENT_RESULTS_5D|SWITCH_CATALOG,True,True,False,True,True,False,15m,BASE_TF,0.75,False,-680.3410937642334,-680.3410937642334,0.0,0.9796510679385846,1,0.47,0.0,0.0,7c036af073d201ca0ade0cd3718aa2c8054fd313e4cbfad4d79ba801d1498aa4,eb977fd2f7ac80dc7bc228882bd491b1643bd415d25a5d48f05cffaec966d6d7,False,trades 1 < 30,"{""BAND_SLOPE_SIZING_V2_DEPTH_GAIN"":0.75,""BAND_SLOPE_SIZING_V2_ENABLED"":true,""BASE_TF"":""15m"",""COOLDOWN_BARS"":0,""MIN_HOLD_BARS"":0,""STRUCTURAL_EXIT_GATE_ENABLED"":false,""WT_TF_15M_ENABLED"":true}"
BAND_SLOPE_SIZING_V2_DEPTH_GAIN,STRATEGY_CAUSAL,declared strategy/catalog/live-path setting,INERT,no value changes execution at 15m,ENGINE_AUTO_WIRED|EXIT|QUICK_CONFIG|RECENT_5D|SIZING,DISCONNECTED_LIVE_PATHS|ENGINE_AUTO_WIRED|QUICK_CONFIG|RECENT_RESULTS_5D|SWITCH_CATALOG,True,True,False,True,True,False,15m,BASE_TF,1.0,False,-680.3410937642334,-680.3410937642334,0.0,0.9796510679385846,1,0.47,0.0,0.0,fb0f9f9171bdf939f4d141d9231aed0d57d9ee1ed1f54e3a30e6d5f66a906036,eb977fd2f7ac80dc7bc228882bd491b1643bd415d25a5d48f05cffaec966d6d7,False,trades 1 < 30,"{""BAND_SLOPE_SIZING_V2_DEPTH_GAIN"":1.0,""BAND_SLOPE_SIZING_V2_ENABLED"":true,""BASE_TF"":""15m"",""COOLDOWN_BARS"":0,""MIN_HOLD_BARS"":0,""STRUCTURAL_EXIT_GATE_ENABLED"":false,""WT_TF_15M_ENABLED"":true}"
BAND_SLOPE_SIZING_V2_DEPTH_GAIN,STRATEGY_CAUSAL,declared strategy/catalog/live-path setting,INERT,no value changes execution at 15m,ENGINE_AUTO_WIRED|EXIT|QUICK_CONFIG|RECENT_5D|SIZING,DISCONNECTED_LIVE_PATHS|ENGINE_AUTO_WIRED|QUICK_CONFIG|RECENT_RESULTS_5D|SWITCH_CATALOG,True,True,False,True,True,False,15m,BASE_TF,1.25,False,-680.3410937642334,-680.3410937642334,0.0,0.9796510679385846,1,0.47,0.0,0.0,fb0f9f9171bdf939f4d141d9231aed0d57d9ee1ed1f54e3a30e6d5f66a906036,eb977fd2f7ac80dc7bc228882bd491b1643bd415d25a5d48f05cffaec966d6d7,False,trades 1 < 30,"{""BAND_SLOPE_SIZING_V2_DEPTH_GAIN"":1.25,""BAND_SLOPE_SIZING_V2_ENABLED"":true,""BASE_TF"":""15m"",""COOLDOWN_BARS"":0,""MIN_HOLD_BARS"":0,""STRUCTURAL_EXIT_GATE_ENABLED"":false,""WT_TF_15M_ENABLED"":true}"
BAND_SLOPE_SIZING_V2_DEPTH_GAIN,STRATEGY_CAUSAL,declared strategy/catalog/live-path setting,INERT,no value changes execution at 15m,ENGINE_AUTO_WIRED|EXIT|QUICK_CONFIG|RECENT_5D|SIZING,DISCONNECTED_LIVE_PATHS|ENGINE_AUTO_WIRED|QUICK_CONFIG|RECENT_RESULTS_5D|SWITCH_CATALOG,True,True,False,True,True,False,15m,BASE_TF,1.5,False,-680.3410937642334,-680.3410937642334,0.0,0.9796510679385846,1,0.47,0.0,0.0,fb0f9f9171bdf939f4d141d9231aed0d57d9ee1ed1f54e3a30e6d5f66a906036,eb977fd2f7ac80dc7bc228882bd491b1643bd415d25a5d48f05cffaec966d6d7,False,trades 1 < 30,"{""BAND_SLOPE_SIZING_V2_DEPTH_GAIN"":1.5,""BAND_SLOPE_SIZING_V2_ENABLED"":true,""BASE_TF"":""15m"",""COOLDOWN_BARS"":0,""MIN_HOLD_BARS"":0,""STRUCTURAL_EXIT_GATE_ENABLED"":false,""WT_TF_15M_ENABLED"":true}"
BAND_SLOPE_SIZING_V2_DEPTH_GAIN,STRATEGY_CAUSAL,declared strategy/catalog/live-path setting,INERT,no value changes execution at 15m,ENGINE_AUTO_WIRED|EXIT|QUICK_CONFIG|RECENT_5D|SIZING,DISCONNECTED_LIVE_PATHS|ENGINE_AUTO_WIRED|QUICK_CONFIG|RECENT_RESULTS_5D|SWITCH_CATALOG,True,True,False,True,True,False,1h,BASE_TF,0.5,False,-681.320744832172,-681.320744832172,0.0,0.0,0,0.0,0.0,0.0,4f53cda18c2baa0c0354bb5f9a3ecbe5ed12ab4d8e11ba873c2f11161202b945,4f53cda18c2baa0c0354bb5f9a3ecbe5ed12ab4d8e11ba873c2f11161202b945,False,trades 0 < 30,"{""BAND_SLOPE_SIZING_V2_DEPTH_GAIN"":0.5,""BAND_SLOPE_SIZING_V2_ENABLED"":true,""BASE_TF"":""1h"",""COOLDOWN_BARS"":0,""MIN_HOLD_BARS"":0,""STRUCTURAL_EXIT_GATE_ENABLED"":false,""WT_TF_15M_ENABLED"":true}"
BAND_SLOPE_SIZING_V2_DEPTH_GAIN,STRATEGY_CAUSAL,declared strategy/catalog/live-path setting,INERT,no value changes execution at 15m,ENGINE_AUTO_WIRED|EXIT|QUICK_CONFIG|RECENT_5D|SIZING,DISCONNECTED_LIVE_PATHS|ENGINE_AUTO_WIRED|QUICK_CONFIG|RECENT_RESULTS_5D|SWITCH_CATALOG,True,True,False,True,True,False,1h,BASE_TF,0.75,False,-681.320744832172,-681.320744832172,0.0,0.0,0,0.0,0.0,0.0,4f53cda18c2baa0c0354bb5f9a3ecbe5ed12ab4d8e11ba873c2f11161202b945,4f53cda18c2baa0c0354bb5f9a3ecbe5ed12ab4d8e11ba873c2f11161202b945,False,trades 0 < 30,"{""BAND_SLOPE_SIZING_V2_DEPTH_GAIN"":0.75,""BAND_SLOPE_SIZING_V2_ENABLED"":true,""BASE_TF"":""1h"",""COOLDOWN_BARS"":0,""MIN_HOLD_BARS"":0,""STRUCTURAL_EXIT_GATE_ENABLED"":false,""WT_TF_15M_ENABLED"":true}"
BAND_SLOPE_SIZING_V2_DEPTH_GAIN,STRATEGY_CAUSAL,declared strategy/catalog/live-path setting,INERT,no value changes execution at 15m,ENGINE_AUTO_WIRED|EXIT|QUICK_CONFIG|RECENT_5D|SIZING,DISCONNECTED_LIVE_PATHS|ENGINE_AUTO_WIRED|QUICK_CONFIG|RECENT_RESULTS_5D|SWITCH_CATALOG,True,True,False,True,True,False,1h,BASE_TF,1.0,False,-681.320744832172,-681.320744832172,0.0,0.0,0,0.0,0.0,0.0,4f53cda18c2baa0c0354bb5f9a3ecbe5ed12ab4d8e11ba873c2f11161202b945,4f53cda18c2baa0c0354bb5f9a3ecbe5ed12ab4d8e11ba873c2f11161202b945,False,trades 0 < 30,"{""BAND_SLOPE_SIZING_V2_DEPTH_GAIN"":1.0,""BAND_SLOPE_SIZING_V2_ENABLED"":true,""BASE_TF"":""1h"",""COOLDOWN_BARS"":0,""MIN_HOLD_BARS"":0,""STRUCTURAL_EXIT_GATE_ENABLED"":false,""WT_TF_15M_ENABLED"":true}"
BAND_SLOPE_SIZING_V2_DEPTH_GAIN,STRATEGY_CAUSAL,declared strategy/catalog/live-path setting,INERT,no value changes execution at 15m,ENGINE_AUTO_WIRED|EXIT|QUICK_CONFIG|RECENT_5D|SIZING,DISCONNECTED_LIVE_PATHS|ENGINE_AUTO_WIRED|QUICK_CONFIG|RECENT_RESULTS_5D|SWITCH_CATALOG,True,True,False,True,True,False,1h,BASE_TF,1.25,False,-681.320744832172,-681.320744832172,0.0,0.0,0,0.0,0.0,0.0,4f53cda18c2baa0c0354bb5f9a3ecbe5ed12ab4d8e11ba873c2f11161202b945,4f53cda18c2baa0c0354bb5f9a3ecbe5ed12ab4d8e11ba873c2f11161202b945,False,trades 0 < 30,"{""BAND_SLOPE_SIZING_V2_DEPTH_GAIN"":1.25,""BAND_SLOPE_SIZING_V2_ENABLED"":true,""BASE_TF"":""1h"",""COOLDOWN_BARS"":0,""MIN_HOLD_BARS"":0,""STRUCTURAL_EXIT_GATE_ENABLED"":false,""WT_TF_15M_ENABLED"":true}"
BAND_SLOPE_SIZING_V2_DEPTH_GAIN,STRATEGY_CAUSAL,declared strategy/catalog/live-path setting,INERT,no value changes execution at 15m,ENGINE_AUTO_WIRED|EXIT|QUICK_CONFIG|RECENT_5D|SIZING,DISCONNECTED_LIVE_PATHS|ENGINE_AUTO_WIRED|QUICK_CONFIG|RECENT_RESULTS_5D|SWITCH_CATALOG,True,True,False,True,True,False,1h,BASE_TF,1.5,False,-681.320744832172,-681.320744832172,0.0,0.0,0,0.0,0.0,0.0,4f53cda18c2baa0c0354bb5f9a3ecbe5ed12ab4d8e11ba873c2f11161202b945,4f53cda18c2baa0c0354bb5f9a3ecbe5ed12ab4d8e11ba873c2f11161202b945,False,trades 0 < 30,"{""BAND_SLOPE_SIZING_V2_DEPTH_GAIN"":1.5,""BAND_SLOPE_SIZING_V2_ENABLED"":true,""BASE_TF"":""1h"",""COOLDOWN_BARS"":0,""MIN_HOLD_BARS"":0,""STRUCTURAL_EXIT_GATE_ENABLED"":false,""WT_TF_15M_ENABLED"":true}"
BAND_SLOPE_SIZING_V2_DEPTH_GAIN,STRATEGY_CAUSAL,declared strategy/catalog/live-path setting,INERT,no value changes execution at 15m,ENGINE_AUTO_WIRED|EXIT|QUICK_CONFIG|RECENT_5D|SIZING,DISCONNECTED_LIVE_PATHS|ENGINE_AUTO_WIRED|QUICK_CONFIG|RECENT_RESULTS_5D|SWITCH_CATALOG,True,True,False,True,True,False,4h,BASE_TF,0.5,False,-681.320744832172,-681.320744832172,0.0,0.0,0,0.0,0.0,0.0,4f53cda18c2baa0c0354bb5f9a3ecbe5ed12ab4d8e11ba873c2f11161202b945,4f53cda18c2baa0c0354bb5f9a3ecbe5ed12ab4d8e11ba873c2f11161202b945,False,trades 0 < 30,"{""BAND_SLOPE_SIZING_V2_DEPTH_GAIN"":0.5,""BAND_SLOPE_SIZING_V2_ENABLED"":true,""BASE_TF"":""4h"",""COOLDOWN_BARS"":0,""MIN_HOLD_BARS"":0,""STRUCTURAL_EXIT_GATE_ENABLED"":false,""WT_TF_15M_ENABLED"":true}"
BAND_SLOPE_SIZING_V2_DEPTH_GAIN,STRATEGY_CAUSAL,declared strategy/catalog/live-path setting,INERT,no value changes execution at 15m,ENGINE_AUTO_WIRED|EXIT|QUICK_CONFIG|RECENT_5D|SIZING,DISCONNECTED_LIVE_PATHS|ENGINE_AUTO_WIRED|QUICK_CONFIG|RECENT_RESULTS_5D|SWITCH_CATALOG,True,True,False,True,True,False,4h,BASE_TF,0.75,False,-681.320744832172,-681.320744832172,0.0,0.0,0,0.0,0.0,0.0,4f53cda18c2baa0c0354bb5f9a3ecbe5ed12ab4d8e11ba873c2f11161202b945,4f53cda18c2baa0c0354bb5f9a3ecbe5ed12ab4d8e11ba873c2f11161202b945,False,trades 0 < 30,"{""BAND_SLOPE_SIZING_V2_DEPTH_GAIN"":0.75,""BAND_SLOPE_SIZING_V2_ENABLED"":true,""BASE_TF"":""4h"",""COOLDOWN_BARS"":0,""MIN_HOLD_BARS"":0,""STRUCTURAL_EXIT_GATE_ENABLED"":false,""WT_TF_15M_ENABLED"":true}"
BAND_SLOPE_SIZING_V2_DEPTH_GAIN,STRATEGY_CAUSAL,declared strategy/catalog/live-path setting,INERT,no value changes execution at 15m,ENGINE_AUTO_WIRED|EXIT|QUICK_CONFIG|RECENT_5D|SIZING,DISCONNECTED_LIVE_PATHS|ENGINE_AUTO_WIRED|QUICK_CONFIG|RECENT_RESULTS_5D|SWITCH_CATALOG,True,True,False,True,True,False,4h,BASE_TF,1.0,False,-681.320744832172,-681.320744832172,0.0,0.0,0,0.0,0.0,0.0,4f53cda18c2baa0c0354bb5f9a3ecbe5ed12ab4d8e11ba873c2f11161202b945,4f53cda18c2baa0c0354bb5f9a3ecbe5ed12ab4d8e11ba873c2f11161202b945,False,trades 0 < 30,"{""BAND_SLOPE_SIZING_V2_DEPTH_GAIN"":1.0,""BAND_SLOPE_SIZING_V2_ENABLED"":true,""BASE_TF"":""4h"",""COOLDOWN_BARS"":0,""MIN_HOLD_BARS"":0,""STRUCTURAL_EXIT_GATE_ENABLED"":false,""WT_TF_15M_ENABLED"":true}"
BAND_SLOPE_SIZING_V2_DEPTH_GAIN,STRATEGY_CAUSAL,declared strategy/catalog/live-path setting,INERT,no value changes execution at 15m,ENGINE_AUTO_WIRED|EXIT|QUICK_CONFIG|RECENT_5D|SIZING,DISCONNECTED_LIVE_PATHS|ENGINE_AUTO_WIRED|QUICK_CONFIG|RECENT_RESULTS_5D|SWITCH_CATALOG,True,True,False,True,True,False,4h,BASE_TF,1.25,False,-681.320744832172,-681.320744832172,0.0,0.0,0,0.0,0.0,0.0,4f53cda18c2baa0c0354bb5f9a3ecbe5ed12ab4d8e11ba873c2f11161202b945,4f53cda18c2baa0c0354bb5f9a3ecbe5ed12ab4d8e11ba873c2f11161202b945,False,trades 0 < 30,"{""BAND_SLOPE_SIZING_V2_DEPTH_GAIN"":1.25,""BAND_SLOPE_SIZING_V2_ENABLED"":true,""BASE_TF"":""4h"",""COOLDOWN_BARS"":0,""MIN_HOLD_BARS"":0,""STRUCTURAL_EXIT_GATE_ENABLED"":false,""WT_TF_15M_ENABLED"":true}"
BAND_SLOPE_SIZING_V2_DEPTH_GAIN,STRATEGY_CAUSAL,declared strategy/catalog/live-path setting,INERT,no value changes execution at 15m,ENGINE_AUTO_WIRED|EXIT|QUICK_CONFIG|RECENT_5D|SIZING,DISCONNECTED_LIVE_PATHS|ENGINE_AUTO_WIRED|QUICK_CONFIG|RECENT_RESULTS_5D|SWITCH_CATALOG,True,True,False,True,True,False,4h,BASE_TF,1.5,False,-681.320744832172,-681.320744832172,0.0,0.0,0,0.0,0.0,0.0,4f53cda18c2baa0c0354bb5f9a3ecbe5ed12ab4d8e11ba873c2f11161202b945,4f53cda18c2baa0c0354bb5f9a3ecbe5ed12ab4d8e11ba873c2f11161202b945,False,trades 0 < 30,"{""BAND_SLOPE_SIZING_V2_DEPTH_GAIN"":1.5,""BAND_SLOPE_SIZING_V2_ENABLED"":true,""BASE_TF"":""4h"",""COOLDOWN_BARS"":0,""MIN_HOLD_BARS"":0,""STRUCTURAL_EXIT_GATE_ENABLED"":false,""WT_TF_15M_ENABLED"":true}"
BAND_SLOPE_SIZING_V2_DEPTH_GAIN,STRATEGY_CAUSAL,declared strategy/catalog/live-path setting,INERT,no value changes execution at 15m,ENGINE_AUTO_WIRED|EXIT|QUICK_CONFIG|RECENT_5D|SIZING,DISCONNECTED_LIVE_PATHS|ENGINE_AUTO_WIRED|QUICK_CONFIG|RECENT_RESULTS_5D|SWITCH_CATALOG,True,True,False,True,True,False,D,BASE_TF,0.5,False,-681.320744832172,-681.320744832172,0.0,0.0,0,0.0,0.0,0.0,4f53cda18c2baa0c0354bb5f9a3ecbe5ed12ab4d8e11ba873c2f11161202b945,4f53cda18c2baa0c0354bb5f9a3ecbe5ed12ab4d8e11ba873c2f11161202b945,False,trades 0 < 30,"{""BAND_SLOPE_SIZING_V2_DEPTH_GAIN"":0.5,""BAND_SLOPE_SIZING_V2_ENABLED"":true,""BASE_TF"":""D"",""COOLDOWN_BARS"":0,""MIN_HOLD_BARS"":0,""STRUCTURAL_EXIT_GATE_ENABLED"":false,""WT_TF_15M_ENABLED"":true}"
BAND_SLOPE_SIZING_V2_DEPTH_GAIN,STRATEGY_CAUSAL,declared strategy/catalog/live-path setting,INERT,no value changes execution at 15m,ENGINE_AUTO_WIRED|EXIT|QUICK_CONFIG|RECENT_5D|SIZING,DISCONNECTED_LIVE_PATHS|ENGINE_AUTO_WIRED|QUICK_CONFIG|RECENT_RESULTS_5D|SWITCH_CATALOG,True,True,False,True,True,False,D,BASE_TF,0.75,False,-681.320744832172,-681.320744832172,0.0,0.0,0,0.0,0.0,0.0,4f53cda18c2baa0c0354bb5f9a3ecbe5ed12ab4d8e11ba873c2f11161202b945,4f53cda18c2baa0c0354bb5f9a3ecbe5ed12ab4d8e11ba873c2f11161202b945,False,trades 0 < 30,"{""BAND_SLOPE_SIZING_V2_DEPTH_GAIN"":0.75,""BAND_SLOPE_SIZING_V2_ENABLED"":true,""BASE_TF"":""D"",""COOLDOWN_BARS"":0,""MIN_HOLD_BARS"":0,""STRUCTURAL_EXIT_GATE_ENABLED"":false,""WT_TF_15M_ENABLED"":true}"
BAND_SLOPE_SIZING_V2_DEPTH_GAIN,STRATEGY_CAUSAL,declared strategy/catalog/live-path setting,INERT,no value changes execution at 15m,ENGINE_AUTO_WIRED|EXIT|QUICK_CONFIG|RECENT_5D|SIZING,DISCONNECTED_LIVE_PATHS|ENGINE_AUTO_WIRED|QUICK_CONFIG|RECENT_RESULTS_5D|SWITCH_CATALOG,True,True,False,True,True,False,D,BASE_TF,1.0,False,-681.320744832172,-681.320744832172,0.0,0.0,0,0.0,0.0,0.0,4f53cda18c2baa0c0354bb5f9a3ecbe5ed12ab4d8e11ba873c2f11161202b945,4f53cda18c2baa0c0354bb5f9a3ecbe5ed12ab4d8e11ba873c2f11161202b945,False,trades 0 < 30,"{""BAND_SLOPE_SIZING_V2_DEPTH_GAIN"":1.0,""BAND_SLOPE_SIZING_V2_ENABLED"":true,""BASE_TF"":""D"",""COOLDOWN_BARS"":0,""MIN_HOLD_BARS"":0,""STRUCTURAL_EXIT_GATE_ENABLED"":false,""WT_TF_15M_ENABLED"":true}"
BAND_SLOPE_SIZING_V2_DEPTH_GAIN,STRATEGY_CAUSAL,declared strategy/catalog/live-path setting,INERT,no value changes execution at 15m,ENGINE_AUTO_WIRED|EXIT|QUICK_CONFIG|RECENT_5D|SIZING,DISCONNECTED_LIVE_PATHS|ENGINE_AUTO_WIRED|QUICK_CONFIG|RECENT_RESULTS_5D|SWITCH_CATALOG,True,True,False,True,True,False,D,BASE_TF,1.25,False,-681.320744832172,-681.320744832172,0.0,0.0,0,0.0,0.0,0.0,4f53cda18c2baa0c0354bb5f9a3ecbe5ed12ab4d8e11ba873c2f11161202b945,4f53cda18c2baa0c0354bb5f9a3ecbe5ed12ab4d8e11ba873c2f11161202b945,False,trades 0 < 30,"{""BAND_SLOPE_SIZING_V2_DEPTH_GAIN"":1.25,""BAND_SLOPE_SIZING_V2_ENABLED"":true,""BASE_TF"":""D"",""COOLDOWN_BARS"":0,""MIN_HOLD_BARS"":0,""STRUCTURAL_EXIT_GATE_ENABLED"":false,""WT_TF_15M_ENABLED"":true}"
BAND_SLOPE_SIZING_V2_DEPTH_GAIN,STRATEGY_CAUSAL,declared strategy/catalog/live-path setting,INERT,no value changes execution at 15m,ENGINE_AUTO_WIRED|EXIT|QUICK_CONFIG|RECENT_5D|SIZING,DISCONNECTED_LIVE_PATHS|ENGINE_AUTO_WIRED|QUICK_CONFIG|RECENT_RESULTS_5D|SWITCH_CATALOG,True,True,False,True,True,False,D,BASE_TF,1.5,False,-681.320744832172,-681.320744832172,0.0,0.0,0,0.0,0.0,0.0,4f53cda18c2baa0c0354bb5f9a3ecbe5ed12ab4d8e11ba873c2f11161202b945,4f53cda18c2baa0c0354bb5f9a3ecbe5ed12ab4d8e11ba873c2f11161202b945,False,trades 0 < 30,"{""BAND_SLOPE_SIZING_V2_DEPTH_GAIN"":1.5,""BAND_SLOPE_SIZING_V2_ENABLED"":true,""BASE_TF"":""D"",""COOLDOWN_BARS"":0,""MIN_HOLD_BARS"":0,""STRUCTURAL_EXIT_GATE_ENABLED"":false,""WT_TF_15M_ENABLED"":true}"
BAND_SLOPE_SIZING_V2_TF,STRATEGY_CAUSAL,declared strategy/catalog/live-path setting,PASS,all applicable values/timeframes change real execution uniquely,ENGINE_AUTO_WIRED|EXIT|QUICK_CONFIG|RECENT_5D,DISCONNECTED_LIVE_PATHS|ENGINE_AUTO_WIRED|QUICK_CONFIG|RECENT_RESULTS_5D,True,True,False,True,True,False,5m,,"""5m""",True,-677.6037856975375,-676.9457953731244,-0.6579903244131629,3.7169591346344406,16,2.52,0.05087828731733493,1.3192343731794067,f8c08bbe7b7ead8d76e123b3aa8b938add9038e561895e468a1605854f3a9b67,8d5b08b79cfa31ce07aae2f2eec811cdc211662ed8587329712558b8a9f77218,False,trades 16 < 30,"{""BAND_SLOPE_SIZING_V2_ENABLED"":true,""BAND_SLOPE_SIZING_V2_TF"":""5m"",""COOLDOWN_BARS"":0,""MIN_HOLD_BARS"":0,""STRUCTURAL_EXIT_GATE_ENABLED"":false,""WT_TF_15M_ENABLED"":true}"
BAND_SLOPE_SIZING_V2_TF,STRATEGY_CAUSAL,declared strategy/catalog/live-path setting,PASS,all applicable values/timeframes change real execution uniquely,ENGINE_AUTO_WIRED|EXIT|QUICK_CONFIG|RECENT_5D,DISCONNECTED_LIVE_PATHS|ENGINE_AUTO_WIRED|QUICK_CONFIG|RECENT_RESULTS_5D,True,True,False,True,True,False,15m,,"""15m""",True,-676.6215109063487,-676.9457953731244,0.3242844667756799,4.699233925823262,16,2.55,0.059160985765374464,1.346095902830668,aef027e549284f2bfeec94eadc36b11c15952382717dedf664aac0ca566ce02b,8d5b08b79cfa31ce07aae2f2eec811cdc211662ed8587329712558b8a9f77218,False,trades 16 < 30,"{""BAND_SLOPE_SIZING_V2_ENABLED"":true,""BAND_SLOPE_SIZING_V2_TF"":""15m"",""COOLDOWN_BARS"":0,""MIN_HOLD_BARS"":0,""STRUCTURAL_EXIT_GATE_ENABLED"":false,""WT_TF_15M_ENABLED"":true}"
BAND_SLOPE_SIZING_V2_TF,STRATEGY_CAUSAL,declared strategy/catalog/live-path setting,PASS,all applicable values/timeframes change real execution uniquely,ENGINE_AUTO_WIRED|EXIT|QUICK_CONFIG|RECENT_5D,DISCONNECTED_LIVE_PATHS|ENGINE_AUTO_WIRED|QUICK_CONFIG|RECENT_RESULTS_5D,True,True,False,True,True,False,1h,,"""1h""",True,-677.5192574273507,-676.9457953731244,-0.5734620542262974,3.801487404821311,16,2.52,0.05087828731733493,0.9064440946788658,222a8cb3d9cfe8b936bb78ddcfc488479f1dad9b1221c938299ee316edb08d9c,8d5b08b79cfa31ce07aae2f2eec811cdc211662ed8587329712558b8a9f77218,False,trades 16 < 30,"{""BAND_SLOPE_SIZING_V2_ENABLED"":true,""BAND_SLOPE_SIZING_V2_TF"":""1h"",""COOLDOWN_BARS"":0,""MIN_HOLD_BARS"":0,""STRUCTURAL_EXIT_GATE_ENABLED"":false,""WT_TF_15M_ENABLED"":true}"
BAND_SLOPE_SIZING_V2_TF,STRATEGY_CAUSAL,declared strategy/catalog/live-path setting,PASS,all applicable values/timeframes change real execution uniquely,ENGINE_AUTO_WIRED|EXIT|QUICK_CONFIG|RECENT_5D,DISCONNECTED_LIVE_PATHS|ENGINE_AUTO_WIRED|QUICK_CONFIG|RECENT_RESULTS_5D,True,True,False,True,True,False,4h,,"""4h""",True,-676.6191723867304,-676.9457953731244,0.3266229863939998,4.701572445441552,16,2.52,0.05962173217410123,1.3556931368235383,fdcc891239bf34ba261179ba1ad58f29e1dd1ba2ca24cd93db79a0306f0bf8f8,8d5b08b79cfa31ce07aae2f2eec811cdc211662ed8587329712558b8a9f77218,False,trades 16 < 30,"{""BAND_SLOPE_SIZING_V2_ENABLED"":true,""BAND_SLOPE_SIZING_V2_TF"":""4h"",""COOLDOWN_BARS"":0,""MIN_HOLD_BARS"":0,""STRUCTURAL_EXIT_GATE_ENABLED"":false,""WT_TF_15M_ENABLED"":true}"
BAND_SLOPE_SIZING_V2_TF,STRATEGY_CAUSAL,declared strategy/catalog/live-path setting,PASS,all applicable values/timeframes change real execution uniquely,ENGINE_AUTO_WIRED|EXIT|QUICK_CONFIG|RECENT_5D,DISCONNECTED_LIVE_PATHS|ENGINE_AUTO_WIRED|QUICK_CONFIG|RECENT_RESULTS_5D,True,True,False,True,True,False,D,,"""D""",False,-676.9457953731244,-676.9457953731244,0.0,4.374949459047591,16,2.52,0.04480777709356657,1.3432274024065172,8d5b08b79cfa31ce07aae2f2eec811cdc211662ed8587329712558b8a9f77218,8d5b08b79cfa31ce07aae2f2eec811cdc211662ed8587329712558b8a9f77218,False,trades 16 < 30,"{""BAND_SLOPE_SIZING_V2_ENABLED"":true,""BAND_SLOPE_SIZING_V2_TF"":""D"",""COOLDOWN_BARS"":0,""MIN_HOLD_BARS"":0,""STRUCTURAL_EXIT_GATE_ENABLED"":false,""WT_TF_15M_ENABLED"":true}"
EMA_TF_5M_ENABLED,STRATEGY_CAUSAL,declared strategy/catalog/live-path setting,INERT,no value changes execution at 15m,QUICK_CONFIG,QUICK_CONFIG,True,True,False,False,False,False,5m,BASE_TF,false,False,-676.9457953731244,-676.9457953731244,0.0,4.374949459047591,16,2.52,0.04480777709356657,1.3432274024065172,8d5b08b79cfa31ce07aae2f2eec811cdc211662ed8587329712558b8a9f77218,8d5b08b79cfa31ce07aae2f2eec811cdc211662ed8587329712558b8a9f77218,False,trades 16 < 30,"{""BASE_TF"":""5m"",""COOLDOWN_BARS"":0,""EMA_TF_5M_ENABLED"":false,""MIN_HOLD_BARS"":0,""WT_TF_15M_ENABLED"":true}"
EMA_TF_5M_ENABLED,STRATEGY_CAUSAL,declared strategy/catalog/live-path setting,INERT,no value changes execution at 15m,QUICK_CONFIG,QUICK_CONFIG,True,True,False,False,False,False,5m,BASE_TF,true,True,-676.5377629578703,-676.9457953731244,0.40803241525406975,4.782981874301668,18,2.64,0.04480777709356657,1.4609371795949362,bbcc11cdb57c976c11227e17eb9c6d602ce33ad1a1517457dfc4b2bf5842e06e,8d5b08b79cfa31ce07aae2f2eec811cdc211662ed8587329712558b8a9f77218,False,trades 18 < 30,"{""BASE_TF"":""5m"",""COOLDOWN_BARS"":0,""EMA_TF_5M_ENABLED"":true,""MIN_HOLD_BARS"":0,""WT_TF_15M_ENABLED"":true}"
EMA_TF_5M_ENABLED,STRATEGY_CAUSAL,declared strategy/catalog/live-path setting,INERT,no value changes execution at 15m,QUICK_CONFIG,QUICK_CONFIG,True,True,False,False,False,False,15m,BASE_TF,false,False,-680.3410937642334,-680.3410937642334,0.0,0.9796510679385846,1,0.47,0.0,0.0,eb977fd2f7ac80dc7bc228882bd491b1643bd415d25a5d48f05cffaec966d6d7,eb977fd2f7ac80dc7bc228882bd491b1643bd415d25a5d48f05cffaec966d6d7,False,trades 1 < 30,"{""BASE_TF"":""15m"",""COOLDOWN_BARS"":0,""EMA_TF_5M_ENABLED"":false,""MIN_HOLD_BARS"":0,""WT_TF_15M_ENABLED"":true}"
EMA_TF_5M_ENABLED,STRATEGY_CAUSAL,declared strategy/catalog/live-path setting,INERT,no value changes execution at 15m,QUICK_CONFIG,QUICK_CONFIG,True,True,False,False,False,False,15m,BASE_TF,true,False,-680.3410937642334,-680.3410937642334,0.0,0.9796510679385846,1,0.47,0.0,0.0,eb977fd2f7ac80dc7bc228882bd491b1643bd415d25a5d48f05cffaec966d6d7,eb977fd2f7ac80dc7bc228882bd491b1643bd415d25a5d48f05cffaec966d6d7,False,trades 1 < 30,"{""BASE_TF"":""15m"",""COOLDOWN_BARS"":0,""EMA_TF_5M_ENABLED"":true,""MIN_HOLD_BARS"":0,""WT_TF_15M_ENABLED"":true}"
EMA_TF_5M_ENABLED,STRATEGY_CAUSAL,declared strategy/catalog/live-path setting,INERT,no value changes execution at 15m,QUICK_CONFIG,QUICK_CONFIG,True,True,False,False,False,False,1h,BASE_TF,false,False,-681.320744832172,-681.320744832172,0.0,0.0,0,0.0,0.0,0.0,4f53cda18c2baa0c0354bb5f9a3ecbe5ed12ab4d8e11ba873c2f11161202b945,4f53cda18c2baa0c0354bb5f9a3ecbe5ed12ab4d8e11ba873c2f11161202b945,False,trades 0 < 30,"{""BASE_TF"":""1h"",""COOLDOWN_BARS"":0,""EMA_TF_5M_ENABLED"":false,""MIN_HOLD_BARS"":0,""WT_TF_15M_ENABLED"":true}"
EMA_TF_5M_ENABLED,STRATEGY_CAUSAL,declared strategy/catalog/live-path setting,INERT,no value changes execution at 15m,QUICK_CONFIG,QUICK_CONFIG,True,True,False,False,False,False,1h,BASE_TF,true,False,-681.320744832172,-681.320744832172,0.0,0.0,0,0.0,0.0,0.0,4f53cda18c2baa0c0354bb5f9a3ecbe5ed12ab4d8e11ba873c2f11161202b945,4f53cda18c2baa0c0354bb5f9a3ecbe5ed12ab4d8e11ba873c2f11161202b945,False,trades 0 < 30,"{""BASE_TF"":""1h"",""COOLDOWN_BARS"":0,""EMA_TF_5M_ENABLED"":true,""MIN_HOLD_BARS"":0,""WT_TF_15M_ENABLED"":true}"
EMA_TF_5M_ENABLED,STRATEGY_CAUSAL,declared strategy/catalog/live-path setting,INERT,no value changes execution at 15m,QUICK_CONFIG,QUICK_CONFIG,True,True,False,False,False,False,4h,BASE_TF,false,False,-681.320744832172,-681.320744832172,0.0,0.0,0,0.0,0.0,0.0,4f53cda18c2baa0c0354bb5f9a3ecbe5ed12ab4d8e11ba873c2f11161202b945,4f53cda18c2baa0c0354bb5f9a3ecbe5ed12ab4d8e11ba873c2f11161202b945,False,trades 0 < 30,"{""BASE_TF"":""4h"",""COOLDOWN_BARS"":0,""EMA_TF_5M_ENABLED"":false,""MIN_HOLD_BARS"":0,""WT_TF_15M_ENABLED"":true}"
EMA_TF_5M_ENABLED,STRATEGY_CAUSAL,declared strategy/catalog/live-path setting,INERT,no value changes execution at 15m,QUICK_CONFIG,QUICK_CONFIG,True,True,False,False,False,False,4h,BASE_TF,true,False,-681.320744832172,-681.320744832172,0.0,0.0,0,0.0,0.0,0.0,4f53cda18c2baa0c0354bb5f9a3ecbe5ed12ab4d8e11ba873c2f11161202b945,4f53cda18c2baa0c0354bb5f9a3ecbe5ed12ab4d8e11ba873c2f11161202b945,False,trades 0 < 30,"{""BASE_TF"":""4h"",""COOLDOWN_BARS"":0,""EMA_TF_5M_ENABLED"":true,""MIN_HOLD_BARS"":0,""WT_TF_15M_ENABLED"":true}"
EMA_TF_5M_ENABLED,STRATEGY_CAUSAL,declared strategy/catalog/live-path setting,INERT,no value changes execution at 15m,QUICK_CONFIG,QUICK_CONFIG,True,True,False,False,False,False,D,BASE_TF,false,False,-681.320744832172,-681.320744832172,0.0,0.0,0,0.0,0.0,0.0,4f53cda18c2baa0c0354bb5f9a3ecbe5ed12ab4d8e11ba873c2f11161202b945,4f53cda18c2baa0c0354bb5f9a3ecbe5ed12ab4d8e11ba873c2f11161202b945,False,trades 0 < 30,"{""BASE_TF"":""D"",""COOLDOWN_BARS"":0,""EMA_TF_5M_ENABLED"":false,""MIN_HOLD_BARS"":0,""WT_TF_15M_ENABLED"":true}"
EMA_TF_5M_ENABLED,STRATEGY_CAUSAL,declared strategy/catalog/live-path setting,INERT,no value changes execution at 15m,QUICK_CONFIG,QUICK_CONFIG,True,True,False,False,False,False,D,BASE_TF,true,False,-681.320744832172,-681.320744832172,0.0,0.0,0,0.0,0.0,0.0,4f53cda18c2baa0c0354bb5f9a3ecbe5ed12ab4d8e11ba873c2f11161202b945,4f53cda18c2baa0c0354bb5f9a3ecbe5ed12ab4d8e11ba873c2f11161202b945,False,trades 0 < 30,"{""BASE_TF"":""D"",""COOLDOWN_BARS"":0,""EMA_TF_5M_ENABLED"":true,""MIN_HOLD_BARS"":0,""WT_TF_15M_ENABLED"":true}"
WT_TF_5M_ENABLED,STRATEGY_CAUSAL,declared strategy/catalog/live-path setting,INERT,no value changes execution at 1h,QUICK_CONFIG,QUICK_CONFIG,True,True,False,False,False,False,5m,BASE_TF,false,False,-676.9457953731244,-676.9457953731244,0.0,4.374949459047591,16,2.52,0.04480777709356657,1.3432274024065172,8d5b08b79cfa31ce07aae2f2eec811cdc211662ed8587329712558b8a9f77218,8d5b08b79cfa31ce07aae2f2eec811cdc211662ed8587329712558b8a9f77218,False,trades 16 < 30,"{""BASE_TF"":""5m"",""COOLDOWN_BARS"":0,""MIN_HOLD_BARS"":0,""WT_TF_15M_ENABLED"":true,""WT_TF_5M_ENABLED"":false}"
WT_TF_5M_ENABLED,STRATEGY_CAUSAL,declared strategy/catalog/live-path setting,INERT,no value changes execution at 1h,QUICK_CONFIG,QUICK_CONFIG,True,True,False,False,False,False,5m,BASE_TF,true,True,-676.3747083578982,-676.9457953731244,0.571087015226226,4.946036474273815,31,24.2,3.3376190630392024,-0.008081742111399948,d2e44458f38dc138d2ccda263e7470a55af4a7ac5a0858e85c40ff972c1e5f3a,8d5b08b79cfa31ce07aae2f2eec811cdc211662ed8587329712558b8a9f77218,True,,"{""BASE_TF"":""5m"",""COOLDOWN_BARS"":0,""MIN_HOLD_BARS"":0,""WT_TF_15M_ENABLED"":true,""WT_TF_5M_ENABLED"":true}"
WT_TF_5M_ENABLED,STRATEGY_CAUSAL,declared strategy/catalog/live-path setting,INERT,no value changes execution at 1h,QUICK_CONFIG,QUICK_CONFIG,True,True,False,False,False,False,15m,BASE_TF,false,False,-680.3410937642334,-680.3410937642334,0.0,0.9796510679385846,1,0.47,0.0,0.0,eb977fd2f7ac80dc7bc228882bd491b1643bd415d25a5d48f05cffaec966d6d7,eb977fd2f7ac80dc7bc228882bd491b1643bd415d25a5d48f05cffaec966d6d7,False,trades 1 < 30,"{""BASE_TF"":""15m"",""COOLDOWN_BARS"":0,""MIN_HOLD_BARS"":0,""WT_TF_15M_ENABLED"":true,""WT_TF_5M_ENABLED"":false}"
WT_TF_5M_ENABLED,STRATEGY_CAUSAL,declared strategy/catalog/live-path setting,INERT,no value changes execution at 1h,QUICK_CONFIG,QUICK_CONFIG,True,True,False,False,False,False,15m,BASE_TF,true,True,-679.885559187253,-680.3410937642334,0.4555345769804262,1.435185644918994,3,0.73,0.0,3.051870236335584,810c53be85637ef153262db6eae91c7e381ce43b0ab3c94cce3c065c601f3291,eb977fd2f7ac80dc7bc228882bd491b1643bd415d25a5d48f05cffaec966d6d7,False,trades 3 < 30,"{""BASE_TF"":""15m"",""COOLDOWN_BARS"":0,""MIN_HOLD_BARS"":0,""WT_TF_15M_ENABLED"":true,""WT_TF_5M_ENABLED"":true}"
WT_TF_5M_ENABLED,STRATEGY_CAUSAL,declared strategy/catalog/live-path setting,INERT,no value changes execution at 1h,QUICK_CONFIG,QUICK_CONFIG,True,True,False,False,False,False,1h,BASE_TF,false,False,-681.320744832172,-681.320744832172,0.0,0.0,0,0.0,0.0,0.0,4f53cda18c2baa0c0354bb5f9a3ecbe5ed12ab4d8e11ba873c2f11161202b945,4f53cda18c2baa0c0354bb5f9a3ecbe5ed12ab4d8e11ba873c2f11161202b945,False,trades 0 < 30,"{""BASE_TF"":""1h"",""COOLDOWN_BARS"":0,""MIN_HOLD_BARS"":0,""WT_TF_15M_ENABLED"":true,""WT_TF_5M_ENABLED"":false}"
WT_TF_5M_ENABLED,STRATEGY_CAUSAL,declared strategy/catalog/live-path setting,INERT,no value changes execution at 1h,QUICK_CONFIG,QUICK_CONFIG,True,True,False,False,False,False,1h,BASE_TF,true,False,-681.320744832172,-681.320744832172,0.0,0.0,0,0.0,0.0,0.0,4f53cda18c2baa0c0354bb5f9a3ecbe5ed12ab4d8e11ba873c2f11161202b945,4f53cda18c2baa0c0354bb5f9a3ecbe5ed12ab4d8e11ba873c2f11161202b945,False,trades 0 < 30,"{""BASE_TF"":""1h"",""COOLDOWN_BARS"":0,""MIN_HOLD_BARS"":0,""WT_TF_15M_ENABLED"":true,""WT_TF_5M_ENABLED"":true}"
WT_TF_5M_ENABLED,STRATEGY_CAUSAL,declared strategy/catalog/live-path setting,INERT,no value changes execution at 1h,QUICK_CONFIG,QUICK_CONFIG,True,True,False,False,False,False,4h,BASE_TF,false,False,-681.320744832172,-681.320744832172,0.0,0.0,0,0.0,0.0,0.0,4f53cda18c2baa0c0354bb5f9a3ecbe5ed12ab4d8e11ba873c2f11161202b945,4f53cda18c2baa0c0354bb5f9a3ecbe5ed12ab4d8e11ba873c2f11161202b945,False,trades 0 < 30,"{""BASE_TF"":""4h"",""COOLDOWN_BARS"":0,""MIN_HOLD_BARS"":0,""WT_TF_15M_ENABLED"":true,""WT_TF_5M_ENABLED"":false}"
WT_TF_5M_ENABLED,STRATEGY_CAUSAL,declared strategy/catalog/live-path setting,INERT,no value changes execution at 1h,QUICK_CONFIG,QUICK_CONFIG,True,True,False,False,False,False,4h,BASE_TF,true,False,-681.320744832172,-681.320744832172,0.0,0.0,0,0.0,0.0,0.0,4f53cda18c2baa0c0354bb5f9a3ecbe5ed12ab4d8e11ba873c2f11161202b945,4f53cda18c2baa0c0354bb5f9a3ecbe5ed12ab4d8e11ba873c2f11161202b945,False,trades 0 < 30,"{""BASE_TF"":""4h"",""COOLDOWN_BARS"":0,""MIN_HOLD_BARS"":0,""WT_TF_15M_ENABLED"":true,""WT_TF_5M_ENABLED"":true}"
WT_TF_5M_ENABLED,STRATEGY_CAUSAL,declared strategy/catalog/live-path setting,INERT,no value changes execution at 1h,QUICK_CONFIG,QUICK_CONFIG,True,True,False,False,False,False,D,BASE_TF,false,False,-681.320744832172,-681.320744832172,0.0,0.0,0,0.0,0.0,0.0,4f53cda18c2baa0c0354bb5f9a3ecbe5ed12ab4d8e11ba873c2f11161202b945,4f53cda18c2baa0c0354bb5f9a3ecbe5ed12ab4d8e11ba873c2f11161202b945,False,trades 0 < 30,"{""BASE_TF"":""D"",""COOLDOWN_BARS"":0,""MIN_HOLD_BARS"":0,""WT_TF_15M_ENABLED"":true,""WT_TF_5M_ENABLED"":false}"
WT_TF_5M_ENABLED,STRATEGY_CAUSAL,declared strategy/catalog/live-path setting,INERT,no value changes execution at 1h,QUICK_CONFIG,QUICK_CONFIG,True,True,False,False,False,False,D,BASE_TF,true,False,-681.320744832172,-681.320744832172,0.0,0.0,0,0.0,0.0,0.0,4f53cda18c2baa0c0354bb5f9a3ecbe5ed12ab4d8e11ba873c2f11161202b945,4f53cda18c2baa0c0354bb5f9a3ecbe5ed12ab4d8e11ba873c2f11161202b945,False,trades 0 < 30,"{""BASE_TF"":""D"",""COOLDOWN_BARS"":0,""MIN_HOLD_BARS"":0,""WT_TF_15M_ENABLED"":true,""WT_TF_5M_ENABLED"":true}"
