rank,key,symbol,side,status,strategy_return_pct,bh_return_pct,alpha_vs_bh_pp,alpha_vs_bh_per_month_pp,real_close_trades,tim_pct,entry_family,exit_family,source_receipt,blockers
1,AMAT_SHORT,AMAT,SHORT,CHEAP_SHARED_ROUTE_CANARY_CANDIDATE,34.39844851007532,-102.66359895159927,137.06204746167458,17.194789381739383,124,12.170304,ENTRY_CLASSIC_FORMATION_WEDGE,EXIT_CLASSIC_FORMATION_WEDGE,data/reports/vec_research/capacity_cohort_classic_formations_positive_combo_20260803/campaign_receipt.json,DIRECT_ENTRY_GATE_MASK_NOT_PROVEN
2,AXON_SHORT,AXON,SHORT,CHEAP_SHARED_ROUTE_CANARY_CANDIDATE,137.1867823233615,6.651017850035599,130.5357644733259,16.874745780462693,86,16.003539,ENTRY_CLASSIC_FORMATION_TREND_STRUCTURE,EXIT_CLASSIC_FORMATION_TREND_STRUCTURE,data/reports/vec_research/capacity_cohort_classic_formations_gate_aware_v2_20260803/campaign_receipt.json,DIRECT_ENTRY_GATE_MASK_NOT_PROVEN
3,WPM_SHORT,WPM,SHORT,CHEAP_SHARED_ROUTE_CANARY_CANDIDATE,70.46431453975472,-0.8477914497772765,71.312105989532,9.211935176897104,106,6.858238,ENTRY_CLASSIC_FORMATION_CUP_HANDLE,EXIT_CLASSIC_FORMATION_TREND_STRUCTURE,data/reports/vec_research/capacity_cohort_classic_formations_gate_aware_v4_20260803/campaign_receipt.json,DIRECT_ENTRY_GATE_MASK_NOT_PROVEN
4,AGCO_SHORT,AGCO,SHORT,CHEAP_SHARED_ROUTE_CANARY_CANDIDATE,45.83213552643333,-14.190870881781294,60.02300640821463,7.76645324104637,36,9.96487,ENTRY_CLASSIC_FORMATION_TREND_STRUCTURE,EXIT_CLASSIC_FORMATION_WEDGE,data/reports/vec_research/capacity_cohort_classic_formations_gate_aware_v2_20260803/campaign_receipt.json,DIRECT_ENTRY_GATE_MASK_NOT_PROVEN
5,ALB_SHORT,ALB,SHORT,CHEAP_SHARED_ROUTE_CANARY_CANDIDATE,70.31623481547281,11.132685092332382,59.18354972314043,7.6459846561397296,113,7.498563,ENTRY_CLASSIC_FORMATION_CUP_HANDLE,EXIT_CLASSIC_FORMATION_WEDGE,data/reports/vec_research/capacity_cohort_classic_formations_gate_aware_v4_20260803/campaign_receipt.json,DIRECT_ENTRY_GATE_MASK_NOT_PROVEN
6,ORCL_SHORT,ORCL,SHORT,CHEAP_SHARED_ROUTE_CANARY_CANDIDATE,100.27016028313714,42.83343075975459,57.43672952338255,7.419436362593706,177,21.989066,ENTRY_CLASSIC_FORMATION_TREND_STRUCTURE,EXIT_CLASSIC_FORMATION_WEDGE,data/reports/vec_research/capacity_cohort_classic_formations_positive_combo_20260803/campaign_receipt.json,DIRECT_ENTRY_GATE_MASK_NOT_PROVEN
7,QRVO_LONG,QRVO,LONG,CHEAP_SHARED_ROUTE_CANARY_CANDIDATE,54.62151914213431,6.090862242267642,48.53065689986667,6.096585531444987,16,2.808828,ENTRY_CLASSIC_FORMATION_TREND_STRUCTURE,EXIT_CLASSIC_FORMATION_TREND_STRUCTURE,data/reports/vec_research/capacity_cohort_classic_formations_gate_aware_v2_20260803/campaign_receipt.json,DIRECT_ENTRY_GATE_MASK_NOT_PROVEN
8,NOC_SHORT,NOC,SHORT,CHEAP_SHARED_ROUTE_CANARY_CANDIDATE,45.31022786493165,5.347763677986276,39.96246418694537,5.166142563122346,65,8.060877,ENTRY_CLASSIC_FORMATION_WEDGE,EXIT_CLASSIC_FORMATION_WEDGE,data/reports/vec_research/capacity_cohort_classic_formations_gate_aware_v4_20260803/campaign_receipt.json,DIRECT_ENTRY_GATE_MASK_NOT_PROVEN
9,RGLD_SHORT,RGLD,SHORT,CHEAP_SHARED_ROUTE_CANARY_CANDIDATE,41.46545314297735,2.8870620219747116,38.57839112100264,4.987069598836607,81,7.762752,ENTRY_CLASSIC_FORMATION_TREND_STRUCTURE,EXIT_CLASSIC_FORMATION_TREND_STRUCTURE,data/reports/vec_research/capacity_cohort_classic_formations_gate_aware_v2_20260803/campaign_receipt.json,DIRECT_ENTRY_GATE_MASK_NOT_PROVEN
10,NEM_SHORT,NEM,SHORT,CHEAP_SHARED_ROUTE_CANARY_CANDIDATE,31.277163203979327,-2.2450252058410842,33.52218840982041,4.330319829066987,107,7.886826,ENTRY_CLASSIC_FORMATION_CUP_HANDLE,EXIT_CLASSIC_FORMATION_TREND_STRUCTURE,data/reports/vec_research/capacity_cohort_classic_formations_gate_aware_v4_20260803/campaign_receipt.json,DIRECT_ENTRY_GATE_MASK_NOT_PROVEN
11,TDG_SHORT,TDG,SHORT,CHEAP_SHARED_ROUTE_CANARY_CANDIDATE,37.02535428691432,8.799855539057987,28.225498747856335,3.6511631500119326,73,6.107783,ENTRY_CLASSIC_FORMATION_CUP_HANDLE,EXIT_CLASSIC_FORMATION_WEDGE,data/reports/vec_research/capacity_cohort_classic_formations_gate_aware_v2_20260803/campaign_receipt.json,DIRECT_ENTRY_GATE_MASK_NOT_PROVEN
12,HII_SHORT,HII,SHORT,CHEAP_SHARED_ROUTE_CANARY_CANDIDATE,36.77653836031827,8.76148145680002,28.01505690351825,3.624743381149223,71,6.078139,ENTRY_CLASSIC_FORMATION_TREND_STRUCTURE,EXIT_CLASSIC_FORMATION_TREND_STRUCTURE,data/reports/vec_research/capacity_cohort_classic_formations_gate_aware_v4_20260803/campaign_receipt.json,DIRECT_ENTRY_GATE_MASK_NOT_PROVEN
13,COE_SHORT,COE,SHORT,CHEAP_SHARED_ROUTE_CANARY_CANDIDATE,81.38871915492192,57.90238131568545,23.486337839236462,2.952167904597813,18,4.069459,ENTRY_CLASSIC_FORMATION_TREND_STRUCTURE,EXIT_CLASSIC_FORMATION_WEDGE,data/reports/vec_research/capacity_cohort_classic_formations_gate_aware_v2_20260803/campaign_receipt.json,DIRECT_ENTRY_GATE_MASK_NOT_PROVEN
14,VALE_SHORT,VALE,SHORT,CHEAP_SHARED_ROUTE_CANARY_CANDIDATE,5.316737231968766,-16.703509423611894,22.02024665558066,2.8454477163657548,64,9.444559,ENTRY_CLASSIC_FORMATION_HEAD_SHOULDERS,EXIT_CLASSIC_FORMATION_WEDGE,data/reports/vec_research/capacity_cohort_classic_formations_gate_aware_v2_20260803/campaign_receipt.json,DIRECT_ENTRY_GATE_MASK_NOT_PROVEN
15,GDX_SHORT,GDX,SHORT,CHEAP_SHARED_ROUTE_CANARY_CANDIDATE,22.20952228455227,9.542335446496075,12.667186838056196,1.6362941869763283,111,10.49793,ENTRY_CLASSIC_FORMATION_DOUBLE_TOP_BOTTOM,EXIT_CLASSIC_FORMATION_CUP_HANDLE,data/reports/vec_research/capacity_cohort_classic_formations_gate_aware_v4_20260803/campaign_receipt.json,DIRECT_ENTRY_GATE_MASK_NOT_PROVEN
16,OLED_SHORT,OLED,SHORT,CHEAP_SHARED_ROUTE_CANARY_CANDIDATE,35.61157850652015,32.98956243386176,2.62201607265839,0.3392659988918263,85,9.178131,ENTRY_CLASSIC_FORMATION_TREND_STRUCTURE,EXIT_CLASSIC_FORMATION_TREND_STRUCTURE,data/reports/vec_research/capacity_cohort_classic_formations_gate_aware_v4_20260803/campaign_receipt.json,DIRECT_ENTRY_GATE_MASK_NOT_PROVEN
17,INTC_LONG,INTC,LONG,BLOCKED,1200.3392617433221,139.3439234002749,1060.9953383430473,157.53192980886095,16,61.05036647900318,ENTRY_BOUNCE_5M_LOW,BOTTOM_B_DELAYED_LOWER_TOP_EXTENDED,data/reports/vec_research/capacity_cohort13_long_20260802/campaign_receipt.json,CAPACITY_GATE|LIFECYCLE_ALL_FOLDS_GATE|CLAMPS_PRESENT|LIFECYCLE_ALL_FOLDS_NOT_STRICT
18,USAR_LONG,USAR,LONG,BLOCKED,584.4784714288223,13.467053410587095,571.0114180182352,84.78126846795139,41,54.86266894525436,ENTRY_STOCH_HHHL,BOTTOM_A_PROTECTIVE_TRAIL_EXTENDED,data/reports/vec_research/capacity_cohort11_long_20260802/campaign_receipt.json,LIFECYCLE_ALL_FOLDS_GATE|LIFECYCLE_ALL_FOLDS_NOT_STRICT
19,CDE_SHORT,CDE,SHORT,BLOCKED,367.9013655371391,-96.9960045967033,464.8973701338424,76.90387882309146,164,33.59096599440025,ENTRY_1H_TURN_UP,BOTTOM_A_PROTECTIVE_TRAIL_EXTENDED,data/reports/vec_research/path_hotlist_20260801/full_v2/campaign_receipt.json,CAPACITY_GATE|TIM_GATE|LIFECYCLE_ALL_FOLDS_GATE|CLAMPS_PRESENT|LIFECYCLE_ALL_FOLDS_NOT_STRICT
20,UUUU_SHORT,UUUU,SHORT,BLOCKED,413.4134486257936,26.38298125666704,387.03046736912654,57.46458463681848,15,70.4705292395241,ENTRY_4H_DEEP_VALUE,BOTTOM_A_PROTECTIVE_TRAIL_EXTENDED,data/reports/vec_research/capacity_failed_retry_02_short_20260802/campaign_receipt.json,CAPACITY_GATE|LIFECYCLE_ALL_FOLDS_GATE|CLAMPS_PRESENT|LIFECYCLE_ALL_FOLDS_NOT_STRICT
21,TXN_LONG,TXN,LONG,BLOCKED,392.7271275586135,59.415287379205814,333.3118401794077,49.488678709564496,14,64.29728460220403,ENTRY_WT_DC,BOTTOM_B_DELAYED_LOWER_TOP_EXTENDED,data/reports/vec_research/capacity_failed_retry_17_long_20260802/campaign_receipt.json,CAPACITY_GATE|LIFECYCLE_ALL_FOLDS_GATE|CLAMPS_PRESENT|LIFECYCLE_ALL_FOLDS_NOT_STRICT
22,NKE_SHORT,NKE,SHORT,BLOCKED,355.3368649259981,34.79420393630825,320.54266098968986,47.592767043286266,14,65.640684556302,ENTRY_BOUNCE_5M_LOW,BOTTOM_A_PROTECTIVE_TRAIL_EXTENDED,data/reports/vec_research/capacity_failed_retry_14_short_20260802/campaign_receipt.json,CAPACITY_GATE|LIFECYCLE_ALL_FOLDS_GATE|CLAMPS_PRESENT|LIFECYCLE_ALL_FOLDS_NOT_STRICT
23,RBLX_SHORT,RBLX,SHORT,BLOCKED,297.4242670271303,41.562216320969554,255.86205070616077,37.98927399204277,43,58.51049254572442,ENTRY_BB_RECOVERY,BOTTOM_A_PROTECTIVE_TRAIL_EXTENDED,data/reports/vec_research/capacity_frontier_20240711_20260801_v2_short_0d6ae3f126fc/campaign_receipt.json,LIFECYCLE_ALL_FOLDS_GATE|LIFECYCLE_ALL_FOLDS_NOT_STRICT
24,CLF_SHORT,CLF,SHORT,BLOCKED,146.84398959484307,-78.03508463522134,224.87907423006442,37.19976533629123,163,69.13307085944342,ENTRY_BOUNCE_5M_LOW,BOTTOM_A_PROTECTIVE_TRAIL_EXTENDED,data/reports/vec_research/path_hotlist_20260801/full_v2/campaign_receipt.json,LIFECYCLE_ALL_FOLDS_GATE|LIFECYCLE_ALL_FOLDS_NOT_STRICT
25,FIVN_LONG,FIVN,LONG,BLOCKED,165.24554591622783,-24.023417490647898,189.2689634068757,31.309098226612935,126,16.958852124653962,ENTRY_LADDER_GREEN,BOTTOM_A_PROTECTIVE_TRAIL_EXTENDED,data/reports/vec_research/path_hotlist_20260801/full_v2/campaign_receipt.json,TIM_GATE|LIFECYCLE_ALL_FOLDS_GATE|LIFECYCLE_ALL_FOLDS_NOT_STRICT
26,MOS_SHORT,MOS,SHORT,BLOCKED,200.17477060773865,7.453111048131796,192.72165955960685,28.614465916319674,32,78.87350000082127,ENTRY_BOUNCE_5M_LOW,BOTTOM_A_PROTECTIVE_TRAIL_EXTENDED,data/reports/vec_research/capacity_failed_retry_14_short_20260802/campaign_receipt.json,LIFECYCLE_ALL_FOLDS_GATE|LIFECYCLE_ALL_FOLDS_NOT_STRICT
27,BG_LONG,BG,LONG,BLOCKED,198.193112717233,35.90197914754298,162.29113356969,24.096275014767997,19,71.4715449899825,ENTRY_BB_RECOVERY,EXIT_MTF_ATR_TRAIL,data/reports/vec_research/capacity_cohort17_nearmiss_long_20260802/campaign_receipt.json,LIFECYCLE_ALL_FOLDS_GATE|LIFECYCLE_ALL_FOLDS_NOT_STRICT
28,NXE_SHORT,NXE,SHORT,BLOCKED,138.85531886844058,-2.4344984575632695,141.28981732600386,18.263876761137077,209,20.463326,ENTRY_CLASSIC_FORMATION_TREND_STRUCTURE,EXIT_CLASSIC_FORMATION_TREND_STRUCTURE,data/reports/vec_research/capacity_cohort_classic_formations_positive_combo_20260803/campaign_receipt.json,LIFECYCLE_ALL_FOLDS_NOT_STRICT
29,RDDT_SHORT,RDDT,SHORT,BLOCKED,142.17826845766376,27.25522635091119,114.92304210675258,17.06326875182576,30,57.18215434610915,ENTRY_LONG_WAIT_ENABLED,BOTTOM_A_PROTECTIVE_TRAIL_EXTENDED,data/reports/vec_research/capacity_cohort14_short_20260802/campaign_receipt.json,LIFECYCLE_ALL_FOLDS_GATE|LIFECYCLE_ALL_FOLDS_NOT_STRICT
30,ACN_SHORT,ACN,SHORT,BLOCKED,106.9857590187734,10.05444747253134,96.93131154624206,16.034493452112734,30,59.15996554690231,ENTRY_BB_RECOVERY,BOTTOM_A_PROTECTIVE_TRAIL_EXTENDED,data/reports/vec_research/path_hotlist_20260801/full_v2/campaign_receipt.json,LIFECYCLE_ALL_FOLDS_GATE|LIFECYCLE_ALL_FOLDS_NOT_STRICT
31,USAR_SHORT,USAR,SHORT,BLOCKED,83.45554292645012,-13.694214621829182,97.1497575482793,14.42436948963781,98,26.594359725299157,ENTRY_1H_TURN_UP,BOTTOM_A_PROTECTIVE_TRAIL_EXTENDED,data/reports/vec_research/capacity_cohort11_short_20260802/campaign_receipt.json,CAPACITY_GATE|TIM_GATE|LIFECYCLE_ALL_FOLDS_GATE|CLAMPS_PRESENT|LIFECYCLE_ALL_FOLDS_NOT_STRICT
32,FANG_LONG,FANG,LONG,BLOCKED,95.91652651094147,9.444501982705436,86.47202452823603,14.304305687924913,36,27.27482355351885,ENTRY_DELTA_MTF,BOTTOM_B_DELAYED_LOWER_TOP_EXTENDED,data/reports/vec_research/path_hotlist_20260801/full_v2/campaign_receipt.json,CAPACITY_GATE|TIM_GATE|LIFECYCLE_ALL_FOLDS_GATE|CLAMPS_PRESENT|LIFECYCLE_ALL_FOLDS_NOT_STRICT
33,TECK_SHORT,TECK,SHORT,BLOCKED,47.938732087015715,-40.31246231216511,88.25119439918083,11.406811708982882,77,8.24683,ENTRY_CLASSIC_FORMATION_DOUBLE_TOP_BOTTOM,EXIT_CLASSIC_FORMATION_DOUBLE_TOP_BOTTOM,data/reports/vec_research/capacity_cohort_classic_formations_gate_aware_v2_20260803/campaign_receipt.json,LIFECYCLE_ALL_FOLDS_NOT_STRICT
34,AEM_SHORT,AEM,SHORT,BLOCKED,101.68732531953749,16.58805352628063,85.09927179325686,10.998926861679514,87,11.193843,ENTRY_CLASSIC_FORMATION_TREND_STRUCTURE,EXIT_CLASSIC_FORMATION_TREND_STRUCTURE,data/reports/vec_research/capacity_cohort_classic_formations_gate_aware_v2_20260803/campaign_receipt.json,LIFECYCLE_ALL_FOLDS_NOT_STRICT
35,FNV_SHORT,FNV,SHORT,BLOCKED,62.17485802316769,-3.199027947640944,65.37388597080863,9.706427581641403,114,25.57252355814003,ENTRY_LADDER_GREEN,BOTTOM_A_PROTECTIVE_TRAIL_EXTENDED,data/reports/vec_research/capacity_cohort7_short_20260802/campaign_receipt.json,CAPACITY_GATE|TIM_GATE|LIFECYCLE_ALL_FOLDS_GATE|CLAMPS_PRESENT|LIFECYCLE_ALL_FOLDS_NOT_STRICT
36,AAPL_LONG,AAPL,LONG,BLOCKED,84.98295086905773,21.2490328317769,63.73391803728083,9.462932342730417,31,50.93197053804843,ENTRY_BOUNCE_15M_LOW,BOTTOM_A_PROTECTIVE_TRAIL_EXTENDED,data/reports/vec_research/capacity_cohort16_nearmiss_long_20260802/campaign_receipt.json,LIFECYCLE_ALL_FOLDS_GATE|LIFECYCLE_ALL_FOLDS_NOT_STRICT
37,LDOS_SHORT,LDOS,SHORT,BLOCKED,107.88359823478751,41.208741202847065,66.67485703194045,8.627144664668922,90,17.20346,ENTRY_CLASSIC_FORMATION_DOUBLE_TOP_BOTTOM,EXIT_CLASSIC_FORMATION_CUP_HANDLE,data/reports/vec_research/capacity_cohort_classic_formations_gate_aware_v2_20260803/campaign_receipt.json,LIFECYCLE_ALL_FOLDS_NOT_STRICT
38,AGI_SHORT,AGI,SHORT,BLOCKED,79.03517864724854,23.392551275642262,55.64262737160628,8.261573027430567,32,55.524068890000244,ENTRY_LADDER_GREEN,BOTTOM_A_PROTECTIVE_TRAIL_EXTENDED,data/reports/vec_research/capacity_frontier_20240711_20260801_v2_short_0d6ae3f126fc/campaign_receipt.json,LIFECYCLE_ALL_FOLDS_GATE|DIRECT_ENTRY_GATE_MASK_NOT_PROVEN
39,CMC_SHORT,CMC,SHORT,BLOCKED,5.713478335446507,-42.73690900098784,48.45038733643435,8.014721003003917,19,7.262074940246538,ENTRY_WT_DC,BOTTOM_A_PROTECTIVE_TRAIL_EXTENDED,data/reports/vec_research/path_hotlist_20260801/full_v2/campaign_receipt.json,TIM_GATE|LIFECYCLE_ALL_FOLDS_GATE|LIFECYCLE_ALL_FOLDS_NOT_STRICT
40,OKE_LONG,OKE,LONG,BLOCKED,28.434719113499888,-9.703586055217283,38.13830516871717,6.308884041156679,70,40.50839152442356,ENTRY_LADDER_GREEN,BOTTOM_A_PROTECTIVE_TRAIL_EXTENDED,data/reports/vec_research/path_hotlist_20260801/full_v2/campaign_receipt.json,TIM_GATE|LIFECYCLE_ALL_FOLDS_GATE|LIFECYCLE_ALL_FOLDS_NOT_STRICT
41,GOOGL_LONG,GOOGL,LONG,BLOCKED,35.80117832599844,0.00846983963541304,35.79270848636303,5.314344217334999,32,56.37991369790857,ENTRY_BOUNCE_15M_LOW,BOTTOM_A_PROTECTIVE_TRAIL_EXTENDED,data/reports/vec_research/capacity_cohort11_long_20260802/campaign_receipt.json,LIFECYCLE_ALL_FOLDS_GATE|LIFECYCLE_ALL_FOLDS_NOT_STRICT
42,AAPL_SHORT,AAPL,SHORT,BLOCKED,3.73861492801468,-20.140657925420978,23.87927285343566,3.084624538884145,121,32.324899,ENTRY_CLASSIC_FORMATION_TREND_STRUCTURE,EXIT_CLASSIC_FORMATION_TRIANGLE,data/reports/vec_research/capacity_cohort_classic_formations_positive_combo_20260803/campaign_receipt.json,LIFECYCLE_ALL_FOLDS_NOT_STRICT
43,FCX_SHORT,FCX,SHORT,BLOCKED,-1.7232899056166389,-15.967172770210027,14.243882864593388,2.3562401341905503,12,56.40656528478911,ENTRY_GOLDEN_RULE,BOTTOM_A_PROTECTIVE_TRAIL_EXTENDED,data/reports/vec_research/path_hotlist_20260801/full_v2/campaign_receipt.json,LIFECYCLE_ALL_FOLDS_GATE|LIFECYCLE_ALL_FOLDS_NOT_STRICT
44,LAC_SHORT,LAC,SHORT,BLOCKED,67.14083257372205,49.35617632685251,17.784656246869538,2.297347469976251,66,30.068817,ENTRY_CLASSIC_FORMATION_WEDGE,EXIT_CLASSIC_FORMATION_WEDGE,data/reports/vec_research/capacity_cohort_classic_formations_gate_aware_v4_20260803/campaign_receipt.json,LIFECYCLE_ALL_FOLDS_NOT_STRICT
45,IBIT_SHORT,IBIT,SHORT,BLOCKED,43.8131916481916,28.83325270103682,14.979938947154778,1.894837661949449,112,11.271122,ENTRY_CLASSIC_FORMATION_WEDGE,EXIT_CLASSIC_FORMATION_WEDGE,data/reports/vec_research/capacity_cohort_classic_formations_gate_aware_v2_20260803/campaign_receipt.json,LIFECYCLE_ALL_FOLDS_NOT_STRICT
46,NVDA_LONG,NVDA,LONG,BLOCKED,26.721804541889377,19.357932932945353,7.363871608944024,1.2181404461806182,55,28.785358015544794,ENTRY_LADDER_GREEN,BOTTOM_A_PROTECTIVE_TRAIL_EXTENDED,data/reports/vec_research/path_hotlist_20260801/full_v2/campaign_receipt.json,LIFECYCLE_ALL_FOLDS_GATE|LIFECYCLE_ALL_FOLDS_NOT_STRICT
47,AG_SHORT,AG,SHORT,BLOCKED,0.8089465767491948,-6.778887550805358,7.587834127554553,0.9801646595561988,65,6.448476,ENTRY_CLASSIC_FORMATION_DOUBLE_TOP_BOTTOM,EXIT_CLASSIC_FORMATION_WEDGE,data/reports/vec_research/capacity_cohort_classic_formations_gate_aware_v4_20260803/campaign_receipt.json,LIFECYCLE_ALL_FOLDS_NOT_STRICT
48,DIS_SHORT,DIS,SHORT,BLOCKED,11.578664855006569,9.249432268905283,2.329232586101286,0.30088051826179796,86,12.002476,ENTRY_CLASSIC_FORMATION_WEDGE,EXIT_CLASSIC_FORMATION_DOUBLE_TOP_BOTTOM,data/reports/vec_research/capacity_cohort_classic_formations_gate_aware_v4_20260803/campaign_receipt.json,LIFECYCLE_ALL_FOLDS_NOT_STRICT
