Batch_ID,Gate_Status,Workers,Switch_Count,Witness_Target,Native_Base_TF,Audit_TFs,Family,Switches,Command,Disjointness_Key
S1Q-0001,HOLD_DO_NOT_LAUNCH,24,24,BTCUSDC_LONG,3m,3m|15m|1h|4h|D,ABLATION_DISABLE_AGGRESSIVE|ABLATION_DISABLE_AUGMENTATION|ABLATION_DISABLE_CHECK|ABLATION_DISABLE_DC|ABLATION_DISABLE_ENTRY|ABLATION_DISABLE_HEDGE|ABLATION_DISABLE_HIGH|ABLATION_DISABLE_PERIODIC|ABLATION_DISABLE_QUICK|ABLATION_DISABLE_RATIO|ABLATION_DISABLE_REENTRY|ABLATION_DISABLE_SPIKE|ADAPTIVE_REGIME|ADX_TRENDING|AI_PREMARKET|ALIGNMENT_GATE|ALIGNMENT_GATE_TOTAL|ATR,ABLATION_DISABLE_AGGRESSIVE_HEDGE|ABLATION_DISABLE_AUGMENTATION|ABLATION_DISABLE_CHECK_NOLOSS|ABLATION_DISABLE_DC_BREACH_REDUCE|ABLATION_DISABLE_ENTRY_LEADERBOARD|ABLATION_DISABLE_ENTRY_RANKING|ABLATION_DISABLE_ENTRY_REVERSAL|ABLATION_DISABLE_ENTRY_TECHNICAL|ABLATION_DISABLE_HEDGE|ABLATION_DISABLE_HIGH_GAIN_AUGMENT|ABLATION_DISABLE_PERIODIC_REENTRY|ABLATION_DISABLE_QUICK_ENTRY|ABLATION_DISABLE_QUICK_EXIT|ABLATION_DISABLE_RATIO_REBALANCE|ABLATION_DISABLE_REENTRY|ABLATION_DISABLE_REENTRY_ENFORCE|ABLATION_DISABLE_SPIKE_FADE_EXIT|ADAPTIVE_REGIME_ENABLED|ADX_TRENDING_THRESHOLD|AI_PREMARKET_ENABLED_TRC|AI_PREMARKET_TRADINGVIEW_ENABLED|ALIGNMENT_GATE_MIN|ALIGNMENT_GATE_TOTAL|ATR_LONG_WINDOW,"python3 tools/switch_tf_uniqueness.py --symside BTCUSDC_LONG --window-days 365 --workers 24 --audit-tfs 3m,15m,1h,4h,D --switches ABLATION_DISABLE_AGGRESSIVE_HEDGE,ABLATION_DISABLE_AUGMENTATION,ABLATION_DISABLE_CHECK_NOLOSS,ABLATION_DISABLE_DC_BREACH_REDUCE,ABLATION_DISABLE_ENTRY_LEADERBOARD,ABLATION_DISABLE_ENTRY_RANKING,ABLATION_DISABLE_ENTRY_REVERSAL,ABLATION_DISABLE_ENTRY_TECHNICAL,ABLATION_DISABLE_HEDGE,ABLATION_DISABLE_HIGH_GAIN_AUGMENT,ABLATION_DISABLE_PERIODIC_REENTRY,ABLATION_DISABLE_QUICK_ENTRY,ABLATION_DISABLE_QUICK_EXIT,ABLATION_DISABLE_RATIO_REBALANCE,ABLATION_DISABLE_REENTRY,ABLATION_DISABLE_REENTRY_ENFORCE,ABLATION_DISABLE_SPIKE_FADE_EXIT,ADAPTIVE_REGIME_ENABLED,ADX_TRENDING_THRESHOLD,AI_PREMARKET_ENABLED_TRC,AI_PREMARKET_TRADINGVIEW_ENABLED,ALIGNMENT_GATE_MIN,ALIGNMENT_GATE_TOTAL,ATR_LONG_WINDOW --out data/reports/BTCUSDC_LONG_S1Q-0001_SWITCH_TF_UNIQUENESS.csv --summary-out data/reports/BTCUSDC_LONG_S1Q-0001_SWITCH_TF_UNIQUENESS_SUMMARY.csv --status data/reports/BTCUSDC_LONG_S1Q-0001_SWITCH_TF_UNIQUENESS.status.json",6aa6744fd44a2c13ee9f5150b10ee7d6b8692a000d86e360b176963d4881181b
S1Q-0002,HOLD_DO_NOT_LAUNCH,24,24,BTCUSDC_LONG,3m,3m|15m|1h|4h|D,ATR|ATR_ADAPTIVE_SIZING|ATR_ADAPTIVE_STOP|ATR_PARITY_EQUITY|ATR_PARITY_QTY|ATR_PARITY_USE|ATR_TRAIL_2X|AUGMENT|AUGMENTATION_COOLDOWN|BAND_ARROW|BAND_SLOPE_SIZING,ATR_TRAIL_ENABLED|ATR_ADAPTIVE_STOP_TF|ATR_ADAPTIVE_SIZING_ENABLED|ATR_ADAPTIVE_SIZING_TARGET_PCT|ATR_ADAPTIVE_STOP_ENABLED|ATR_ADAPTIVE_STOP_MULT|ATR_PARITY_EQUITY_BASE_USD|ATR_PARITY_QTY_CAP_MULT|ATR_PARITY_USE_DAILY|ATR_TRAIL_2X_EXIT_ENABLED|AUGMENT_GAIN_GT_3PCT_ENABLED|AUGMENT_PYRAMID_ENABLED|AUGMENT_RALLY_MIN_GAIN_PCT|AUGMENT_WT15_CROSS_GAIN_GT_2_ENABLED|AUGMENT_WT15_MIN_GAIN_PCT|AUGMENT_BLOWPAST_ENABLED|AUGMENT_HTF_TREND_ENABLED|AUGMENT_WT_3TF_ENABLED|AUGMENT_WT_CROSS_ENABLED|BOUNCE_AUGMENT_PAPER|LH_HL_FILTER_AUGMENT_GATE_ENABLED|AUGMENTATION_COOLDOWN_SECONDS|BAND_ARROW_ACCUMULATE|BAND_SLOPE_SIZING_V2_DEPTH_GAIN,"python3 tools/switch_tf_uniqueness.py --symside BTCUSDC_LONG --window-days 365 --workers 24 --audit-tfs 3m,15m,1h,4h,D --switches ATR_TRAIL_ENABLED,ATR_ADAPTIVE_STOP_TF,ATR_ADAPTIVE_SIZING_ENABLED,ATR_ADAPTIVE_SIZING_TARGET_PCT,ATR_ADAPTIVE_STOP_ENABLED,ATR_ADAPTIVE_STOP_MULT,ATR_PARITY_EQUITY_BASE_USD,ATR_PARITY_QTY_CAP_MULT,ATR_PARITY_USE_DAILY,ATR_TRAIL_2X_EXIT_ENABLED,AUGMENT_GAIN_GT_3PCT_ENABLED,AUGMENT_PYRAMID_ENABLED,AUGMENT_RALLY_MIN_GAIN_PCT,AUGMENT_WT15_CROSS_GAIN_GT_2_ENABLED,AUGMENT_WT15_MIN_GAIN_PCT,AUGMENT_BLOWPAST_ENABLED,AUGMENT_HTF_TREND_ENABLED,AUGMENT_WT_3TF_ENABLED,AUGMENT_WT_CROSS_ENABLED,BOUNCE_AUGMENT_PAPER,LH_HL_FILTER_AUGMENT_GATE_ENABLED,AUGMENTATION_COOLDOWN_SECONDS,BAND_ARROW_ACCUMULATE,BAND_SLOPE_SIZING_V2_DEPTH_GAIN --out data/reports/BTCUSDC_LONG_S1Q-0002_SWITCH_TF_UNIQUENESS.csv --summary-out data/reports/BTCUSDC_LONG_S1Q-0002_SWITCH_TF_UNIQUENESS_SUMMARY.csv --status data/reports/BTCUSDC_LONG_S1Q-0002_SWITCH_TF_UNIQUENESS.status.json",9cb980a7a9a1b886fc397bba3c8facb27c3f4475b177bf9972ac4bd6de186cce
S1Q-0003,HOLD_DO_NOT_LAUNCH,24,24,BTCUSDC_LONG,3m,3m|15m|1h|4h|D,BAND_SLOPE_SIZING|BAND_SLOPE_SIZING_V2|BASIS_CONDITION|BB|BB_BREAKOUT|BB_BREAKOUT_SCORE|BB_ENTRY_LONG|BB_FROZEN_STOP|BB_PULLBACK_GATE|BB_RSI_STOCH|BB_RSI_STOCH_SCALP|BB_SQUEEZE|BB_SQUEEZE_COOLDOWN,BAND_SLOPE_SIZING_V2_ENABLED|BAND_SLOPE_SIZING_V2_MAX|BAND_SLOPE_SIZING_V2_MIN|BAND_SLOPE_SIZING_V2_SLOPE_NORM_PCT_DAY|BAND_SLOPE_SIZING_V2_TF|BASIS_CONDITION|BB_PCTB_ENTRY_ENABLED|BB_RECOVERY_ENABLED|BB_RECOVERY_ENTRY_ENABLED|BB_BREAKOUT_ENABLED|BB_BREAKOUT_TF|BB_BREAKOUT_SCORE|BB_ENTRY_LONG_THRESHOLD|BB_FROZEN_STOP_ENABLED|BB_PULLBACK_GATE_ENABLED|BB_PULLBACK_GATE_LONG_MAX|BB_RSI_STOCH_BB_MAX|BB_RSI_STOCH_K_MAX|BB_RSI_STOCH_RSI_MAX|BB_RSI_STOCH_SCALP_ENABLED|BB_RSI_STOCH_SCALP_SCORE|BB_RSI_STOCH_SCALP_TF|BB_SQUEEZE_ENABLED|BB_SQUEEZE_COOLDOWN,"python3 tools/switch_tf_uniqueness.py --symside BTCUSDC_LONG --window-days 365 --workers 24 --audit-tfs 3m,15m,1h,4h,D --switches BAND_SLOPE_SIZING_V2_ENABLED,BAND_SLOPE_SIZING_V2_MAX,BAND_SLOPE_SIZING_V2_MIN,BAND_SLOPE_SIZING_V2_SLOPE_NORM_PCT_DAY,BAND_SLOPE_SIZING_V2_TF,BASIS_CONDITION,BB_PCTB_ENTRY_ENABLED,BB_RECOVERY_ENABLED,BB_RECOVERY_ENTRY_ENABLED,BB_BREAKOUT_ENABLED,BB_BREAKOUT_TF,BB_BREAKOUT_SCORE,BB_ENTRY_LONG_THRESHOLD,BB_FROZEN_STOP_ENABLED,BB_PULLBACK_GATE_ENABLED,BB_PULLBACK_GATE_LONG_MAX,BB_RSI_STOCH_BB_MAX,BB_RSI_STOCH_K_MAX,BB_RSI_STOCH_RSI_MAX,BB_RSI_STOCH_SCALP_ENABLED,BB_RSI_STOCH_SCALP_SCORE,BB_RSI_STOCH_SCALP_TF,BB_SQUEEZE_ENABLED,BB_SQUEEZE_COOLDOWN --out data/reports/BTCUSDC_LONG_S1Q-0003_SWITCH_TF_UNIQUENESS.csv --summary-out data/reports/BTCUSDC_LONG_S1Q-0003_SWITCH_TF_UNIQUENESS_SUMMARY.csv --status data/reports/BTCUSDC_LONG_S1Q-0003_SWITCH_TF_UNIQUENESS.status.json",70fe7f1c973fbea777a386d14fd68042a29639a6804123e30036dac3a96bfe97
S1Q-0004,HOLD_DO_NOT_LAUNCH,24,24,BTCUSDC_LONG,3m,3m|15m|1h|4h|D,BB_SQUEEZE_ENTRY|BB_SQUEEZE_MIN|BB_SQUEEZE_THRESHOLD|BB_SQUEEZE_WIDTH|BOUNCE_AUGMENT|BOUNCE_AUGMENT_DC|BOUNCE_AUGMENT_K|BOUNCE_AUGMENT_MIN|BOUNCE_TOP_MAX|BOUNCE_TOP_MIN|BOUNCE_TOP_REENTRY|BREAKEVEN_DC_LOW4|BREAKEVEN_EXIT|BREAKEVEN_EXIT_AFTER|BREAKEVEN_GRACE|BREAKOUT_GUARD_LOSS|BREAKOUT_MULTI|BREAKOUT_RETEST_ARMED,BB_SQUEEZE_ENTRY_ENABLED|BB_SQUEEZE_MIN_ALIGNMENT|BB_SQUEEZE_THRESHOLD_15M|BB_SQUEEZE_THRESHOLD_1H|BB_SQUEEZE_WIDTH_PERCENTILE|BOUNCE_AUGMENT_ENABLED|BOUNCE_AUGMENT_DC_LOW_D_TOLERANCE|BOUNCE_AUGMENT_K_D_CROSSING_UP|BOUNCE_AUGMENT_K_D_THRESHOLD|BOUNCE_AUGMENT_MIN_LOSS_PCT|BOUNCE_TOP_MAX_LOSS_PCT|BOUNCE_TOP_MIN_HOLD_MINUTES|BOUNCE_TOP_MIN_LOSS_PCT|BOUNCE_TOP_REENTRY_MULT|BREAKEVEN_DC_LOW4_ENABLED|BREAKEVEN_EXIT_REQUIRE_WT15M_STRUCTURE|BREAKEVEN_EXIT_AFTER_BARS_ENABLED|BREAKEVEN_GRACE_MINUTES|BREAKOUT_GUARD_LOSS_THRESHOLD|BREAKOUT_MULTI_LUNG_ENABLED|BREAKOUT_RETEST_ARMED_ENABLED|BREAKOUT_RETEST_ARMED_HTF_STACK_MIN|BREAKOUT_RETEST_ARMED_K_3M_PREV_MAX|BREAKOUT_RETEST_ARMED_RETEST_ATR_MULT,"python3 tools/switch_tf_uniqueness.py --symside BTCUSDC_LONG --window-days 365 --workers 24 --audit-tfs 3m,15m,1h,4h,D --switches BB_SQUEEZE_ENTRY_ENABLED,BB_SQUEEZE_MIN_ALIGNMENT,BB_SQUEEZE_THRESHOLD_15M,BB_SQUEEZE_THRESHOLD_1H,BB_SQUEEZE_WIDTH_PERCENTILE,BOUNCE_AUGMENT_ENABLED,BOUNCE_AUGMENT_DC_LOW_D_TOLERANCE,BOUNCE_AUGMENT_K_D_CROSSING_UP,BOUNCE_AUGMENT_K_D_THRESHOLD,BOUNCE_AUGMENT_MIN_LOSS_PCT,BOUNCE_TOP_MAX_LOSS_PCT,BOUNCE_TOP_MIN_HOLD_MINUTES,BOUNCE_TOP_MIN_LOSS_PCT,BOUNCE_TOP_REENTRY_MULT,BREAKEVEN_DC_LOW4_ENABLED,BREAKEVEN_EXIT_REQUIRE_WT15M_STRUCTURE,BREAKEVEN_EXIT_AFTER_BARS_ENABLED,BREAKEVEN_GRACE_MINUTES,BREAKOUT_GUARD_LOSS_THRESHOLD,BREAKOUT_MULTI_LUNG_ENABLED,BREAKOUT_RETEST_ARMED_ENABLED,BREAKOUT_RETEST_ARMED_HTF_STACK_MIN,BREAKOUT_RETEST_ARMED_K_3M_PREV_MAX,BREAKOUT_RETEST_ARMED_RETEST_ATR_MULT --out data/reports/BTCUSDC_LONG_S1Q-0004_SWITCH_TF_UNIQUENESS.csv --summary-out data/reports/BTCUSDC_LONG_S1Q-0004_SWITCH_TF_UNIQUENESS_SUMMARY.csv --status data/reports/BTCUSDC_LONG_S1Q-0004_SWITCH_TF_UNIQUENESS.status.json",baf957b5d21a80f7947ecaaf4dc0165451b6074f4f1814cf6b52950e582e568c
S1Q-0005,HOLD_DO_NOT_LAUNCH,24,24,BTCUSDC_LONG,3m,3m|15m|1h|4h|D,BREAKOUT_RETEST_ARMED|BREAKOUT_SIZE_EMA200|BREAKOUT_SIZE_LADDER|BREAKOUT_SIZE_MAX|BROKER_PREFLIGHT_MAX|CATALYST_VOLUME|CATALYST_VOLUME_GATE|CHOP_RANGING|CHOP_TRENDING|CIRCUIT_BREAKER|CLENOW|CLENOW_GATE|CLENOW_GATE_MIN|CLENOW_MIN_SCORE|CLENOW_POSITION_SIZE|CLENOW_REGIME_FILTER|CLOSE_ZONE_SIZE|CONFLUENCE_MIN|CONFLUENCE_MODE,BREAKOUT_RETEST_ARMED_VOLUME_MULT|BREAKOUT_SIZE_EMA200_T1_MULT|BREAKOUT_SIZE_EMA200_T1_PCT|BREAKOUT_SIZE_EMA200_T2_MULT|BREAKOUT_SIZE_EMA200_T2_PCT|BREAKOUT_SIZE_EMA200_T3_MULT|BREAKOUT_SIZE_EMA200_T3_PCT|BREAKOUT_SIZE_LADDER_ENABLED|BREAKOUT_SIZE_MAX_MULT|BROKER_PREFLIGHT_MAX_SAME_SIDE_QTY|CATALYST_VOLUME_RATIO|CATALYST_VOLUME_GATE_ENABLED|CHOP_RANGING_THRESHOLD|CHOP_TRENDING_THRESHOLD|CIRCUIT_BREAKER_ENABLED|CLENOW_ENABLED|CLENOW_GATE_ENABLED|CLENOW_GATE_MIN_SCORE|CLENOW_MIN_SCORE|CLENOW_POSITION_SIZE|CLENOW_REGIME_FILTER|CLOSE_ZONE_SIZE_MULT|CONFLUENCE_MIN_BLOCKS|CONFLUENCE_MODE_ENABLED,"python3 tools/switch_tf_uniqueness.py --symside BTCUSDC_LONG --window-days 365 --workers 24 --audit-tfs 3m,15m,1h,4h,D --switches BREAKOUT_RETEST_ARMED_VOLUME_MULT,BREAKOUT_SIZE_EMA200_T1_MULT,BREAKOUT_SIZE_EMA200_T1_PCT,BREAKOUT_SIZE_EMA200_T2_MULT,BREAKOUT_SIZE_EMA200_T2_PCT,BREAKOUT_SIZE_EMA200_T3_MULT,BREAKOUT_SIZE_EMA200_T3_PCT,BREAKOUT_SIZE_LADDER_ENABLED,BREAKOUT_SIZE_MAX_MULT,BROKER_PREFLIGHT_MAX_SAME_SIDE_QTY,CATALYST_VOLUME_RATIO,CATALYST_VOLUME_GATE_ENABLED,CHOP_RANGING_THRESHOLD,CHOP_TRENDING_THRESHOLD,CIRCUIT_BREAKER_ENABLED,CLENOW_ENABLED,CLENOW_GATE_ENABLED,CLENOW_GATE_MIN_SCORE,CLENOW_MIN_SCORE,CLENOW_POSITION_SIZE,CLENOW_REGIME_FILTER,CLOSE_ZONE_SIZE_MULT,CONFLUENCE_MIN_BLOCKS,CONFLUENCE_MODE_ENABLED --out data/reports/BTCUSDC_LONG_S1Q-0005_SWITCH_TF_UNIQUENESS.csv --summary-out data/reports/BTCUSDC_LONG_S1Q-0005_SWITCH_TF_UNIQUENESS_SUMMARY.csv --status data/reports/BTCUSDC_LONG_S1Q-0005_SWITCH_TF_UNIQUENESS.status.json",4f25ceac3f0177e70d8b64be8c0b998262602c664912c4ac87d66320c48f2cb8
S1Q-0006,HOLD_DO_NOT_LAUNCH,24,24,BTCUSDC_LONG,3m,3m|15m|1h|4h|D,CONGRESS_CONVICTION_MIN|CONGRESS_CONVICTION_SIZING|CONNORS_RSI|CONNORS_RSI2|CONNORS_RSI2_REQUIRE|CONNORS_RSI_ENTRY|CONNORS_RSI_EXIT|CONNORS_RSI_MAX|CONNORS_RSI_POSITION|CONVICTION_SIZING|COOLDOWN_BARS|COUNTER_TREND_ADD|COUNTER_TREND_SMA200|CRYPTO_FH|CRYPTO_ROUND|CT_15M_MOMENTUM|CT_CHOP_4H|CT_DC_CROSSOVER|CT_MFI_15M|CT_REL_VOL|CT_STOCH_K,CONGRESS_CONVICTION_MIN_SOURCES|CONGRESS_CONVICTION_SIZING_BOOST|CONNORS_RSI_ENABLED|CONNORS_RSI2_THRESHOLD|CONNORS_RSI2_REQUIRE_ABOVE_200SMA|CONNORS_RSI_ENTRY_THRESHOLD|CONNORS_RSI_EXIT_THRESHOLD|CONNORS_RSI_MAX_HOLD_DAYS|CONNORS_RSI_POSITION_SIZE|CONVICTION_SIZING_ENABLED|CONVICTION_SIZING_MAX|COOLDOWN_BARS|COUNTER_TREND_ADD_BLOCK_ENABLED|COUNTER_TREND_SMA200_BYPASS_ENABLED|CRYPTO_FH_MOMENTUM_DC_CONFIRM|CRYPTO_FH_MOMENTUM_ENABLED|CRYPTO_ROUND_TRIP_COMMISSION_PCT|CT_15M_MOMENTUM_GATE_ENABLED|CT_CHOP_4H_GATE_ENABLED|CT_CHOP_4H_MAX|CT_DC_CROSSOVER_SKIP_ENABLED|CT_MFI_15M_LONG_MIN|CT_REL_VOL_MIN|CT_STOCH_K_15M_LONG_MIN,"python3 tools/switch_tf_uniqueness.py --symside BTCUSDC_LONG --window-days 365 --workers 24 --audit-tfs 3m,15m,1h,4h,D --switches CONGRESS_CONVICTION_MIN_SOURCES,CONGRESS_CONVICTION_SIZING_BOOST,CONNORS_RSI_ENABLED,CONNORS_RSI2_THRESHOLD,CONNORS_RSI2_REQUIRE_ABOVE_200SMA,CONNORS_RSI_ENTRY_THRESHOLD,CONNORS_RSI_EXIT_THRESHOLD,CONNORS_RSI_MAX_HOLD_DAYS,CONNORS_RSI_POSITION_SIZE,CONVICTION_SIZING_ENABLED,CONVICTION_SIZING_MAX,COOLDOWN_BARS,COUNTER_TREND_ADD_BLOCK_ENABLED,COUNTER_TREND_SMA200_BYPASS_ENABLED,CRYPTO_FH_MOMENTUM_DC_CONFIRM,CRYPTO_FH_MOMENTUM_ENABLED,CRYPTO_ROUND_TRIP_COMMISSION_PCT,CT_15M_MOMENTUM_GATE_ENABLED,CT_CHOP_4H_GATE_ENABLED,CT_CHOP_4H_MAX,CT_DC_CROSSOVER_SKIP_ENABLED,CT_MFI_15M_LONG_MIN,CT_REL_VOL_MIN,CT_STOCH_K_15M_LONG_MIN --out data/reports/BTCUSDC_LONG_S1Q-0006_SWITCH_TF_UNIQUENESS.csv --summary-out data/reports/BTCUSDC_LONG_S1Q-0006_SWITCH_TF_UNIQUENESS_SUMMARY.csv --status data/reports/BTCUSDC_LONG_S1Q-0006_SWITCH_TF_UNIQUENESS.status.json",9c23e6b2438ca2095b9de86f57babce7ce4be9fa3ccb8e05887edc00ae86d506
S1Q-0007,HOLD_DO_NOT_LAUNCH,24,24,BTCUSDC_LONG,3m,3m|15m|1h|4h|D,CT_VOLUME_SURGE|CT_WT_VELOCITY|CYCLE_TP|CYCLE_TP_CONDITIONAL|CYCLE_TP_TIERED|DC4_STOP_GR|DC_BREAKOUT|DC_BREAK_GR|DC_BREAK_LOW|DC_DAYTRADE|DC_DAYTRADE_BUFFER|DC_DAYTRADE_K|DC_DAYTRADE_LONG|DC_DAYTRADE_MAX|DC_DAYTRADE_PRE,CT_VOLUME_SURGE_GATE_ENABLED|CT_WT_VELOCITY_1H_MIN|CT_WT_VELOCITY_GATE_ENABLED|CYCLE_TP_PCT|CYCLE_TP_CONDITIONAL_EXIT|CYCLE_TP_TIERED_ENABLED|CYCLE_TP_TIERED_FRAC|DC4_STOP_GR_HEDGE_OVERRIDE_ENABLED|DC_BREAKOUT_ENTRY_ENABLED|DC_BREAKOUT_SCORE|DC_BREAKOUT_TF|DC_BREAK_GR_MULT_BREAKOUT|DC_BREAK_GR_MULT_ENABLED|DC_BREAK_GR_MULT_RETEST|DC_BREAK_GR_RETEST_TOLERANCE_PCT|DC_BREAK_LOW_REQUIRE_HTF_ENABLED|DC_BREAK_LOW_REQUIRE_HTF_MIN_TFS|DC_DAYTRADE_ENABLED|DC_DAYTRADE_BUFFER|DC_DAYTRADE_K_EXHAUSTED_LONG|DC_DAYTRADE_LONG_BUDGET|DC_DAYTRADE_MAX_HOLD_MINUTES|DC_DAYTRADE_MAX_POSITION_SIZE|DC_DAYTRADE_PRE_CLOSE_MINUTES,"python3 tools/switch_tf_uniqueness.py --symside BTCUSDC_LONG --window-days 365 --workers 24 --audit-tfs 3m,15m,1h,4h,D --switches CT_VOLUME_SURGE_GATE_ENABLED,CT_WT_VELOCITY_1H_MIN,CT_WT_VELOCITY_GATE_ENABLED,CYCLE_TP_PCT,CYCLE_TP_CONDITIONAL_EXIT,CYCLE_TP_TIERED_ENABLED,CYCLE_TP_TIERED_FRAC,DC4_STOP_GR_HEDGE_OVERRIDE_ENABLED,DC_BREAKOUT_ENTRY_ENABLED,DC_BREAKOUT_SCORE,DC_BREAKOUT_TF,DC_BREAK_GR_MULT_BREAKOUT,DC_BREAK_GR_MULT_ENABLED,DC_BREAK_GR_MULT_RETEST,DC_BREAK_GR_RETEST_TOLERANCE_PCT,DC_BREAK_LOW_REQUIRE_HTF_ENABLED,DC_BREAK_LOW_REQUIRE_HTF_MIN_TFS,DC_DAYTRADE_ENABLED,DC_DAYTRADE_BUFFER,DC_DAYTRADE_K_EXHAUSTED_LONG,DC_DAYTRADE_LONG_BUDGET,DC_DAYTRADE_MAX_HOLD_MINUTES,DC_DAYTRADE_MAX_POSITION_SIZE,DC_DAYTRADE_PRE_CLOSE_MINUTES --out data/reports/BTCUSDC_LONG_S1Q-0007_SWITCH_TF_UNIQUENESS.csv --summary-out data/reports/BTCUSDC_LONG_S1Q-0007_SWITCH_TF_UNIQUENESS_SUMMARY.csv --status data/reports/BTCUSDC_LONG_S1Q-0007_SWITCH_TF_UNIQUENESS.status.json",71d04b8a9031c0f99356ec478b7937b5b09456a741bd3ca606711e9dab4bc54d
S1Q-0008,HOLD_DO_NOT_LAUNCH,24,24,BTCUSDC_LONG,3m,3m|15m|1h|4h|D,DC_DAYTRADE_REQUIRE|DC_DAYTRADE_START|DC_DAYTRADE_STOCH|DC_DAYTRADE_STOP|DC_DAYTRADE_TARGET|DC_EDGE_SIZING|DC_LOW4_STOP|DC_LOW_FROZEN|DC_LOW_STOP|DC_POSITION_ENTRY|DC_RECOVERY_EXIT|DC_TIER|DC_TIER4_BAR|DC_WIDTH_CAP|DD_KELLY|DD_KELLY_TIER1,DC_DAYTRADE_REQUIRE_1H_EXPANSION|DC_DAYTRADE_START_SIZE|DC_DAYTRADE_STOCH_FILTER|DC_DAYTRADE_STOP_PCT|DC_DAYTRADE_TARGET_PCT|DC_EDGE_SIZING_ENABLED|DC_EDGE_SIZING_MAX_MULT|DC_EDGE_SIZING_MIN_MULT|DC_EDGE_SIZING_PERIOD|DC_LOW4_STOP_ENABLED|DC_LOW_FROZEN_STOP_ENABLED|DC_LOW_FROZEN_STOP_FLOOR_PCT|DC_LOW_FROZEN_STOP_USE_4BAR|DC_LOW_STOP_ENABLED|DC_POSITION_ENTRY_THRESHOLD|DC_RECOVERY_EXIT_ENABLED|DC_RECOVERY_EXIT_TOLERANCE_ATR_MULT|DC_RECOVERY_EXIT_TOLERANCE_PCT|DC_TIER_AUG_ENABLED|DC_TIER4_BAR_MATURITY_BLOCK|DC_TIER4_BAR_MATURITY_BLOCK_ENABLED|DC_WIDTH_CAP_MULT|DD_KELLY_ENABLED|DD_KELLY_TIER1_PCT,"python3 tools/switch_tf_uniqueness.py --symside BTCUSDC_LONG --window-days 365 --workers 24 --audit-tfs 3m,15m,1h,4h,D --switches DC_DAYTRADE_REQUIRE_1H_EXPANSION,DC_DAYTRADE_START_SIZE,DC_DAYTRADE_STOCH_FILTER,DC_DAYTRADE_STOP_PCT,DC_DAYTRADE_TARGET_PCT,DC_EDGE_SIZING_ENABLED,DC_EDGE_SIZING_MAX_MULT,DC_EDGE_SIZING_MIN_MULT,DC_EDGE_SIZING_PERIOD,DC_LOW4_STOP_ENABLED,DC_LOW_FROZEN_STOP_ENABLED,DC_LOW_FROZEN_STOP_FLOOR_PCT,DC_LOW_FROZEN_STOP_USE_4BAR,DC_LOW_STOP_ENABLED,DC_POSITION_ENTRY_THRESHOLD,DC_RECOVERY_EXIT_ENABLED,DC_RECOVERY_EXIT_TOLERANCE_ATR_MULT,DC_RECOVERY_EXIT_TOLERANCE_PCT,DC_TIER_AUG_ENABLED,DC_TIER4_BAR_MATURITY_BLOCK,DC_TIER4_BAR_MATURITY_BLOCK_ENABLED,DC_WIDTH_CAP_MULT,DD_KELLY_ENABLED,DD_KELLY_TIER1_PCT --out data/reports/BTCUSDC_LONG_S1Q-0008_SWITCH_TF_UNIQUENESS.csv --summary-out data/reports/BTCUSDC_LONG_S1Q-0008_SWITCH_TF_UNIQUENESS_SUMMARY.csv --status data/reports/BTCUSDC_LONG_S1Q-0008_SWITCH_TF_UNIQUENESS.status.json",7e3ac14424b38d982a39ea6d57c8e0832980bd60be1d1bd19ee3912e80aa86fa
S1Q-0009,HOLD_DO_NOT_LAUNCH,24,24,BTCUSDC_LONG,3m,3m|15m|1h|4h|D,DD_KELLY_TIER2|DD_KELLY_TIER3|DELTA_ATR_ENTRY|DELTA_COOLDOWN|DELTA_ENGINE|DELTA_ENTRY|DELTA_ENTRY_ACCEL|DELTA_ENTRY_Z|DELTA_EXIT|DELTA_EXIT_ACCEL|DELTA_EXIT_DC|DELTA_EXIT_DECAY|DELTA_EXIT_MIN|DELTA_EXIT_OPPOSING|DELTA_EXIT_OVERRIDE|DELTA_EXIT_REENTRY|DELTA_EXIT_REQUIRE|DELTA_EXIT_WT|DELTA_GATE_AUGMENT|DELTA_GATE_BB|DELTA_GATE_DC|DELTA_GATE_GUARANTEED|DELTA_GATE_HEDGE,DD_KELLY_TIER2_PCT|DD_KELLY_TIER3_PCT|DELTA_ATR_ENTRY_FILTER|DELTA_COOLDOWN_BARS|DELTA_ENGINE_ENABLED|DELTA_ENTRY_ENABLED|DELTA_ENTRY_ACCEL_THRESHOLD|DELTA_ENTRY_Z_THRESHOLD|DELTA_EXIT_ENABLED|DELTA_EXIT_ACCEL_THRESHOLD|DELTA_EXIT_DC_FLOOR|DELTA_EXIT_DECAY_RATIO|DELTA_EXIT_MIN_HOLD|DELTA_EXIT_MIN_TF_LOST|DELTA_EXIT_OPPOSING_RATIO|DELTA_EXIT_OVERRIDE_NOLOSS|DELTA_EXIT_REENTRY_COOLDOWN_MIN|DELTA_EXIT_REQUIRE_NONZERO_SCORE|DELTA_EXIT_WT_CROSS|DELTA_GATE_AUGMENT|DELTA_GATE_BB_SQUEEZE|DELTA_GATE_DC_BREAKOUT|DELTA_GATE_GUARANTEED_REENTRY|DELTA_GATE_HEDGE_OPEN,"python3 tools/switch_tf_uniqueness.py --symside BTCUSDC_LONG --window-days 365 --workers 24 --audit-tfs 3m,15m,1h,4h,D --switches DD_KELLY_TIER2_PCT,DD_KELLY_TIER3_PCT,DELTA_ATR_ENTRY_FILTER,DELTA_COOLDOWN_BARS,DELTA_ENGINE_ENABLED,DELTA_ENTRY_ENABLED,DELTA_ENTRY_ACCEL_THRESHOLD,DELTA_ENTRY_Z_THRESHOLD,DELTA_EXIT_ENABLED,DELTA_EXIT_ACCEL_THRESHOLD,DELTA_EXIT_DC_FLOOR,DELTA_EXIT_DECAY_RATIO,DELTA_EXIT_MIN_HOLD,DELTA_EXIT_MIN_TF_LOST,DELTA_EXIT_OPPOSING_RATIO,DELTA_EXIT_OVERRIDE_NOLOSS,DELTA_EXIT_REENTRY_COOLDOWN_MIN,DELTA_EXIT_REQUIRE_NONZERO_SCORE,DELTA_EXIT_WT_CROSS,DELTA_GATE_AUGMENT,DELTA_GATE_BB_SQUEEZE,DELTA_GATE_DC_BREAKOUT,DELTA_GATE_GUARANTEED_REENTRY,DELTA_GATE_HEDGE_OPEN --out data/reports/BTCUSDC_LONG_S1Q-0009_SWITCH_TF_UNIQUENESS.csv --summary-out data/reports/BTCUSDC_LONG_S1Q-0009_SWITCH_TF_UNIQUENESS_SUMMARY.csv --status data/reports/BTCUSDC_LONG_S1Q-0009_SWITCH_TF_UNIQUENESS.status.json",7afe34039f7168a02f4c9fe67a81219475412886ab59a95edcea9fec5f8aedd7
S1Q-0010,HOLD_DO_NOT_LAUNCH,24,24,BTCUSDC_LONG,3m,3m|15m|1h|4h|D,DELTA_GATE_OPEN|DELTA_GATE_RATIO|DELTA_GATE_REENTRY|DELTA_GATE_SBA|DELTA_GATE_STDEV|DELTA_GATE_VOL|DELTA_MAX_HOLD|DELTA_PYRAMID|DELTA_PYRAMID_ACCEL|DELTA_PYRAMID_MIN|DELTA_REENTRY_MIN|DELTA_REENTRY_REQUIRE|DELTA_REENTRY_Z|DELTA_SERVICE|DELTA_TF_Z|DG_DAILY_LOSS|DG_HIGH_VOLATILITY|DG_HTF_ALIGN|DG_MAX_FORCE|DG_MOMENTUM_BLOCK,DELTA_GATE_OPEN|DELTA_GATE_RATIO_REBALANCE|DELTA_GATE_REENTRY|DELTA_GATE_SBA|DELTA_GATE_STDEV_BREAKOUT|DELTA_GATE_VOL_SPIKE|DELTA_MAX_HOLD_BARS|DELTA_PYRAMID_ENABLED|DELTA_PYRAMID_ACCEL_THRESHOLD|DELTA_PYRAMID_MIN_BARS|DELTA_REENTRY_MIN_TF|DELTA_REENTRY_REQUIRE_NOT_EXITING|DELTA_REENTRY_Z_THRESHOLD|DELTA_SERVICE_BLEED_STOP|DELTA_SERVICE_REDUCE_GATE|DELTA_SERVICE_TRAILING_STOP|DELTA_TF_Z_THRESHOLD|DG_DAILY_LOSS_BLOCK_LONG_PCT|DG_HIGH_VOLATILITY_ATR_PCT|DG_HTF_ALIGN_REQUIRE_1H|DG_HTF_ALIGN_REQUIRE_4H|DG_HTF_ALIGN_REQUIRE_D|DG_MAX_FORCE_OPEN_NOTIONAL_USD|DG_MOMENTUM_BLOCK_RSI15M_FOR_LONG,"python3 tools/switch_tf_uniqueness.py --symside BTCUSDC_LONG --window-days 365 --workers 24 --audit-tfs 3m,15m,1h,4h,D --switches DELTA_GATE_OPEN,DELTA_GATE_RATIO_REBALANCE,DELTA_GATE_REENTRY,DELTA_GATE_SBA,DELTA_GATE_STDEV_BREAKOUT,DELTA_GATE_VOL_SPIKE,DELTA_MAX_HOLD_BARS,DELTA_PYRAMID_ENABLED,DELTA_PYRAMID_ACCEL_THRESHOLD,DELTA_PYRAMID_MIN_BARS,DELTA_REENTRY_MIN_TF,DELTA_REENTRY_REQUIRE_NOT_EXITING,DELTA_REENTRY_Z_THRESHOLD,DELTA_SERVICE_BLEED_STOP,DELTA_SERVICE_REDUCE_GATE,DELTA_SERVICE_TRAILING_STOP,DELTA_TF_Z_THRESHOLD,DG_DAILY_LOSS_BLOCK_LONG_PCT,DG_HIGH_VOLATILITY_ATR_PCT,DG_HTF_ALIGN_REQUIRE_1H,DG_HTF_ALIGN_REQUIRE_4H,DG_HTF_ALIGN_REQUIRE_D,DG_MAX_FORCE_OPEN_NOTIONAL_USD,DG_MOMENTUM_BLOCK_RSI15M_FOR_LONG --out data/reports/BTCUSDC_LONG_S1Q-0010_SWITCH_TF_UNIQUENESS.csv --summary-out data/reports/BTCUSDC_LONG_S1Q-0010_SWITCH_TF_UNIQUENESS_SUMMARY.csv --status data/reports/BTCUSDC_LONG_S1Q-0010_SWITCH_TF_UNIQUENESS.status.json",2a3403beaa5d618bbeb388c7cd546dbcfe54e95d70e0f956ab688268dc07cb25
S1Q-0011,HOLD_DO_NOT_LAUNCH,24,24,BTCUSDC_LONG,3m,3m|15m|1h|4h|D,DG_MOMENTUM_BLOCK|DG_OPPOSITE_SIDE|DG_WT_3M|DISASTER_GUARD|DT_TARGET_ATR|DUP_GUARD_GAIN|DUP_GUARD_USE|DYNAMIC_SCORE_COUNTER|D_TREND|EARNINGS_AVOIDANCE|EMA|EMA200_STOCHRSI,DG_MOMENTUM_BLOCK_RSI1H_FOR_LONG|DG_OPPOSITE_SIDE_PROFIT_BLOCK_PCT|DG_WT_3M_REQUIRE_HTF_CONFIRM|DISASTER_GUARD_ENABLED|DT_TARGET_ATR_ENABLED|DUP_GUARD_GAIN_MULTIPLIER|DUP_GUARD_USE_GAIN_GATE|DYNAMIC_SCORE_COUNTER_EXIT_ENABLED|DYNAMIC_SCORE_COUNTER_EXIT_THRESHOLD|D_TREND_REQUIRED|EARNINGS_AVOIDANCE_ENABLED|EMA_9_21_TIMEFRAME|EMA_SMA_9_21_CROSS_ENABLED|EMA_TF_15M_ENABLED|EMA_TF_1H_ENABLED|EMA_TF_3M_ENABLED|EMA_TF_4H_ENABLED|EMA_TF_5M_ENABLED|EMA_TF_D_ENABLED|EMA_TF_W_ENABLED|EMA200_STOCHRSI_BODY_MULT|EMA200_STOCHRSI_ENABLED|EMA200_STOCHRSI_K_LONG|EMA200_STOCHRSI_SCORE,"python3 tools/switch_tf_uniqueness.py --symside BTCUSDC_LONG --window-days 365 --workers 24 --audit-tfs 3m,15m,1h,4h,D --switches DG_MOMENTUM_BLOCK_RSI1H_FOR_LONG,DG_OPPOSITE_SIDE_PROFIT_BLOCK_PCT,DG_WT_3M_REQUIRE_HTF_CONFIRM,DISASTER_GUARD_ENABLED,DT_TARGET_ATR_ENABLED,DUP_GUARD_GAIN_MULTIPLIER,DUP_GUARD_USE_GAIN_GATE,DYNAMIC_SCORE_COUNTER_EXIT_ENABLED,DYNAMIC_SCORE_COUNTER_EXIT_THRESHOLD,D_TREND_REQUIRED,EARNINGS_AVOIDANCE_ENABLED,EMA_9_21_TIMEFRAME,EMA_SMA_9_21_CROSS_ENABLED,EMA_TF_15M_ENABLED,EMA_TF_1H_ENABLED,EMA_TF_3M_ENABLED,EMA_TF_4H_ENABLED,EMA_TF_5M_ENABLED,EMA_TF_D_ENABLED,EMA_TF_W_ENABLED,EMA200_STOCHRSI_BODY_MULT,EMA200_STOCHRSI_ENABLED,EMA200_STOCHRSI_K_LONG,EMA200_STOCHRSI_SCORE --out data/reports/BTCUSDC_LONG_S1Q-0011_SWITCH_TF_UNIQUENESS.csv --summary-out data/reports/BTCUSDC_LONG_S1Q-0011_SWITCH_TF_UNIQUENESS_SUMMARY.csv --status data/reports/BTCUSDC_LONG_S1Q-0011_SWITCH_TF_UNIQUENESS.status.json",f8dc6c20e20348816d4c5a9b7e65692f6726417dc2739ca466a0a6c8e2c55a0c
S1Q-0012,HOLD_DO_NOT_LAUNCH,24,24,BTCUSDC_LONG,3m,3m|15m|1h|4h|D,EMA200_STOCHRSI|EMA20_SLOPE_ENTRY|EMA_9_21|EMA_DIST_ENTRY|EMA_DIST_LONG|EMA_DIST_SIZING|EMA_PULLBACK|EMERGENCY_BRAKE|ENTRY|ENTRY_ATR_PCT|ENTRY_BOUNCE,EMA200_STOCHRSI_TF|EMA20_SLOPE_ENTRY_ENABLED|EMA_9_21_FILTER_ENABLED|EMA_DIST_ENTRY_ENABLED|EMA_DIST_LONG_THRESHOLD|EMA_DIST_SIZING_ENABLED|EMA_DIST_SIZING_MULT|EMA_PULLBACK_ENABLED|EMA_PULLBACK_SCORE_BONUS|EMA_PULLBACK_TF|EMERGENCY_BRAKE_DC_STOP_ENABLED|K_ZONE_ENTRY_ENABLED|MACD_ZERO_CROSS_ENABLED|MACD_ZERO_CROSS_SCORE|MACD_ZERO_CROSS_TF|BB4H_BREAKOUT_LADDER_ENABLED|BREAKOUT_LEASH_ENABLED|LR_BAND_ENTRY_SIDES|LR_BAND_ENTRY_TF|ENTRY_ATR_PCT_MIN|ENTRY_BOUNCE_DEEP_TURN_COMPOSITE_V1_BOUNCE_DISTANCE|ENTRY_BOUNCE_DEEP_TURN_COMPOSITE_V1_BOUNCE_TIMEFRAME|ENTRY_BOUNCE_DEEP_TURN_COMPOSITE_V1_CONFIRMATION_MIN|ENTRY_BOUNCE_DEEP_TURN_COMPOSITE_V1_DEEP_K4H,"python3 tools/switch_tf_uniqueness.py --symside BTCUSDC_LONG --window-days 365 --workers 24 --audit-tfs 3m,15m,1h,4h,D --switches EMA200_STOCHRSI_TF,EMA20_SLOPE_ENTRY_ENABLED,EMA_9_21_FILTER_ENABLED,EMA_DIST_ENTRY_ENABLED,EMA_DIST_LONG_THRESHOLD,EMA_DIST_SIZING_ENABLED,EMA_DIST_SIZING_MULT,EMA_PULLBACK_ENABLED,EMA_PULLBACK_SCORE_BONUS,EMA_PULLBACK_TF,EMERGENCY_BRAKE_DC_STOP_ENABLED,K_ZONE_ENTRY_ENABLED,MACD_ZERO_CROSS_ENABLED,MACD_ZERO_CROSS_SCORE,MACD_ZERO_CROSS_TF,BB4H_BREAKOUT_LADDER_ENABLED,BREAKOUT_LEASH_ENABLED,LR_BAND_ENTRY_SIDES,LR_BAND_ENTRY_TF,ENTRY_ATR_PCT_MIN,ENTRY_BOUNCE_DEEP_TURN_COMPOSITE_V1_BOUNCE_DISTANCE,ENTRY_BOUNCE_DEEP_TURN_COMPOSITE_V1_BOUNCE_TIMEFRAME,ENTRY_BOUNCE_DEEP_TURN_COMPOSITE_V1_CONFIRMATION_MIN,ENTRY_BOUNCE_DEEP_TURN_COMPOSITE_V1_DEEP_K4H --out data/reports/BTCUSDC_LONG_S1Q-0012_SWITCH_TF_UNIQUENESS.csv --summary-out data/reports/BTCUSDC_LONG_S1Q-0012_SWITCH_TF_UNIQUENESS_SUMMARY.csv --status data/reports/BTCUSDC_LONG_S1Q-0012_SWITCH_TF_UNIQUENESS.status.json",52b0884aac2f9098028d46781b7eaf59abbbb7bedbdd187f49c5f69c4f46e6b7
S1Q-0013,HOLD_DO_NOT_LAUNCH,24,24,BTCUSDC_LONG,3m,3m|15m|1h|4h|D,ENTRY_BOUNCE|ENTRY_BOUNCE_DONCHIAN|ENTRY_STOCH|ENTRY_STOCH_HHHL|ENTRY_STOCH_PARENT|ENTRY_SYMGATE|ENTRY_VOL_MIN|ENTRY_ZONE_LONG|EOD_SLIM_RATIO|EP_POSITION_SIZE|EXIT,ENTRY_BOUNCE_DEEP_TURN_COMPOSITE_V1_ENABLED|ENTRY_BOUNCE_DEEP_TURN_COMPOSITE_V1_SIDE|ENTRY_BOUNCE_DEEP_TURN_COMPOSITE_V1_SYMBOLS|ENTRY_BOUNCE_DEEP_TURN_COMPOSITE_V1_TURN_K1H|ENTRY_BOUNCE_DONCHIAN_DIRECT_CONFIRMATION|ENTRY_BOUNCE_DONCHIAN_DIRECT_DISTANCE|ENTRY_BOUNCE_DONCHIAN_DIRECT_RECOVERY_ONLY|ENTRY_BOUNCE_DONCHIAN_DIRECT_TIMEFRAME|ENTRY_BOUNCE_DONCHIAN_DIRECT_ENABLED|ENTRY_STOCH_HHHL_DIRECT_MIN_CONFIRMING_TFS|ENTRY_STOCH_HHHL_DIRECT_STOCH_THRESHOLD|ENTRY_STOCH_HHHL_DIRECT_TFS|ENTRY_STOCH_PARENT_DIRECT_FAMILY|ENTRY_STOCH_PARENT_DIRECT_THRESHOLD|ENTRY_STOCH_PARENT_DIRECT_TURN_DEFINITION|ENTRY_STOCH_HHHL_DIRECT_ENABLED|ENTRY_STOCH_PARENT_DIRECT_ENABLED|ENTRY_SYMGATE_ENABLED|ENTRY_VOL_MIN_RATIO|ENTRY_ZONE_LONG|EOD_SLIM_RATIO_ENABLED|EP_POSITION_SIZE|BTC_TECH_EXIT_WT_MIN_TFS|MI_EXIT_ENABLED,"python3 tools/switch_tf_uniqueness.py --symside BTCUSDC_LONG --window-days 365 --workers 24 --audit-tfs 3m,15m,1h,4h,D --switches ENTRY_BOUNCE_DEEP_TURN_COMPOSITE_V1_ENABLED,ENTRY_BOUNCE_DEEP_TURN_COMPOSITE_V1_SIDE,ENTRY_BOUNCE_DEEP_TURN_COMPOSITE_V1_SYMBOLS,ENTRY_BOUNCE_DEEP_TURN_COMPOSITE_V1_TURN_K1H,ENTRY_BOUNCE_DONCHIAN_DIRECT_CONFIRMATION,ENTRY_BOUNCE_DONCHIAN_DIRECT_DISTANCE,ENTRY_BOUNCE_DONCHIAN_DIRECT_RECOVERY_ONLY,ENTRY_BOUNCE_DONCHIAN_DIRECT_TIMEFRAME,ENTRY_BOUNCE_DONCHIAN_DIRECT_ENABLED,ENTRY_STOCH_HHHL_DIRECT_MIN_CONFIRMING_TFS,ENTRY_STOCH_HHHL_DIRECT_STOCH_THRESHOLD,ENTRY_STOCH_HHHL_DIRECT_TFS,ENTRY_STOCH_PARENT_DIRECT_FAMILY,ENTRY_STOCH_PARENT_DIRECT_THRESHOLD,ENTRY_STOCH_PARENT_DIRECT_TURN_DEFINITION,ENTRY_STOCH_HHHL_DIRECT_ENABLED,ENTRY_STOCH_PARENT_DIRECT_ENABLED,ENTRY_SYMGATE_ENABLED,ENTRY_VOL_MIN_RATIO,ENTRY_ZONE_LONG,EOD_SLIM_RATIO_ENABLED,EP_POSITION_SIZE,BTC_TECH_EXIT_WT_MIN_TFS,MI_EXIT_ENABLED --out data/reports/BTCUSDC_LONG_S1Q-0013_SWITCH_TF_UNIQUENESS.csv --summary-out data/reports/BTCUSDC_LONG_S1Q-0013_SWITCH_TF_UNIQUENESS_SUMMARY.csv --status data/reports/BTCUSDC_LONG_S1Q-0013_SWITCH_TF_UNIQUENESS.status.json",da37f2326e52928e1e7949610e181497a9484fc78ec220ddb31837b31574625e
S1Q-0014,HOLD_DO_NOT_LAUNCH,24,24,BTCUSDC_LONG,3m,3m|15m|1h|4h|D,EXIT|EXIT_ALGO_SCORE|EXIT_AUTO_REDUCE|EXIT_BOUNCE_TOP|EXIT_CONV_FAIL|EXIT_DC_BREACH|EXIT_DELTA_SPEED|EXIT_GAIN_EROSION|EXIT_GAIN_THRESHOLD|EXIT_HARD_DROP|EXIT_HEDGE|EXIT_HTF_QUICK|EXIT_IBS_EXHAUSTION|EXIT_K5M_BOUNCE|EXIT_MAX|EXIT_MAX_HOLD|EXIT_MI|EXIT_OVERRIDE_REDUCE|EXIT_SCORER_DC|EXIT_SCORER_FULL,DELTA_EXIT_DOM_TF_ENABLED|DELTA_EXIT_SPEED_DECAY|EXIT_ON_ALL|STDEV_BREAKOUT_EXIT_WT_ENABLED|EXIT_ALGO_SCORE_ENABLED|EXIT_AUTO_REDUCE_CROSSUNDER_ENABLED|EXIT_BOUNCE_TOP_ENABLED|EXIT_CONV_FAIL_ENABLED|EXIT_DC_BREACH_REDUCE_ENABLED|EXIT_DELTA_SPEED_ENABLED|EXIT_GAIN_EROSION_ENABLED|EXIT_GAIN_THRESHOLD_MIN|EXIT_HARD_DROP_5M_ENABLED|EXIT_HEDGE_LOSS_KILL_ENABLED|EXIT_HEDGE_ORPHAN_KILL_ENABLED|EXIT_HTF_QUICK_TP_ENABLED|EXIT_IBS_EXHAUSTION_ENABLED|EXIT_K5M_BOUNCE_ENABLED|EXIT_MAX_HOLD_MINUTES|EXIT_MAX_HOLD_ENABLED|EXIT_MI_ENABLED|EXIT_OVERRIDE_REDUCE_DETERIORATED_ENABLED|EXIT_SCORER_DC_EXTREME|EXIT_SCORER_FULL_SCORE,"python3 tools/switch_tf_uniqueness.py --symside BTCUSDC_LONG --window-days 365 --workers 24 --audit-tfs 3m,15m,1h,4h,D --switches DELTA_EXIT_DOM_TF_ENABLED,DELTA_EXIT_SPEED_DECAY,EXIT_ON_ALL,STDEV_BREAKOUT_EXIT_WT_ENABLED,EXIT_ALGO_SCORE_ENABLED,EXIT_AUTO_REDUCE_CROSSUNDER_ENABLED,EXIT_BOUNCE_TOP_ENABLED,EXIT_CONV_FAIL_ENABLED,EXIT_DC_BREACH_REDUCE_ENABLED,EXIT_DELTA_SPEED_ENABLED,EXIT_GAIN_EROSION_ENABLED,EXIT_GAIN_THRESHOLD_MIN,EXIT_HARD_DROP_5M_ENABLED,EXIT_HEDGE_LOSS_KILL_ENABLED,EXIT_HEDGE_ORPHAN_KILL_ENABLED,EXIT_HTF_QUICK_TP_ENABLED,EXIT_IBS_EXHAUSTION_ENABLED,EXIT_K5M_BOUNCE_ENABLED,EXIT_MAX_HOLD_MINUTES,EXIT_MAX_HOLD_ENABLED,EXIT_MI_ENABLED,EXIT_OVERRIDE_REDUCE_DETERIORATED_ENABLED,EXIT_SCORER_DC_EXTREME,EXIT_SCORER_FULL_SCORE --out data/reports/BTCUSDC_LONG_S1Q-0014_SWITCH_TF_UNIQUENESS.csv --summary-out data/reports/BTCUSDC_LONG_S1Q-0014_SWITCH_TF_UNIQUENESS_SUMMARY.csv --status data/reports/BTCUSDC_LONG_S1Q-0014_SWITCH_TF_UNIQUENESS.status.json",32438f6e6dbc650467757347f073709e52a192d825bfc854ce6cb0f9c8027563
S1Q-0015,HOLD_DO_NOT_LAUNCH,24,24,BTCUSDC_LONG,3m,3m|15m|1h|4h|D,EXIT_SCORER_K|EXIT_SCORER_MIN|EXIT_SCORER_PARTIAL|EXIT_STDEV_BREAKOUT|EXIT_STRUCT_BREAK|EXIT_STRUCT_DC|EXIT_TREND_REVERSAL|EXTREME_OB_BB|EXTREME_OB_RSI|EXTREME_OS_BB|EXTREME_OS_RSI|EZ_REENTRY_PPL|EZ_REENTRY_PRICE|FAST_CUT_LOSS|FAVORABLE_SLOPE|FH_MOMENTUM|FH_MOMENTUM_DC|FH_MOMENTUM_EVAL|FH_MOMENTUM_MFI|FH_MOMENTUM_MIN|FH_MOMENTUM_POSITION,EXIT_SCORER_K_EXTREME|EXIT_SCORER_MIN_CONDITIONS|EXIT_SCORER_PARTIAL_SCORE|EXIT_STDEV_BREAKOUT_FAIL_ENABLED|EXIT_STRUCT_BREAK_5M_ENABLED|EXIT_STRUCT_DC_BREAK_ENABLED|EXIT_TREND_REVERSAL_ENABLED|EXTREME_OB_BB_PCT_B_4H_MIN|EXTREME_OB_RSI_4H_MIN|EXTREME_OB_RSI_D_MIN|EXTREME_OS_BB_PCT_B_4H_MAX|EXTREME_OS_RSI_4H_MAX|EXTREME_OS_RSI_D_MAX|EZ_REENTRY_PPL_DOUBLE_GAIN_ENABLED|EZ_REENTRY_PRICE_CROSS_MIN_GAP_S|FAST_CUT_LOSS_THRESHOLD|FAVORABLE_SLOPE_HOLD_ENABLED|FH_MOMENTUM_ENABLED|FH_MOMENTUM_DC_CONFIRM|FH_MOMENTUM_DC_MAX_LONG|FH_MOMENTUM_EVAL_MINUTES|FH_MOMENTUM_MFI_CONFIRM|FH_MOMENTUM_MIN_MOVE_PCT|FH_MOMENTUM_POSITION_SIZE,"python3 tools/switch_tf_uniqueness.py --symside BTCUSDC_LONG --window-days 365 --workers 24 --audit-tfs 3m,15m,1h,4h,D --switches EXIT_SCORER_K_EXTREME,EXIT_SCORER_MIN_CONDITIONS,EXIT_SCORER_PARTIAL_SCORE,EXIT_STDEV_BREAKOUT_FAIL_ENABLED,EXIT_STRUCT_BREAK_5M_ENABLED,EXIT_STRUCT_DC_BREAK_ENABLED,EXIT_TREND_REVERSAL_ENABLED,EXTREME_OB_BB_PCT_B_4H_MIN,EXTREME_OB_RSI_4H_MIN,EXTREME_OB_RSI_D_MIN,EXTREME_OS_BB_PCT_B_4H_MAX,EXTREME_OS_RSI_4H_MAX,EXTREME_OS_RSI_D_MAX,EZ_REENTRY_PPL_DOUBLE_GAIN_ENABLED,EZ_REENTRY_PRICE_CROSS_MIN_GAP_S,FAST_CUT_LOSS_THRESHOLD,FAVORABLE_SLOPE_HOLD_ENABLED,FH_MOMENTUM_ENABLED,FH_MOMENTUM_DC_CONFIRM,FH_MOMENTUM_DC_MAX_LONG,FH_MOMENTUM_EVAL_MINUTES,FH_MOMENTUM_MFI_CONFIRM,FH_MOMENTUM_MIN_MOVE_PCT,FH_MOMENTUM_POSITION_SIZE --out data/reports/BTCUSDC_LONG_S1Q-0015_SWITCH_TF_UNIQUENESS.csv --summary-out data/reports/BTCUSDC_LONG_S1Q-0015_SWITCH_TF_UNIQUENESS_SUMMARY.csv --status data/reports/BTCUSDC_LONG_S1Q-0015_SWITCH_TF_UNIQUENESS.status.json",bb123f0d3abb3ab21e0bb3041177ac9089fef89f775b57f152e3c799c5aab34b
S1Q-0016,HOLD_DO_NOT_LAUNCH,24,24,BTCUSDC_LONG,3m,3m|15m|1h|4h|D,FILTER|FROZEN_ACTIVATION_STOP|GAP_FILL|GAP_FILL_MAX|GAP_FILL_MIN|GAP_FILL_POSITION|GAP_FILL_STOP|GAP_FILL_TP|GHOST_CLOSE_REQUIRE|GLOBAL,HA_WICK_QUALITY_ENABLED|HA_WICK_QUALITY_SCORE|HA_WICK_QUALITY_TF|KINDERGARTEN_EMA_GATE_ENABLED|K_ZONE_LONG_THRESHOLD|LONG_STOCH_CHASE_BLOCK|LR_BAND_LADDER_MODE|RSI2_THRESHOLD_LONG|TF_HTF1|TF_HTF3|ADX_REGIME_FILTER_ENABLED|HTF1_CONF|HTF_STRICT|HTF_VETO_REQUIRE_D|STOP_MAJOR_LOSS_BLOCK_ENABLED|FROZEN_ACTIVATION_STOP_ENABLED|GAP_FILL_ENABLED|GAP_FILL_MAX_GAP_PCT|GAP_FILL_MIN_GAP_PCT|GAP_FILL_POSITION_SIZE|GAP_FILL_STOP_MULT|GAP_FILL_TP_FILL_PCT|GHOST_CLOSE_REQUIRE_CONFIRMATION|RSI2_MEAN_REVERSION_ENABLED,"python3 tools/switch_tf_uniqueness.py --symside BTCUSDC_LONG --window-days 365 --workers 24 --audit-tfs 3m,15m,1h,4h,D --switches HA_WICK_QUALITY_ENABLED,HA_WICK_QUALITY_SCORE,HA_WICK_QUALITY_TF,KINDERGARTEN_EMA_GATE_ENABLED,K_ZONE_LONG_THRESHOLD,LONG_STOCH_CHASE_BLOCK,LR_BAND_LADDER_MODE,RSI2_THRESHOLD_LONG,TF_HTF1,TF_HTF3,ADX_REGIME_FILTER_ENABLED,HTF1_CONF,HTF_STRICT,HTF_VETO_REQUIRE_D,STOP_MAJOR_LOSS_BLOCK_ENABLED,FROZEN_ACTIVATION_STOP_ENABLED,GAP_FILL_ENABLED,GAP_FILL_MAX_GAP_PCT,GAP_FILL_MIN_GAP_PCT,GAP_FILL_POSITION_SIZE,GAP_FILL_STOP_MULT,GAP_FILL_TP_FILL_PCT,GHOST_CLOSE_REQUIRE_CONFIRMATION,RSI2_MEAN_REVERSION_ENABLED --out data/reports/BTCUSDC_LONG_S1Q-0016_SWITCH_TF_UNIQUENESS.csv --summary-out data/reports/BTCUSDC_LONG_S1Q-0016_SWITCH_TF_UNIQUENESS_SUMMARY.csv --status data/reports/BTCUSDC_LONG_S1Q-0016_SWITCH_TF_UNIQUENESS.status.json",b5baa77eb330ebb0d59d8d93e225cd62aa7ac5ac64317815af3f663e2ae10af4
S1Q-0017,HOLD_DO_NOT_LAUNCH,24,24,BTCUSDC_LONG,3m,3m|15m|1h|4h|D,GLOBAL|GOLDEN_RULE_EXIT|GOLDEN_RULE_HTF|GOLDEN_RULE_MIN|GOLDEN_RULE_REQUIRE|GR_BB_EXTENDED|GR_DC_EXTENDED|GR_HTF_DIRECT,RSI2_SCORE_BONUS|TRIPLE_CONF_ENABLED|TRIPLE_CONF_RSI_LONG|TRIPLE_CONF_SCORE|TRIPLE_CONF_STOCH_LONG|TRIPLE_CONF_TF|CRYPTO_SPIKE_FADE_ENABLED|DC_WIDTH_SIZING_ENABLED|EXTREME_OB_OS_OVERRIDE_ENABLED|MOMENTUM_SMA_WATCHDOG_ENABLED|MOVER_DETECTION_ENABLED|PERSYM_FINAL_BOOK_ENABLED|SATOSHIT_PROTECT_TRADES|SCALP_V2_ISOLATE|VOL_SPIKE_ENABLED|GOLDEN_RULE_EXIT_MIN_IND|GOLDEN_RULE_EXIT_MIN_TFS|GOLDEN_RULE_HTF_MIN_TFS|GOLDEN_RULE_HTF_VETO_ENABLED|GOLDEN_RULE_MIN_IND|GOLDEN_RULE_REQUIRE_ACTIVATION|GR_BB_EXTENDED_LONG|GR_DC_EXTENDED_LONG|GR_HTF_DIRECT_ENTRY_DOUBLE_SCORE,"python3 tools/switch_tf_uniqueness.py --symside BTCUSDC_LONG --window-days 365 --workers 24 --audit-tfs 3m,15m,1h,4h,D --switches RSI2_SCORE_BONUS,TRIPLE_CONF_ENABLED,TRIPLE_CONF_RSI_LONG,TRIPLE_CONF_SCORE,TRIPLE_CONF_STOCH_LONG,TRIPLE_CONF_TF,CRYPTO_SPIKE_FADE_ENABLED,DC_WIDTH_SIZING_ENABLED,EXTREME_OB_OS_OVERRIDE_ENABLED,MOMENTUM_SMA_WATCHDOG_ENABLED,MOVER_DETECTION_ENABLED,PERSYM_FINAL_BOOK_ENABLED,SATOSHIT_PROTECT_TRADES,SCALP_V2_ISOLATE,VOL_SPIKE_ENABLED,GOLDEN_RULE_EXIT_MIN_IND,GOLDEN_RULE_EXIT_MIN_TFS,GOLDEN_RULE_HTF_MIN_TFS,GOLDEN_RULE_HTF_VETO_ENABLED,GOLDEN_RULE_MIN_IND,GOLDEN_RULE_REQUIRE_ACTIVATION,GR_BB_EXTENDED_LONG,GR_DC_EXTENDED_LONG,GR_HTF_DIRECT_ENTRY_DOUBLE_SCORE --out data/reports/BTCUSDC_LONG_S1Q-0017_SWITCH_TF_UNIQUENESS.csv --summary-out data/reports/BTCUSDC_LONG_S1Q-0017_SWITCH_TF_UNIQUENESS_SUMMARY.csv --status data/reports/BTCUSDC_LONG_S1Q-0017_SWITCH_TF_UNIQUENESS.status.json",f6951d1b349595d8aca47a81c0c0e6788dd86ce87901332966c44dd93f4bb176
S1Q-0018,HOLD_DO_NOT_LAUNCH,24,24,BTCUSDC_LONG,3m,3m|15m|1h|4h|D,GR_HTF_DIRECT|GR_HTF_GATE|GUARANTEED_REENTRY|GUARANTEED_REENTRY_AUGMENT|HA_3M_ENTRY|HEDGE_DUAL_IF|HEDGE_FAILED_FALLBACK|HEDGE_NEWBORN|HOLD_BARS_CLOSE|HOLD_BARS_MID|HOLD_BARS_OPEN|HTF_ALIGNMENT|HTF_MIN|HTF_TREND_VETO|K3M_FLOOR|KINDERGARTEN_EMA|KINDERGARTEN_EMA_ABOVE|KINDERGARTEN_SMA,GR_HTF_DIRECT_ENTRY_ENABLED|GR_HTF_DIRECT_ENTRY_SCORE_MIN|GR_HTF_DIRECT_EXIT_ENABLED|GR_HTF_DIRECT_EXIT_SCORE|GR_HTF_GATE_ENABLED|GUARANTEED_REENTRY_HTF_VETO_ENABLED|GUARANTEED_REENTRY_AUGMENT_ENABLED|HA_3M_ENTRY_WEIGHT|HEDGE_DUAL_IF_HEDGE_MODE|HEDGE_FAILED_FALLBACK_CLOSE_ENABLED|HEDGE_NEWBORN_DC_BREACH_ALLOWED|HOLD_BARS_CLOSE|HOLD_BARS_MID|HOLD_BARS_OPEN|HTF_ALIGNMENT_ENABLED|HTF_MIN_ALIGNED|HTF_TREND_VETO_ON_REDUCE_ENABLED|HTF_TREND_VETO_ENABLED|HTF_TREND_VETO_SCORE_MIN_ABS|K3M_FLOOR|KINDERGARTEN_EMA_PERIOD|KINDERGARTEN_CROSS_TYPE|KINDERGARTEN_TF|KINDERGARTEN_SMA_PERIOD,"python3 tools/switch_tf_uniqueness.py --symside BTCUSDC_LONG --window-days 365 --workers 24 --audit-tfs 3m,15m,1h,4h,D --switches GR_HTF_DIRECT_ENTRY_ENABLED,GR_HTF_DIRECT_ENTRY_SCORE_MIN,GR_HTF_DIRECT_EXIT_ENABLED,GR_HTF_DIRECT_EXIT_SCORE,GR_HTF_GATE_ENABLED,GUARANTEED_REENTRY_HTF_VETO_ENABLED,GUARANTEED_REENTRY_AUGMENT_ENABLED,HA_3M_ENTRY_WEIGHT,HEDGE_DUAL_IF_HEDGE_MODE,HEDGE_FAILED_FALLBACK_CLOSE_ENABLED,HEDGE_NEWBORN_DC_BREACH_ALLOWED,HOLD_BARS_CLOSE,HOLD_BARS_MID,HOLD_BARS_OPEN,HTF_ALIGNMENT_ENABLED,HTF_MIN_ALIGNED,HTF_TREND_VETO_ON_REDUCE_ENABLED,HTF_TREND_VETO_ENABLED,HTF_TREND_VETO_SCORE_MIN_ABS,K3M_FLOOR,KINDERGARTEN_EMA_PERIOD,KINDERGARTEN_CROSS_TYPE,KINDERGARTEN_TF,KINDERGARTEN_SMA_PERIOD --out data/reports/BTCUSDC_LONG_S1Q-0018_SWITCH_TF_UNIQUENESS.csv --summary-out data/reports/BTCUSDC_LONG_S1Q-0018_SWITCH_TF_UNIQUENESS_SUMMARY.csv --status data/reports/BTCUSDC_LONG_S1Q-0018_SWITCH_TF_UNIQUENESS.status.json",f1c9c6626c8efd5fd8fbcaa9a00d1ec911cec07be747ec3f7a56676799de035f
S1Q-0019,HOLD_DO_NOT_LAUNCH,24,24,BTCUSDC_LONG,3m,3m|15m|1h|4h|D,K_LOWER|LH_HL_FILTER|LIVE_ENTRY_ENGINE|LIVE_INDICATOR_MAX|LOCAL_EXTREMES_MIN|LOSS_EXIT|LR_BAND|LR_BAND_ENTRY|LR_BAND_HARVEST,K_LOWER_HIGH_EXIT_ENABLED|LH_HL_FILTER_DC_THRESHOLD_PCT|LH_HL_FILTER_REPLACE_SMA200D|LIVE_ENTRY_ENGINE_REENTRY_SIZE_MULT|LIVE_ENTRY_ENGINE_BOOST_SCORE|LIVE_ENTRY_ENGINE_DC_ENABLED|LIVE_ENTRY_ENGINE_ENABLED|LIVE_ENTRY_ENGINE_HTF_ENABLED|LIVE_ENTRY_ENGINE_MIN_SCORE|LIVE_ENTRY_ENGINE_STDEV_MACRO_ENABLED|LIVE_ENTRY_ENGINE_STOCH_ENABLED|LIVE_ENTRY_ENGINE_WT_ENABLED|LIVE_INDICATOR_MAX_BARS_PER_TF|LOCAL_EXTREMES_MIN_SCORE|LOSS_EXIT_REQUIRES_HEDGE|LR_BAND_BE_RATCHET|LR_BAND_EXIT_EXEMPT|LR_BAND_ENTRY_ENABLED|LR_BAND_ENTRY_LO|LR_BAND_ENTRY_PRIORITY|LR_BAND_ENTRY_R2_MIN|LR_BAND_HARVEST_ENABLED|LR_BAND_HARVEST_FRAC|LR_BAND_HARVEST_HI,"python3 tools/switch_tf_uniqueness.py --symside BTCUSDC_LONG --window-days 365 --workers 24 --audit-tfs 3m,15m,1h,4h,D --switches K_LOWER_HIGH_EXIT_ENABLED,LH_HL_FILTER_DC_THRESHOLD_PCT,LH_HL_FILTER_REPLACE_SMA200D,LIVE_ENTRY_ENGINE_REENTRY_SIZE_MULT,LIVE_ENTRY_ENGINE_BOOST_SCORE,LIVE_ENTRY_ENGINE_DC_ENABLED,LIVE_ENTRY_ENGINE_ENABLED,LIVE_ENTRY_ENGINE_HTF_ENABLED,LIVE_ENTRY_ENGINE_MIN_SCORE,LIVE_ENTRY_ENGINE_STDEV_MACRO_ENABLED,LIVE_ENTRY_ENGINE_STOCH_ENABLED,LIVE_ENTRY_ENGINE_WT_ENABLED,LIVE_INDICATOR_MAX_BARS_PER_TF,LOCAL_EXTREMES_MIN_SCORE,LOSS_EXIT_REQUIRES_HEDGE,LR_BAND_BE_RATCHET,LR_BAND_EXIT_EXEMPT,LR_BAND_ENTRY_ENABLED,LR_BAND_ENTRY_LO,LR_BAND_ENTRY_PRIORITY,LR_BAND_ENTRY_R2_MIN,LR_BAND_HARVEST_ENABLED,LR_BAND_HARVEST_FRAC,LR_BAND_HARVEST_HI --out data/reports/BTCUSDC_LONG_S1Q-0019_SWITCH_TF_UNIQUENESS.csv --summary-out data/reports/BTCUSDC_LONG_S1Q-0019_SWITCH_TF_UNIQUENESS_SUMMARY.csv --status data/reports/BTCUSDC_LONG_S1Q-0019_SWITCH_TF_UNIQUENESS.status.json",5b5748c8647c4d7ed8bf9b246214eb2d8a698fd96b246b20f129f61fd2584f7f
S1Q-0020,HOLD_DO_NOT_LAUNCH,24,24,BTCUSDC_LONG,3m,3m|15m|1h|4h|D,LR_BAND_LADDER|LR_BAND_REGIME|LR_BAND_SIZE|LR_BAND_SLOPE|LR_PCTB_D|LUNCH_DEADZONE|LUNCH_DEADZONE_SIZE|MACRO_BLACKOUT|MANDATORY_REENTRY|MANDATORY_REENTRY_DC4|MAX_CONCURRENT_POSITIONS,LR_BAND_LADDER_ABOVE_TOP_MULT|LR_BAND_LADDER_BASIS|LR_BAND_LADDER_BELOW_BOTTOM_MULT|LR_BAND_LADDER_BOTTOM_MULT|LR_BAND_LADDER_CENTER|LR_BAND_LADDER_ENABLED|LR_BAND_LADDER_TOP_MULT|LR_BAND_REGIME_ENABLED|LR_BAND_REGIME_MAX_PB|LR_BAND_SIZE_DEPTH_GAIN|LR_BAND_SIZE_MAX|LR_BAND_SIZE_SLOPE_GAIN|LR_BAND_SLOPE_FLIP_EXIT_ENABLED|LR_BAND_SLOPE_FLIP_MIN_HOLD_MIN|LR_BAND_SLOPE_FLIP_MIN_PCT_DAY|LR_BAND_SLOPE_NORM_PCT_DAY|LR_PCTB_D_LONG_ENTRY_ENABLED|LR_PCTB_D_LONG_ENTRY_THRESHOLD|LUNCH_DEADZONE_ENABLED|LUNCH_DEADZONE_SIZE_MULT|MACRO_BLACKOUT_ENABLED|MANDATORY_REENTRY_WT_FILTER_ENABLED|MANDATORY_REENTRY_DC4_WINDOW_MIN|MAX_CONCURRENT_POSITIONS,"python3 tools/switch_tf_uniqueness.py --symside BTCUSDC_LONG --window-days 365 --workers 24 --audit-tfs 3m,15m,1h,4h,D --switches LR_BAND_LADDER_ABOVE_TOP_MULT,LR_BAND_LADDER_BASIS,LR_BAND_LADDER_BELOW_BOTTOM_MULT,LR_BAND_LADDER_BOTTOM_MULT,LR_BAND_LADDER_CENTER,LR_BAND_LADDER_ENABLED,LR_BAND_LADDER_TOP_MULT,LR_BAND_REGIME_ENABLED,LR_BAND_REGIME_MAX_PB,LR_BAND_SIZE_DEPTH_GAIN,LR_BAND_SIZE_MAX,LR_BAND_SIZE_SLOPE_GAIN,LR_BAND_SLOPE_FLIP_EXIT_ENABLED,LR_BAND_SLOPE_FLIP_MIN_HOLD_MIN,LR_BAND_SLOPE_FLIP_MIN_PCT_DAY,LR_BAND_SLOPE_NORM_PCT_DAY,LR_PCTB_D_LONG_ENTRY_ENABLED,LR_PCTB_D_LONG_ENTRY_THRESHOLD,LUNCH_DEADZONE_ENABLED,LUNCH_DEADZONE_SIZE_MULT,MACRO_BLACKOUT_ENABLED,MANDATORY_REENTRY_WT_FILTER_ENABLED,MANDATORY_REENTRY_DC4_WINDOW_MIN,MAX_CONCURRENT_POSITIONS --out data/reports/BTCUSDC_LONG_S1Q-0020_SWITCH_TF_UNIQUENESS.csv --summary-out data/reports/BTCUSDC_LONG_S1Q-0020_SWITCH_TF_UNIQUENESS_SUMMARY.csv --status data/reports/BTCUSDC_LONG_S1Q-0020_SWITCH_TF_UNIQUENESS.status.json",5d15fa65a302ec73ffbe03c997c282520aca1693256ae59afd44aa961bc3bdf8
S1Q-0021,HOLD_DO_NOT_LAUNCH,24,24,BTCUSDC_LONG,3m,3m|15m|1h|4h|D,MAX_DAILY_LOSS|MAX_ORDER_VALUE|MAX_POSITION_SIZE|MFI|MFI_ENTRY|MFI_FLIP_EXIT|MICRO_SCALP_STOCKS|MINERVINI|MINERVINI_GATE|MINERVINI_LONG_BUDGET|MINERVINI_MAX_HOLD|MINERVINI_POSITION_SIZE|MINERVINI_TARGET|MIN_GAIN|MIN_GAIN_TO|MIN_HOLD|MIN_HOLD_BARS|MIN_PERC_FROM|MIN_POSITION_SIZE|MOM3_ENTRY,MAX_DAILY_LOSS_PCT|MAX_ORDER_VALUE|MAX_POSITION_SIZE|MFI_ENTRY_LONG_MAX|MFI_ENTRY_ENABLED|MFI_FLIP_EXIT_ENABLED|MFI_FLIP_EXIT_LONG_THRESHOLD|MICRO_SCALP_STOCKS_GAIN_THRESHOLD_PCT|MICRO_SCALP_STOCKS_PEAK_FLOOR_PCT|MICRO_SCALP_STOCKS_MAKER_ENABLED|MINERVINI_ENABLED|MINERVINI_GATE_ENABLED|MINERVINI_LONG_BUDGET|MINERVINI_MAX_HOLD_DAYS|MINERVINI_POSITION_SIZE|MINERVINI_TARGET_PCT|MIN_GAIN|MIN_GAIN_TO_BUY_AGGRESSIVELY|MIN_HOLD_BARS|MIN_HOLD_BARS_BEFORE_EXIT|MIN_PERC_FROM_SMA_1|MIN_PERC_FROM_SMA_15|MIN_POSITION_SIZE|MOM3_ENTRY_ENABLED,"python3 tools/switch_tf_uniqueness.py --symside BTCUSDC_LONG --window-days 365 --workers 24 --audit-tfs 3m,15m,1h,4h,D --switches MAX_DAILY_LOSS_PCT,MAX_ORDER_VALUE,MAX_POSITION_SIZE,MFI_ENTRY_LONG_MAX,MFI_ENTRY_ENABLED,MFI_FLIP_EXIT_ENABLED,MFI_FLIP_EXIT_LONG_THRESHOLD,MICRO_SCALP_STOCKS_GAIN_THRESHOLD_PCT,MICRO_SCALP_STOCKS_PEAK_FLOOR_PCT,MICRO_SCALP_STOCKS_MAKER_ENABLED,MINERVINI_ENABLED,MINERVINI_GATE_ENABLED,MINERVINI_LONG_BUDGET,MINERVINI_MAX_HOLD_DAYS,MINERVINI_POSITION_SIZE,MINERVINI_TARGET_PCT,MIN_GAIN,MIN_GAIN_TO_BUY_AGGRESSIVELY,MIN_HOLD_BARS,MIN_HOLD_BARS_BEFORE_EXIT,MIN_PERC_FROM_SMA_1,MIN_PERC_FROM_SMA_15,MIN_POSITION_SIZE,MOM3_ENTRY_ENABLED --out data/reports/BTCUSDC_LONG_S1Q-0021_SWITCH_TF_UNIQUENESS.csv --summary-out data/reports/BTCUSDC_LONG_S1Q-0021_SWITCH_TF_UNIQUENESS_SUMMARY.csv --status data/reports/BTCUSDC_LONG_S1Q-0021_SWITCH_TF_UNIQUENESS.status.json",9b4c5e5c787504bf3e863b063ff61e1d82e47ec30426b9283e9ee765456ea6a2
S1Q-0022,HOLD_DO_NOT_LAUNCH,24,24,BTCUSDC_LONG,3m,3m|15m|1h|4h|D,MOM3_LONG|MOM5_ENTRY|MOM5_LONG|MTF_ARMED_ENTRY|MTF_ARMED_WT|MTF_ARROW_CONFIRM|MTF_ARROW_ENTRY|MTF_ARROW_SIZE|MTF_ARROW_SLOPE|MTF_ARROW_TRAIL|MTF_ATR_TRAIL|MTF_BB|MTF_BB_REJECT|MTF_DC|MTF_DC_REJECT|MTF_ENTRY_REQUIRE|MTF_EXIT_USE|MTF_GR_EXIT|MTF_GR_FILTER|MTF_GR_INVERT,MOM3_LONG_THRESHOLD|MOM5_ENTRY_ENABLED|MOM5_LONG_THRESHOLD|MTF_ARMED_ENTRY_ENABLED|MTF_ARMED_WT_DIRECTION_SUSPEND_ENABLED|MTF_ARROW_CONFIRM_PCT|MTF_ARROW_ENTRY_ENABLED|MTF_ARROW_SIZE_GAIN|MTF_ARROW_SIZE_MAX|MTF_ARROW_SLOPE_LAMBDA|MTF_ARROW_TRAIL_EXIT_ENABLED|MTF_ATR_TRAIL_ENABLED|MTF_ATR_TRAIL_MULT|MTF_BB_REJECT_EXIT_LOOKBACK|MTF_BB_REJECT_EXIT_TF|MTF_BB_REJECT_EXIT_ENABLED|MTF_DC_REJECT_EXIT_LOOKBACK|MTF_DC_REJECT_EXIT_TF|MTF_DC_REJECT_EXIT_ENABLED|MTF_ENTRY_REQUIRE_GR_FILTER|MTF_EXIT_USE_COMPOUND|MTF_GR_EXIT_GATE_ENABLED|MTF_GR_FILTER_ENABLED|MTF_GR_INVERT_DC_BB,"python3 tools/switch_tf_uniqueness.py --symside BTCUSDC_LONG --window-days 365 --workers 24 --audit-tfs 3m,15m,1h,4h,D --switches MOM3_LONG_THRESHOLD,MOM5_ENTRY_ENABLED,MOM5_LONG_THRESHOLD,MTF_ARMED_ENTRY_ENABLED,MTF_ARMED_WT_DIRECTION_SUSPEND_ENABLED,MTF_ARROW_CONFIRM_PCT,MTF_ARROW_ENTRY_ENABLED,MTF_ARROW_SIZE_GAIN,MTF_ARROW_SIZE_MAX,MTF_ARROW_SLOPE_LAMBDA,MTF_ARROW_TRAIL_EXIT_ENABLED,MTF_ATR_TRAIL_ENABLED,MTF_ATR_TRAIL_MULT,MTF_BB_REJECT_EXIT_LOOKBACK,MTF_BB_REJECT_EXIT_TF,MTF_BB_REJECT_EXIT_ENABLED,MTF_DC_REJECT_EXIT_LOOKBACK,MTF_DC_REJECT_EXIT_TF,MTF_DC_REJECT_EXIT_ENABLED,MTF_ENTRY_REQUIRE_GR_FILTER,MTF_EXIT_USE_COMPOUND,MTF_GR_EXIT_GATE_ENABLED,MTF_GR_FILTER_ENABLED,MTF_GR_INVERT_DC_BB --out data/reports/BTCUSDC_LONG_S1Q-0022_SWITCH_TF_UNIQUENESS.csv --summary-out data/reports/BTCUSDC_LONG_S1Q-0022_SWITCH_TF_UNIQUENESS_SUMMARY.csv --status data/reports/BTCUSDC_LONG_S1Q-0022_SWITCH_TF_UNIQUENESS.status.json",383dbde3afbc2085dc03a8c36aefef42957e8982b50aaf5236a4118847ecd7fb
S1Q-0023,HOLD_DO_NOT_LAUNCH,24,24,BTCUSDC_LONG,3m,3m|15m|1h|4h|D,MTF_REQUIRE_ARMED|MTF_WT_CROSS|MU_CORRECTION|NEWBORN_DC|NOLOSS_BB1H_GATE|NOLOSS_BYPASS_WT|NOLOSS_ENABLED|OBLIGATORY_HEDGE|OBLIGATORY_HEDGE_MIN|OPTIONS_AUGMENT|OPTIONS_BUY|OPTIONS_EQUITY|OPTIONS_HEDGE|OPTIONS_SPREAD|ORB_LONG_BUDGET|ORB_MAX_HOLD|ORB_POSITION_SIZE|ORB_STOP_MIDPOINT|OVERNIGHT_GAP_HEDGE,MTF_REQUIRE_ARMED_ANY|MTF_WT_CROSS_EXIT_ENABLED|MU_CORRECTION_REENTRY_STOCH_ENABLED|MU_CORRECTION_REQUIRE_CLOSE_REVERSAL|MU_CORRECTION_REQUIRE_HIGH_REVERSAL|NEWBORN_DC_STOP_ENABLED|NOLOSS_BB1H_GATE_ENABLED|NOLOSS_BYPASS_WT_5OF5_ENABLED|NOLOSS_ENABLED|OBLIGATORY_HEDGE_PCT|OBLIGATORY_HEDGE_MIN_LOSS_PCT|OPTIONS_AUGMENT_INTO_LOSS_BLOCK_ENABLED|OPTIONS_BUY_WT_DC_GATE_ENABLED|OPTIONS_EQUITY_HEDGE_DC_BREACH_EXIT_ENABLED|OPTIONS_EQUITY_HEDGE_DIRECTION_GUARD_ENABLED|OPTIONS_HEDGE_PAIR_GUARD_ENABLED|OPTIONS_SPREAD_ENABLED|ORB_LONG_BUDGET|ORB_MAX_HOLD_MINUTES|ORB_POSITION_SIZE|ORB_STOP_MIDPOINT|OVERNIGHT_GAP_HEDGE_CLOSE_MINUTES|OVERNIGHT_GAP_HEDGE_ENABLED|OVERNIGHT_GAP_HEDGE_OPEN_MINUTES,"python3 tools/switch_tf_uniqueness.py --symside BTCUSDC_LONG --window-days 365 --workers 24 --audit-tfs 3m,15m,1h,4h,D --switches MTF_REQUIRE_ARMED_ANY,MTF_WT_CROSS_EXIT_ENABLED,MU_CORRECTION_REENTRY_STOCH_ENABLED,MU_CORRECTION_REQUIRE_CLOSE_REVERSAL,MU_CORRECTION_REQUIRE_HIGH_REVERSAL,NEWBORN_DC_STOP_ENABLED,NOLOSS_BB1H_GATE_ENABLED,NOLOSS_BYPASS_WT_5OF5_ENABLED,NOLOSS_ENABLED,OBLIGATORY_HEDGE_PCT,OBLIGATORY_HEDGE_MIN_LOSS_PCT,OPTIONS_AUGMENT_INTO_LOSS_BLOCK_ENABLED,OPTIONS_BUY_WT_DC_GATE_ENABLED,OPTIONS_EQUITY_HEDGE_DC_BREACH_EXIT_ENABLED,OPTIONS_EQUITY_HEDGE_DIRECTION_GUARD_ENABLED,OPTIONS_HEDGE_PAIR_GUARD_ENABLED,OPTIONS_SPREAD_ENABLED,ORB_LONG_BUDGET,ORB_MAX_HOLD_MINUTES,ORB_POSITION_SIZE,ORB_STOP_MIDPOINT,OVERNIGHT_GAP_HEDGE_CLOSE_MINUTES,OVERNIGHT_GAP_HEDGE_ENABLED,OVERNIGHT_GAP_HEDGE_OPEN_MINUTES --out data/reports/BTCUSDC_LONG_S1Q-0023_SWITCH_TF_UNIQUENESS.csv --summary-out data/reports/BTCUSDC_LONG_S1Q-0023_SWITCH_TF_UNIQUENESS_SUMMARY.csv --status data/reports/BTCUSDC_LONG_S1Q-0023_SWITCH_TF_UNIQUENESS.status.json",742dee9ef18a6ddb5735183927bf67b9d463119b028c0bf0cbb0383ebf1c2798
S1Q-0024,HOLD_DO_NOT_LAUNCH,24,24,BTCUSDC_LONG,3m,3m|15m|1h|4h|D,OVERNIGHT_GAP_HEDGE|PARABOLIC_BB_PCT|PARABOLIC_PROTECTION|PARABOLIC_RSI_1H|PARABOLIC_RSI_4H|PARITY_COMPARISON_MODE|PARTIAL_PROFIT_LOCK|PEAK_GIVEBACK_DROP|PEAK_GIVEBACK_HARD|PEAK_GIVEBACK_MIN|PEAK_GIVEBACK_NEGATIVE|PEAK_GIVEBACK_PROTECTION|PEAK_GIVEBACK_REQUIRE|PENNY_STOCK_LONG|PRICE_CROSS_BACK,OVERNIGHT_GAP_HEDGE_SIZE_FRAC|PARABOLIC_BB_PCT_B_4H_MAX|PARABOLIC_BB_PCT_B_4H_MIN|PARABOLIC_PROTECTION_ENABLED|PARABOLIC_RSI_1H_MAX|PARABOLIC_RSI_1H_MIN|PARABOLIC_RSI_4H_MAX|PARABOLIC_RSI_4H_MIN|PARITY_COMPARISON_MODE|PARTIAL_PROFIT_LOCK_SLIPPAGE_PCT|PARTIAL_PROFIT_LOCK_SWEEP_ARM_PCT|PARTIAL_PROFIT_LOCK_SWEEP_ENABLED|PARTIAL_PROFIT_LOCK_SWEEP_GAIN_PCT|PEAK_GIVEBACK_DROP_PCT|PEAK_GIVEBACK_HARD_ZERO_ENABLED|PEAK_GIVEBACK_MIN_PEAK_PCT|PEAK_GIVEBACK_NEGATIVE_GAIN_FLOOR_PCT|PEAK_GIVEBACK_PROTECTION_ENABLED|PEAK_GIVEBACK_REQUIRE_NEGATIVE_GAIN|PENNY_STOCK_LONG_BLOCK_ENABLED|PENNY_STOCK_LONG_BLOCK_PRICE_USD|PRICE_CROSS_BACK_BAND_PCT|PRICE_CROSS_BACK_MAX_AGE_MIN|PRICE_CROSS_BACK_REENTRY_ENABLED,"python3 tools/switch_tf_uniqueness.py --symside BTCUSDC_LONG --window-days 365 --workers 24 --audit-tfs 3m,15m,1h,4h,D --switches OVERNIGHT_GAP_HEDGE_SIZE_FRAC,PARABOLIC_BB_PCT_B_4H_MAX,PARABOLIC_BB_PCT_B_4H_MIN,PARABOLIC_PROTECTION_ENABLED,PARABOLIC_RSI_1H_MAX,PARABOLIC_RSI_1H_MIN,PARABOLIC_RSI_4H_MAX,PARABOLIC_RSI_4H_MIN,PARITY_COMPARISON_MODE,PARTIAL_PROFIT_LOCK_SLIPPAGE_PCT,PARTIAL_PROFIT_LOCK_SWEEP_ARM_PCT,PARTIAL_PROFIT_LOCK_SWEEP_ENABLED,PARTIAL_PROFIT_LOCK_SWEEP_GAIN_PCT,PEAK_GIVEBACK_DROP_PCT,PEAK_GIVEBACK_HARD_ZERO_ENABLED,PEAK_GIVEBACK_MIN_PEAK_PCT,PEAK_GIVEBACK_NEGATIVE_GAIN_FLOOR_PCT,PEAK_GIVEBACK_PROTECTION_ENABLED,PEAK_GIVEBACK_REQUIRE_NEGATIVE_GAIN,PENNY_STOCK_LONG_BLOCK_ENABLED,PENNY_STOCK_LONG_BLOCK_PRICE_USD,PRICE_CROSS_BACK_BAND_PCT,PRICE_CROSS_BACK_MAX_AGE_MIN,PRICE_CROSS_BACK_REENTRY_ENABLED --out data/reports/BTCUSDC_LONG_S1Q-0024_SWITCH_TF_UNIQUENESS.csv --summary-out data/reports/BTCUSDC_LONG_S1Q-0024_SWITCH_TF_UNIQUENESS_SUMMARY.csv --status data/reports/BTCUSDC_LONG_S1Q-0024_SWITCH_TF_UNIQUENESS.status.json",5c4311894bd8011a1dc51d57381bd8df43c58f1aed55860e3efedbd4a5920a7a
S1Q-0025,HOLD_DO_NOT_LAUNCH,24,24,BTCUSDC_LONG,3m,3m|15m|1h|4h|D,PROFIT_TARGET|PROXIMITY_TOP_GATE|PROXIMITY_TOP_MAX|PYRAMID|PYRAMID_MIN_DC|PYRAMID_MIN_GAIN|PYRAMID_MIN_WT|PYRAMID_SIZE|R1_NEWBORN_WINDOW|R1_REQUIRE_WT15|R1_USE_DC|R2_PEAK_MIN|R3_HTF_FLIP|RECOVERY_AUGMENT|RECOVERY_AUGMENT_BAND|RECOVERY_AUGMENT_MAX|RECOVERY_AUGMENT_ONE|RECOVERY_AUGMENT_REQUIRE|RECOVERY_AUGMENT_SIZE|REDUCE,PROFIT_TARGET_ENABLED|PROFIT_TARGET_PCT|PROXIMITY_TOP_GATE_ENABLED|PROXIMITY_TOP_MAX_DROP_PCT|PYRAMID_ENABLED|PYRAMID_MIN_DC_POS_15M|PYRAMID_MIN_GAIN_PCT|PYRAMID_MIN_WT_VEL_1H|PYRAMID_SIZE_MULT|R1_NEWBORN_WINDOW_MIN|R1_REQUIRE_WT15_ADVERSE|R1_USE_DC_4BAR|R2_PEAK_MIN_PCT|R3_HTF_FLIP_4H_TIER_ENABLED|R3_HTF_FLIP_EXIT_ENABLED|RECOVERY_AUGMENT_ENABLED|RECOVERY_AUGMENT_BAND_PCT|RECOVERY_AUGMENT_MAX_AGE_MIN|RECOVERY_AUGMENT_ONE_FIRE_PER_REDUCE|RECOVERY_AUGMENT_REQUIRE_WT_CROSS|RECOVERY_AUGMENT_SIZE_PCT|REDUCE_FALLBACK_LIVE_PCT|REDUCE_FALLBACK_PEAK_PCT|REDUCE_GAIN_FALLBACK_LT_1PCT_ENABLED,"python3 tools/switch_tf_uniqueness.py --symside BTCUSDC_LONG --window-days 365 --workers 24 --audit-tfs 3m,15m,1h,4h,D --switches PROFIT_TARGET_ENABLED,PROFIT_TARGET_PCT,PROXIMITY_TOP_GATE_ENABLED,PROXIMITY_TOP_MAX_DROP_PCT,PYRAMID_ENABLED,PYRAMID_MIN_DC_POS_15M,PYRAMID_MIN_GAIN_PCT,PYRAMID_MIN_WT_VEL_1H,PYRAMID_SIZE_MULT,R1_NEWBORN_WINDOW_MIN,R1_REQUIRE_WT15_ADVERSE,R1_USE_DC_4BAR,R2_PEAK_MIN_PCT,R3_HTF_FLIP_4H_TIER_ENABLED,R3_HTF_FLIP_EXIT_ENABLED,RECOVERY_AUGMENT_ENABLED,RECOVERY_AUGMENT_BAND_PCT,RECOVERY_AUGMENT_MAX_AGE_MIN,RECOVERY_AUGMENT_ONE_FIRE_PER_REDUCE,RECOVERY_AUGMENT_REQUIRE_WT_CROSS,RECOVERY_AUGMENT_SIZE_PCT,REDUCE_FALLBACK_LIVE_PCT,REDUCE_FALLBACK_PEAK_PCT,REDUCE_GAIN_FALLBACK_LT_1PCT_ENABLED --out data/reports/BTCUSDC_LONG_S1Q-0025_SWITCH_TF_UNIQUENESS.csv --summary-out data/reports/BTCUSDC_LONG_S1Q-0025_SWITCH_TF_UNIQUENESS_SUMMARY.csv --status data/reports/BTCUSDC_LONG_S1Q-0025_SWITCH_TF_UNIQUENESS.status.json",08f68f517e7e7190dba424d22f86e5437bc8671a15558b8a0ed53917315bc7b4
S1Q-0026,HOLD_DO_NOT_LAUNCH,24,24,BTCUSDC_LONG,3m,3m|15m|1h|4h|D,REDUCE|REENTRY,EXIT_MARKET_SPIKE_REDUCE_ENABLED|MANAGE_REDUCE|REENTRY_B11_LOWER_THAN_EXIT_ENABLED|REENTRY_B11_MFI_UP_ENABLED|REENTRY_PULL1_ENABLED|REENTRY_PULL2_ENABLED|REENTRY_PULL3_ENABLED|REENTRY_PULL4_ENABLED|REENTRY_WAVETREND_CONFIRM_ENABLED|DELTA_REENTRY_HTF_GATE|EZ_REENTRY_DAEMON_ENABLED|EZ_REENTRY_INLINE_ENABLED|EZ_REENTRY_INLINE_EVAL2_DIRECT_ENABLED|EZ_REENTRY_INLINE_EVAL_EPQ_ENABLED|EZ_REENTRY_INLINE_LOOP_ENFORCE_ENABLED|EZ_REENTRY_INLINE_LOOP_ENFORCE_EPQ_ENABLED|EZ_REENTRY_INLINE_LOOP_EVAL2_EPQ_ENABLED|EZ_REENTRY_INLINE_LOOP_PERIODIC_ENABLED|EZ_REENTRY_INLINE_LOOP_PRICE_MONITOR_ENABLED|EZ_REENTRY_INLINE_TIER12_EPQ_ENABLED|EZ_REENTRY_PRICE_CROSS_GUARANTEE_ENABLED|LEGACY_DC_BREAKOUT_REENTRY|LEGACY_GUARANTEED_REENTRY|REENTRY_K15M_PARTIAL_ENABLED,"python3 tools/switch_tf_uniqueness.py --symside BTCUSDC_LONG --window-days 365 --workers 24 --audit-tfs 3m,15m,1h,4h,D --switches EXIT_MARKET_SPIKE_REDUCE_ENABLED,MANAGE_REDUCE,REENTRY_B11_LOWER_THAN_EXIT_ENABLED,REENTRY_B11_MFI_UP_ENABLED,REENTRY_PULL1_ENABLED,REENTRY_PULL2_ENABLED,REENTRY_PULL3_ENABLED,REENTRY_PULL4_ENABLED,REENTRY_WAVETREND_CONFIRM_ENABLED,DELTA_REENTRY_HTF_GATE,EZ_REENTRY_DAEMON_ENABLED,EZ_REENTRY_INLINE_ENABLED,EZ_REENTRY_INLINE_EVAL2_DIRECT_ENABLED,EZ_REENTRY_INLINE_EVAL_EPQ_ENABLED,EZ_REENTRY_INLINE_LOOP_ENFORCE_ENABLED,EZ_REENTRY_INLINE_LOOP_ENFORCE_EPQ_ENABLED,EZ_REENTRY_INLINE_LOOP_EVAL2_EPQ_ENABLED,EZ_REENTRY_INLINE_LOOP_PERIODIC_ENABLED,EZ_REENTRY_INLINE_LOOP_PRICE_MONITOR_ENABLED,EZ_REENTRY_INLINE_TIER12_EPQ_ENABLED,EZ_REENTRY_PRICE_CROSS_GUARANTEE_ENABLED,LEGACY_DC_BREAKOUT_REENTRY,LEGACY_GUARANTEED_REENTRY,REENTRY_K15M_PARTIAL_ENABLED --out data/reports/BTCUSDC_LONG_S1Q-0026_SWITCH_TF_UNIQUENESS.csv --summary-out data/reports/BTCUSDC_LONG_S1Q-0026_SWITCH_TF_UNIQUENESS_SUMMARY.csv --status data/reports/BTCUSDC_LONG_S1Q-0026_SWITCH_TF_UNIQUENESS.status.json",bdb4eb4e321ed39bd605826a023ffe617e56786b8fda2150435d86bd6ac3a90d
S1Q-0027,HOLD_DO_NOT_LAUNCH,24,24,BTCUSDC_LONG,3m,3m|15m|1h|4h|D,REENTRY2_DC_BREAK|REENTRY2_QUICK_RECOVERY|REENTRY2_STOCH_CROSS|REENTRY_2|REENTRY_60MIN_MIN|REENTRY_60MIN_UNCONDITIONAL|REENTRY_60MIN_WINDOW|REENTRY_AGGRESSIVE_WINDOW|REENTRY_B02_BC156|REENTRY_B04_DC|REENTRY_B09_SNAPBACK|REENTRY_B10_STOCH|REENTRY_B11_DC|REENTRY_B12_WT|REENTRY_B14_HA|REENTRY_B15_STRONG|REENTRY_BREAKOUT|REENTRY_BYPASS_CONFIRMATION|REENTRY_CONFIRMATION_GATES|REENTRY_COOLDOWN_S|REENTRY_DISPATCH_BACKOFF|REENTRY_FAVORABLE_MOVE|REENTRY_K15M_PARTIAL,REENTRY2_DC_BREAK_ENABLED|REENTRY2_QUICK_RECOVERY_ENABLED|REENTRY2_STOCH_CROSS_ENABLED|REENTRY_2_ENABLED|REENTRY_60MIN_MIN_PCT|REENTRY_60MIN_UNCONDITIONAL_ENABLED|REENTRY_60MIN_WINDOW_MIN|REENTRY_AGGRESSIVE_WINDOW_MIN|REENTRY_B02_BC156_BOTTOM_ENABLED|REENTRY_B04_DC_RETEST_ENABLED|REENTRY_B09_SNAPBACK_ENABLED|REENTRY_B10_STOCH_REV_ENABLED|REENTRY_B11_DC_BREAK_ENABLED|REENTRY_B12_WT_MOM_ENABLED|REENTRY_B14_HA_TREND_ENABLED|REENTRY_B15_STRONG_TREND_ENABLED|REENTRY_BREAKOUT_ENABLED|REENTRY_BYPASS_CONFIRMATION_THRESHOLD_PCT|REENTRY_CONFIRMATION_GATES_ENABLED|REENTRY_COOLDOWN_S|REENTRY_DISPATCH_BACKOFF_S|REENTRY_FAVORABLE_MOVE_PCT|REENTRY_K15M_PARTIAL_MULT|REENTRY_K15M_PARTIAL_THRESHOLD,"python3 tools/switch_tf_uniqueness.py --symside BTCUSDC_LONG --window-days 365 --workers 24 --audit-tfs 3m,15m,1h,4h,D --switches REENTRY2_DC_BREAK_ENABLED,REENTRY2_QUICK_RECOVERY_ENABLED,REENTRY2_STOCH_CROSS_ENABLED,REENTRY_2_ENABLED,REENTRY_60MIN_MIN_PCT,REENTRY_60MIN_UNCONDITIONAL_ENABLED,REENTRY_60MIN_WINDOW_MIN,REENTRY_AGGRESSIVE_WINDOW_MIN,REENTRY_B02_BC156_BOTTOM_ENABLED,REENTRY_B04_DC_RETEST_ENABLED,REENTRY_B09_SNAPBACK_ENABLED,REENTRY_B10_STOCH_REV_ENABLED,REENTRY_B11_DC_BREAK_ENABLED,REENTRY_B12_WT_MOM_ENABLED,REENTRY_B14_HA_TREND_ENABLED,REENTRY_B15_STRONG_TREND_ENABLED,REENTRY_BREAKOUT_ENABLED,REENTRY_BYPASS_CONFIRMATION_THRESHOLD_PCT,REENTRY_CONFIRMATION_GATES_ENABLED,REENTRY_COOLDOWN_S,REENTRY_DISPATCH_BACKOFF_S,REENTRY_FAVORABLE_MOVE_PCT,REENTRY_K15M_PARTIAL_MULT,REENTRY_K15M_PARTIAL_THRESHOLD --out data/reports/BTCUSDC_LONG_S1Q-0027_SWITCH_TF_UNIQUENESS.csv --summary-out data/reports/BTCUSDC_LONG_S1Q-0027_SWITCH_TF_UNIQUENESS_SUMMARY.csv --status data/reports/BTCUSDC_LONG_S1Q-0027_SWITCH_TF_UNIQUENESS.status.json",8950910df2405b41ebde915c8b2f4da16a2c3e8b02a3b03d1a93b97645c7d76d
S1Q-0028,HOLD_DO_NOT_LAUNCH,24,24,BTCUSDC_LONG,3m,3m|15m|1h|4h|D,REENTRY_LIVE_MONITOR|REENTRY_MANDATORY|REENTRY_MAX_PRICE|REENTRY_MIN_GAP|REENTRY_NEVER_SKIP|REENTRY_RALLY_HTF|REENTRY_RALLY_K15M|REENTRY_STOCH_K|REENTRY_SYMGATE|REENTRY_SYMGATE_SPEED|REGIME_ADAPTIVE|REGIME_ATR_RATIO|REGIME_BB_WIDTH|REGIME_BTC_MARKET|REGIME_DC_ATR|REGIME_DETECTION|REGIME_ENTER_TRENDING|REGIME_EXIT_TRENDING|REGIME_GATE|REGIME_MIN_DWELL|REGIME_RANGING_DC|REGIME_RANGING_EXIT|REGIME_RANGING_K,REENTRY_LIVE_MONITOR_DC_BREAK_ENABLED|REENTRY_LIVE_MONITOR_DC_BREAK_USE_4BAR|REENTRY_MANDATORY|REENTRY_MAX_PRICE_DIVERGENCE_PCT|REENTRY_MIN_GAP_MINUTES|REENTRY_NEVER_SKIP_ENABLED|REENTRY_RALLY_HTF_MIN|REENTRY_RALLY_K15M_MAX|REENTRY_STOCH_K_MAX_LONG|REENTRY_SYMGATE_ENABLED|REENTRY_SYMGATE_SPEED_MIN|REGIME_ADAPTIVE_ENABLED|REGIME_ATR_RATIO_MIN|REGIME_BB_WIDTH_PCT_MIN|REGIME_BTC_MARKET_WEIGHT|REGIME_DC_ATR_RATIO_MIN|REGIME_DETECTION_ENABLED|REGIME_ENTER_TRENDING_THRESHOLD|REGIME_EXIT_TRENDING_THRESHOLD|REGIME_GATE_ENABLED|REGIME_MIN_DWELL_BARS|REGIME_RANGING_DC_BREAKOUT_SCORE|REGIME_RANGING_EXIT_GAIN_MIN|REGIME_RANGING_K_ZONE_BONUS,"python3 tools/switch_tf_uniqueness.py --symside BTCUSDC_LONG --window-days 365 --workers 24 --audit-tfs 3m,15m,1h,4h,D --switches REENTRY_LIVE_MONITOR_DC_BREAK_ENABLED,REENTRY_LIVE_MONITOR_DC_BREAK_USE_4BAR,REENTRY_MANDATORY,REENTRY_MAX_PRICE_DIVERGENCE_PCT,REENTRY_MIN_GAP_MINUTES,REENTRY_NEVER_SKIP_ENABLED,REENTRY_RALLY_HTF_MIN,REENTRY_RALLY_K15M_MAX,REENTRY_STOCH_K_MAX_LONG,REENTRY_SYMGATE_ENABLED,REENTRY_SYMGATE_SPEED_MIN,REGIME_ADAPTIVE_ENABLED,REGIME_ATR_RATIO_MIN,REGIME_BB_WIDTH_PCT_MIN,REGIME_BTC_MARKET_WEIGHT,REGIME_DC_ATR_RATIO_MIN,REGIME_DETECTION_ENABLED,REGIME_ENTER_TRENDING_THRESHOLD,REGIME_EXIT_TRENDING_THRESHOLD,REGIME_GATE_ENABLED,REGIME_MIN_DWELL_BARS,REGIME_RANGING_DC_BREAKOUT_SCORE,REGIME_RANGING_EXIT_GAIN_MIN,REGIME_RANGING_K_ZONE_BONUS --out data/reports/BTCUSDC_LONG_S1Q-0028_SWITCH_TF_UNIQUENESS.csv --summary-out data/reports/BTCUSDC_LONG_S1Q-0028_SWITCH_TF_UNIQUENESS_SUMMARY.csv --status data/reports/BTCUSDC_LONG_S1Q-0028_SWITCH_TF_UNIQUENESS.status.json",c5dc6f84c77e83afe9a017906fc8c4a7937e28e1c2557e6d4c9277ab625835cc
S1Q-0029,HOLD_DO_NOT_LAUNCH,24,24,BTCUSDC_LONG,3m,3m|15m|1h|4h|D,REGIME_RANGING_MIN|REGIME_RANGING_NOLOSS|REGIME_RANGING_POSITION|REGIME_RANGING_REENTRY|REGIME_RANGING_SLOT|REGIME_RANGING_STALE|REGIME_RANGING_WT|REGIME_TRENDING_DC|REGIME_TRENDING_EXIT|REGIME_TRENDING_K|REGIME_TRENDING_MIN|REGIME_TRENDING_NOLOSS|REGIME_TRENDING_POSITION|REGIME_TRENDING_REENTRY|REGIME_TRENDING_SLOT|REGIME_TRENDING_WT|ROTATION_ENABLED|ROTATION_POSITION_SIZE|ROTATION_SMA200_FILTER,REGIME_RANGING_MIN_HOLD_BARS|REGIME_RANGING_NOLOSS_MIN|REGIME_RANGING_POSITION_SIZE_MULT|REGIME_RANGING_REENTRY_SIZE_MULT|REGIME_RANGING_SLOT_RESERVE_PCT|REGIME_RANGING_STALE_HOURS|REGIME_RANGING_STALE_MIN_PROFIT|REGIME_RANGING_WT_EXIT_VEL|REGIME_RANGING_WT_REDUCE_FRAC_LOW|REGIME_RANGING_WT_REDUCE_FRAC_MED|REGIME_TRENDING_DC_BREAKOUT_SCORE|REGIME_TRENDING_EXIT_GAIN_MIN|REGIME_TRENDING_K_RESET_THRESHOLD|REGIME_TRENDING_MIN_HOLD_BARS|REGIME_TRENDING_NOLOSS_MIN|REGIME_TRENDING_POSITION_SIZE_MULT|REGIME_TRENDING_REENTRY_SIZE_MULT|REGIME_TRENDING_SLOT_RESERVE_PCT|REGIME_TRENDING_WT_EXIT_VEL|REGIME_TRENDING_WT_REDUCE_FRAC_LOW|REGIME_TRENDING_WT_REDUCE_FRAC_MED|ROTATION_ENABLED|ROTATION_POSITION_SIZE|ROTATION_SMA200_FILTER,"python3 tools/switch_tf_uniqueness.py --symside BTCUSDC_LONG --window-days 365 --workers 24 --audit-tfs 3m,15m,1h,4h,D --switches REGIME_RANGING_MIN_HOLD_BARS,REGIME_RANGING_NOLOSS_MIN,REGIME_RANGING_POSITION_SIZE_MULT,REGIME_RANGING_REENTRY_SIZE_MULT,REGIME_RANGING_SLOT_RESERVE_PCT,REGIME_RANGING_STALE_HOURS,REGIME_RANGING_STALE_MIN_PROFIT,REGIME_RANGING_WT_EXIT_VEL,REGIME_RANGING_WT_REDUCE_FRAC_LOW,REGIME_RANGING_WT_REDUCE_FRAC_MED,REGIME_TRENDING_DC_BREAKOUT_SCORE,REGIME_TRENDING_EXIT_GAIN_MIN,REGIME_TRENDING_K_RESET_THRESHOLD,REGIME_TRENDING_MIN_HOLD_BARS,REGIME_TRENDING_NOLOSS_MIN,REGIME_TRENDING_POSITION_SIZE_MULT,REGIME_TRENDING_REENTRY_SIZE_MULT,REGIME_TRENDING_SLOT_RESERVE_PCT,REGIME_TRENDING_WT_EXIT_VEL,REGIME_TRENDING_WT_REDUCE_FRAC_LOW,REGIME_TRENDING_WT_REDUCE_FRAC_MED,ROTATION_ENABLED,ROTATION_POSITION_SIZE,ROTATION_SMA200_FILTER --out data/reports/BTCUSDC_LONG_S1Q-0029_SWITCH_TF_UNIQUENESS.csv --summary-out data/reports/BTCUSDC_LONG_S1Q-0029_SWITCH_TF_UNIQUENESS_SUMMARY.csv --status data/reports/BTCUSDC_LONG_S1Q-0029_SWITCH_TF_UNIQUENESS.status.json",57ea9c7111f4efd421028d68e09c8c07c7a98a37d7db9043cbfa8ac27541d9b9
S1Q-0030,HOLD_DO_NOT_LAUNCH,24,24,BTCUSDC_LONG,3m,3m|15m|1h|4h|D,ROUND_TRIP_COST|RSI|RSI2|RSI2_ENTRY|RSI2_EXIT_THRESHOLD|RSI2_POSITION_SIZE|RSI_ENTRY_GATE|RSI_ENTRY_MAX|RSI_MOMENTUM_MODE|RULE_B_5M|RULE_NAME|RVOL_MOMENTUM|RZ_BOT_BB|RZ_DIV_EXIT|RZ_ENTRY|RZ_EXIT|RZ_K_ENTRY|RZ_K_EXIT|RZ_MFI_ENTRY|RZ_MFI_EXIT,ROUND_TRIP_COST_PCT|RSI_MACD_EMA_ENABLED|RSI_MACD_EMA_RSI_LONG|RSI_MACD_EMA_SCORE|RSI_MACD_EMA_TF|RSI2_ENABLED|RSI2_ENTRY_THRESHOLD|RSI2_EXIT_THRESHOLD_LONG|RSI2_POSITION_SIZE|RSI_ENTRY_GATE_ENABLED|RSI_ENTRY_MAX_LONG|RSI_MOMENTUM_MODE|RULE_B_5M_EXIT_ENABLED|RULE_NAME_TAGGING_ENABLED|RVOL_MOMENTUM_MIN|RZ_BOT_BB_THRESHOLD|RZ_DIV_EXIT_ENABLED|RZ_ENTRY_ENABLED|RZ_EXIT_ENABLED|RZ_K_ENTRY_BOTTOM|RZ_K_ENTRY_MAX|RZ_K_EXIT|RZ_MFI_ENTRY_BOTTOM|RZ_MFI_EXIT,"python3 tools/switch_tf_uniqueness.py --symside BTCUSDC_LONG --window-days 365 --workers 24 --audit-tfs 3m,15m,1h,4h,D --switches ROUND_TRIP_COST_PCT,RSI_MACD_EMA_ENABLED,RSI_MACD_EMA_RSI_LONG,RSI_MACD_EMA_SCORE,RSI_MACD_EMA_TF,RSI2_ENABLED,RSI2_ENTRY_THRESHOLD,RSI2_EXIT_THRESHOLD_LONG,RSI2_POSITION_SIZE,RSI_ENTRY_GATE_ENABLED,RSI_ENTRY_MAX_LONG,RSI_MOMENTUM_MODE,RULE_B_5M_EXIT_ENABLED,RULE_NAME_TAGGING_ENABLED,RVOL_MOMENTUM_MIN,RZ_BOT_BB_THRESHOLD,RZ_DIV_EXIT_ENABLED,RZ_ENTRY_ENABLED,RZ_EXIT_ENABLED,RZ_K_ENTRY_BOTTOM,RZ_K_ENTRY_MAX,RZ_K_EXIT,RZ_MFI_ENTRY_BOTTOM,RZ_MFI_EXIT --out data/reports/BTCUSDC_LONG_S1Q-0030_SWITCH_TF_UNIQUENESS.csv --summary-out data/reports/BTCUSDC_LONG_S1Q-0030_SWITCH_TF_UNIQUENESS_SUMMARY.csv --status data/reports/BTCUSDC_LONG_S1Q-0030_SWITCH_TF_UNIQUENESS.status.json",488bf8418f3e37ad54bd0d2293a799a7fff8eee5d6c444d398bfccc3746d2302
S1Q-0031,HOLD_DO_NOT_LAUNCH,24,24,BTCUSDC_LONG,3m,3m|15m|1h|4h|D,RZ_REQUIRE_STRUCT|RZ_TOP_BB|RZ_TWO_PHASE|RZ_ZSCORE_EXIT|RZ_ZSCORE_ZONE|S2_BTC_BEST_GATES|SATOSHIT|SATOSHIT_ENTRY|SATOSHIT_ENTRY_FILTER|SATOSHIT_EXIT|SATOSHIT_EXIT_PARTIAL|SATOSHIT_LONG|SATOSHIT_LONG_BB|SATOSHIT_MIN|SCALP_LONG_BUDGET|SCALP_MAX_HOLD|SCALP_MAX_POSITION|SCALP_MAX_POSITIONS|SCALP_MIN_MOVE|SCALP_MIN_REL|SCALP_START_SIZE|SCALP_STOP|SCALP_TARGET|SMA200_DIST_ENTRY,RZ_REQUIRE_STRUCT|RZ_TOP_BB_THRESHOLD|RZ_TWO_PHASE_EXIT_ENABLED|RZ_ZSCORE_EXIT_ENABLED|RZ_ZSCORE_ZONE_ENABLED|ENTRY_SCORE_THRESHOLD|SATOSHIT_ENABLED|SATOSHIT_ENTRY_ENABLED|SATOSHIT_ENTRY_FILTER|SATOSHIT_EXIT_ENABLED|SATOSHIT_EXIT_PARTIAL_PCT|SATOSHIT_LONG_HA_STREAK_MAX|SATOSHIT_LONG_BB_PCTB_MAX|SATOSHIT_MIN_VOTES|SCALP_LONG_BUDGET|SCALP_MAX_HOLD_MINUTES|SCALP_MAX_POSITION_SIZE|SCALP_MAX_POSITIONS_PER_SIDE|SCALP_MIN_MOVE_PCT|SCALP_MIN_REL_VOL|SCALP_START_SIZE|SCALP_STOP_PCT|SCALP_TARGET_PCT|SMA200_DIST_ENTRY_ENABLED,"python3 tools/switch_tf_uniqueness.py --symside BTCUSDC_LONG --window-days 365 --workers 24 --audit-tfs 3m,15m,1h,4h,D --switches RZ_REQUIRE_STRUCT,RZ_TOP_BB_THRESHOLD,RZ_TWO_PHASE_EXIT_ENABLED,RZ_ZSCORE_EXIT_ENABLED,RZ_ZSCORE_ZONE_ENABLED,ENTRY_SCORE_THRESHOLD,SATOSHIT_ENABLED,SATOSHIT_ENTRY_ENABLED,SATOSHIT_ENTRY_FILTER,SATOSHIT_EXIT_ENABLED,SATOSHIT_EXIT_PARTIAL_PCT,SATOSHIT_LONG_HA_STREAK_MAX,SATOSHIT_LONG_BB_PCTB_MAX,SATOSHIT_MIN_VOTES,SCALP_LONG_BUDGET,SCALP_MAX_HOLD_MINUTES,SCALP_MAX_POSITION_SIZE,SCALP_MAX_POSITIONS_PER_SIDE,SCALP_MIN_MOVE_PCT,SCALP_MIN_REL_VOL,SCALP_START_SIZE,SCALP_STOP_PCT,SCALP_TARGET_PCT,SMA200_DIST_ENTRY_ENABLED --out data/reports/BTCUSDC_LONG_S1Q-0031_SWITCH_TF_UNIQUENESS.csv --summary-out data/reports/BTCUSDC_LONG_S1Q-0031_SWITCH_TF_UNIQUENESS_SUMMARY.csv --status data/reports/BTCUSDC_LONG_S1Q-0031_SWITCH_TF_UNIQUENESS.status.json",64959489142f4e3f7216d13a2798703852c171a3c3565c88dda12fa13cf97285
S1Q-0032,HOLD_DO_NOT_LAUNCH,24,24,BTCUSDC_LONG,3m,3m|15m|1h|4h|D,SMA200_DIST_LONG|SMFI|SMFI_LONG_BUDGET|SMFI_MAX_HOLD|SMFI_POSITION_SIZE|SPIKE_FADE_MAX|SPIKE_FADE_POSITION|SPIKE_FADE_THRESHOLD|SPY_REGIME_BLOCK|SQUEEZE|SQUEEZE_FIRE_BONUS|SQUEEZE_FIRE_ENTRY|START_POSITION_SIZE|STDEV_BB_RZ|STDEV_BOUNCE|STDEV_BOUNCE_PCTB|STDEV_BOUNCE_RVOL|STDEV_BREAKOUT|STDEV_BREAKOUT_MAX|STDEV_BREAKOUT_RETEST,SMA200_DIST_LONG_THRESHOLD|SMA200_DIST_LONG_THRESHOLD_4H|SMFI_ENABLED|SMFI_LONG_BUDGET|SMFI_MAX_HOLD_DAYS|SMFI_POSITION_SIZE|SPIKE_FADE_MAX_POSITIONS|SPIKE_FADE_POSITION_SIZE|SPIKE_FADE_THRESHOLD_PCT|SPY_REGIME_BLOCK_LONGS_BELOW|SPY_REGIME_BLOCK_SHORTS_ABOVE|SQUEEZE_ENABLED|SQUEEZE_FIRE_BONUS_SCORE|SQUEEZE_FIRE_ENTRY_ENABLED|START_POSITION_SIZE|STDEV_BB_RZ_EXIT_ENABLED|STDEV_BOUNCE_ENABLED|STDEV_BOUNCE_PCTB_LONG|STDEV_BOUNCE_RVOL_MIN|STDEV_BREAKOUT_ENABLED|STDEV_BREAKOUT_MAX_AGE_BARS|STDEV_BREAKOUT_RETEST_PCTB_MIN|STDEV_BREAKOUT_RETEST_SCORE|STDEV_BREAKOUT_RETEST_SIZE_MULT,"python3 tools/switch_tf_uniqueness.py --symside BTCUSDC_LONG --window-days 365 --workers 24 --audit-tfs 3m,15m,1h,4h,D --switches SMA200_DIST_LONG_THRESHOLD,SMA200_DIST_LONG_THRESHOLD_4H,SMFI_ENABLED,SMFI_LONG_BUDGET,SMFI_MAX_HOLD_DAYS,SMFI_POSITION_SIZE,SPIKE_FADE_MAX_POSITIONS,SPIKE_FADE_POSITION_SIZE,SPIKE_FADE_THRESHOLD_PCT,SPY_REGIME_BLOCK_LONGS_BELOW,SPY_REGIME_BLOCK_SHORTS_ABOVE,SQUEEZE_ENABLED,SQUEEZE_FIRE_BONUS_SCORE,SQUEEZE_FIRE_ENTRY_ENABLED,START_POSITION_SIZE,STDEV_BB_RZ_EXIT_ENABLED,STDEV_BOUNCE_ENABLED,STDEV_BOUNCE_PCTB_LONG,STDEV_BOUNCE_RVOL_MIN,STDEV_BREAKOUT_ENABLED,STDEV_BREAKOUT_MAX_AGE_BARS,STDEV_BREAKOUT_RETEST_PCTB_MIN,STDEV_BREAKOUT_RETEST_SCORE,STDEV_BREAKOUT_RETEST_SIZE_MULT --out data/reports/BTCUSDC_LONG_S1Q-0032_SWITCH_TF_UNIQUENESS.csv --summary-out data/reports/BTCUSDC_LONG_S1Q-0032_SWITCH_TF_UNIQUENESS_SUMMARY.csv --status data/reports/BTCUSDC_LONG_S1Q-0032_SWITCH_TF_UNIQUENESS.status.json",78bcc39f6ad54204a631d8ce33811d64a6aca0e5c5448a313df91882e45d2a8f
S1Q-0033,HOLD_DO_NOT_LAUNCH,24,24,BTCUSDC_LONG,3m,3m|15m|1h|4h|D,STDEV_BREAKOUT_RVOL|STDEV_MACRO_AUGMENT|STDEV_MACRO_ENTRY|STDEV_MACRO_HEDGE|STDEV_MACRO_R4|STDEV_REJECT_EXIT|STOCH_CROSS_1H|STOCH_CROSS_3M|STOCH_ENTRY|STOP_LOSS|STRENGTH_FILTER|STRENGTH_MIN|STRUCTURAL_EXIT_GATE|STRUCTURAL_RANGE_SHIFT|SWING_LONG_BUDGET|SWING_REENTER|SWING_RUNAWAY,STDEV_BREAKOUT_RVOL_MIN|STDEV_MACRO_AUGMENT_VETO_ENABLED|STDEV_MACRO_ENTRY_VETO_ENABLED|STDEV_MACRO_HEDGE_BOOST_ENABLED|STDEV_MACRO_R4_EXIT_ENABLED|STDEV_REJECT_EXIT_ENABLED|STDEV_REJECT_EXIT_RETURN|STDEV_REJECT_EXIT_ZONE|STOCH_CROSS_1H_EXIT_ENABLED|STOCH_CROSS_3M_EXIT_ENABLED|STOCH_ENTRY_ENABLED|STOP_LOSS_ENABLED|STOP_LOSS_PCT|STRENGTH_FILTER_ENABLED|STRENGTH_MIN_SCORE|STRUCTURAL_EXIT_GATE_ENABLED|STRUCTURAL_RANGE_SHIFT_EXIT|STRUCTURAL_RANGE_SHIFT_K_HIGH|STRUCTURAL_RANGE_SHIFT_K_LOW|STRUCTURAL_RANGE_SHIFT_PROXIMITY_BPS|STRUCTURAL_RANGE_SHIFT_TF|SWING_LONG_BUDGET|SWING_REENTER_AT_OR_BELOW_EXIT|SWING_RUNAWAY_REENTER,"python3 tools/switch_tf_uniqueness.py --symside BTCUSDC_LONG --window-days 365 --workers 24 --audit-tfs 3m,15m,1h,4h,D --switches STDEV_BREAKOUT_RVOL_MIN,STDEV_MACRO_AUGMENT_VETO_ENABLED,STDEV_MACRO_ENTRY_VETO_ENABLED,STDEV_MACRO_HEDGE_BOOST_ENABLED,STDEV_MACRO_R4_EXIT_ENABLED,STDEV_REJECT_EXIT_ENABLED,STDEV_REJECT_EXIT_RETURN,STDEV_REJECT_EXIT_ZONE,STOCH_CROSS_1H_EXIT_ENABLED,STOCH_CROSS_3M_EXIT_ENABLED,STOCH_ENTRY_ENABLED,STOP_LOSS_ENABLED,STOP_LOSS_PCT,STRENGTH_FILTER_ENABLED,STRENGTH_MIN_SCORE,STRUCTURAL_EXIT_GATE_ENABLED,STRUCTURAL_RANGE_SHIFT_EXIT,STRUCTURAL_RANGE_SHIFT_K_HIGH,STRUCTURAL_RANGE_SHIFT_K_LOW,STRUCTURAL_RANGE_SHIFT_PROXIMITY_BPS,STRUCTURAL_RANGE_SHIFT_TF,SWING_LONG_BUDGET,SWING_REENTER_AT_OR_BELOW_EXIT,SWING_RUNAWAY_REENTER --out data/reports/BTCUSDC_LONG_S1Q-0033_SWITCH_TF_UNIQUENESS.csv --summary-out data/reports/BTCUSDC_LONG_S1Q-0033_SWITCH_TF_UNIQUENESS_SUMMARY.csv --status data/reports/BTCUSDC_LONG_S1Q-0033_SWITCH_TF_UNIQUENESS.status.json",7244ac6a3051796d47b182be6a059dffdc1e7e13dfeb80e97728bcde86ed0658
S1Q-0034,HOLD_DO_NOT_LAUNCH,24,24,BTCUSDC_LONG,3m,3m|15m|1h|4h|D,SYMBOL_PERF_MAX|SYMBOL_PERF_MIN|TF_ALIGNMENT_MIN|TF_FOCUS_ENTRY|TF_FOCUS_EXIT|TF_FOCUS_WEIGHT|TIER_A_MIN|TIME_ZONE|TRAILING_AUG_GAIN|TRAILING_AUG_MIN|TRA_DISABLE_AUGMENT|TRA_DISABLE_DELTA|TRA_LONG_ONLY|TRA_MIN_HOLD|TRA_NO_LOSS|TRA_STRICT_EXIT|TRA_WT_DC|TRB_NOLOSS_MIN|TRC_5M|TRC_CLENOW|TRC_CLENOW_POSITION|TRC_CONNORS_RSI,SYMBOL_PERF_MAX_MULT|SYMBOL_PERF_MIN_MULT|TF_ALIGNMENT_MIN_LONG|TF_ALIGNMENT_MIN_TOTAL|TF_FOCUS_ENTRY_HARD_GATE|TF_FOCUS_EXIT_HARD_GATE|TF_FOCUS_WEIGHT|TIER_A_MIN_GAIN|TIER_A_MIN_TRADES|TIME_ZONE_ENABLED|TRAILING_AUG_GAIN_STEP_PCT|TRAILING_AUG_MIN_GAIN_PCT|TRA_DISABLE_AUGMENT|TRA_DISABLE_DELTA_ENTRY|TRA_LONG_ONLY|TRA_MIN_HOLD_MINUTES|TRA_NO_LOSS_EXIT|TRA_STRICT_EXIT_ONLY|TRA_WT_DC_ENTRY_THRESHOLD|TRB_NOLOSS_MIN_PROFIT_PCT|TRC_5M_SWEEP_ENABLED|TRC_CLENOW_ENABLED|TRC_CLENOW_POSITION_SIZE|TRC_CONNORS_RSI_ENABLED,"python3 tools/switch_tf_uniqueness.py --symside BTCUSDC_LONG --window-days 365 --workers 24 --audit-tfs 3m,15m,1h,4h,D --switches SYMBOL_PERF_MAX_MULT,SYMBOL_PERF_MIN_MULT,TF_ALIGNMENT_MIN_LONG,TF_ALIGNMENT_MIN_TOTAL,TF_FOCUS_ENTRY_HARD_GATE,TF_FOCUS_EXIT_HARD_GATE,TF_FOCUS_WEIGHT,TIER_A_MIN_GAIN,TIER_A_MIN_TRADES,TIME_ZONE_ENABLED,TRAILING_AUG_GAIN_STEP_PCT,TRAILING_AUG_MIN_GAIN_PCT,TRA_DISABLE_AUGMENT,TRA_DISABLE_DELTA_ENTRY,TRA_LONG_ONLY,TRA_MIN_HOLD_MINUTES,TRA_NO_LOSS_EXIT,TRA_STRICT_EXIT_ONLY,TRA_WT_DC_ENTRY_THRESHOLD,TRB_NOLOSS_MIN_PROFIT_PCT,TRC_5M_SWEEP_ENABLED,TRC_CLENOW_ENABLED,TRC_CLENOW_POSITION_SIZE,TRC_CONNORS_RSI_ENABLED --out data/reports/BTCUSDC_LONG_S1Q-0034_SWITCH_TF_UNIQUENESS.csv --summary-out data/reports/BTCUSDC_LONG_S1Q-0034_SWITCH_TF_UNIQUENESS_SUMMARY.csv --status data/reports/BTCUSDC_LONG_S1Q-0034_SWITCH_TF_UNIQUENESS.status.json",baa88cbbe0d3ca1e19150de75037db8f2d60e4a003cd2ec6270398d6182f2fea
S1Q-0035,HOLD_DO_NOT_LAUNCH,24,24,BTCUSDC_LONG,3m,3m|15m|1h|4h|D,TRC_CONNORS_RSI|TRC_DC_DAYTRADE|TRC_ENTRY_MIN|TRC_ENTRY_ZONE|TRC_EP_POSITION|TRC_GAP_FILL|TRC_LOCAL|TRC_LS_RATIO|TRC_MAX_CONCURRENT|TRC_MAX_DAILY|TRC_MAX_ORDER|TRC_MAX_POSITION|TRC_MINERVINI|TRC_MINERVINI_LONG|TRC_MINERVINI_POSITION|TRC_MOMENTUM_FADE|TRC_NOLOSS_MIN|TRC_ORB_LONG|TRC_ORB_POSITION|TRC_ROTATION_POSITION|TRC_RSI2_POSITION|TRC_SCALP_LONG,TRC_CONNORS_RSI_POSITION_SIZE|TRC_DC_DAYTRADE_LONG_BUDGET|TRC_DC_DAYTRADE_START_SIZE|TRC_ENTRY_MIN_ALIGNMENT|TRC_ENTRY_ZONE_LONG|TRC_EP_POSITION_SIZE|TRC_GAP_FILL_POSITION_SIZE|TRC_LOCAL_EXTREMES_SCORER_ENABLED|TRC_LS_RATIO_MAX|TRC_LS_RATIO_MIN|TRC_MAX_CONCURRENT_POSITIONS|TRC_MAX_DAILY_LOSS_PCT|TRC_MAX_ORDER_VALUE|TRC_MAX_POSITION_SIZE|TRC_MINERVINI_ENABLED|TRC_MINERVINI_LONG_BUDGET|TRC_MINERVINI_POSITION_SIZE|TRC_MOMENTUM_FADE_ENABLED|TRC_NOLOSS_MIN_PROFIT_PCT|TRC_ORB_LONG_BUDGET|TRC_ORB_POSITION_SIZE|TRC_ROTATION_POSITION_SIZE|TRC_RSI2_POSITION_SIZE|TRC_SCALP_LONG_BUDGET,"python3 tools/switch_tf_uniqueness.py --symside BTCUSDC_LONG --window-days 365 --workers 24 --audit-tfs 3m,15m,1h,4h,D --switches TRC_CONNORS_RSI_POSITION_SIZE,TRC_DC_DAYTRADE_LONG_BUDGET,TRC_DC_DAYTRADE_START_SIZE,TRC_ENTRY_MIN_ALIGNMENT,TRC_ENTRY_ZONE_LONG,TRC_EP_POSITION_SIZE,TRC_GAP_FILL_POSITION_SIZE,TRC_LOCAL_EXTREMES_SCORER_ENABLED,TRC_LS_RATIO_MAX,TRC_LS_RATIO_MIN,TRC_MAX_CONCURRENT_POSITIONS,TRC_MAX_DAILY_LOSS_PCT,TRC_MAX_ORDER_VALUE,TRC_MAX_POSITION_SIZE,TRC_MINERVINI_ENABLED,TRC_MINERVINI_LONG_BUDGET,TRC_MINERVINI_POSITION_SIZE,TRC_MOMENTUM_FADE_ENABLED,TRC_NOLOSS_MIN_PROFIT_PCT,TRC_ORB_LONG_BUDGET,TRC_ORB_POSITION_SIZE,TRC_ROTATION_POSITION_SIZE,TRC_RSI2_POSITION_SIZE,TRC_SCALP_LONG_BUDGET --out data/reports/BTCUSDC_LONG_S1Q-0035_SWITCH_TF_UNIQUENESS.csv --summary-out data/reports/BTCUSDC_LONG_S1Q-0035_SWITCH_TF_UNIQUENESS_SUMMARY.csv --status data/reports/BTCUSDC_LONG_S1Q-0035_SWITCH_TF_UNIQUENESS.status.json",017b47f1240dabac513990b364925085376d7bcd35338c02a9650e5ea5d3cd86
S1Q-0036,HOLD_DO_NOT_LAUNCH,24,24,BTCUSDC_LONG,3m,3m|15m|1h|4h|D,TRC_SCALP_MAX|TRC_SCALP_START|TRC_SCALP_TARGET|TRC_SMFI|TRC_SMFI_LONG|TRC_SMFI_POSITION|TRC_START_POSITION|TRC_SWING_LONG|TREND_GATES|TR_ADX4H|TR_ADX4H_BOYCOTT|TR_ADX4H_GATE|TR_BBWIDTH4H_GATE|TR_CHOP4H_GATE|TR_MFI4H_LONG|TR_TREND|TSMOM_BOOK_SCALAR|TSMOM_HIGH_CAP|TSMOM_LOOKBACK|TSMOM_LOW_CAP|TSMOM_MIN_AGREEMENT|UNIVERSAL_NOLOSS_GATE|V8Q_STRENGTH,TRC_SCALP_MAX_POSITIONS_PER_SIDE|TRC_SCALP_START_SIZE|TRC_SCALP_TARGET_PCT|TRC_SMFI_ENABLED|TRC_SMFI_LONG_BUDGET|TRC_SMFI_POSITION_SIZE|TRC_START_POSITION_SIZE|TRC_SWING_LONG_BUDGET|TREND_GATES|TR_ADX4H_MAX|TR_ADX4H_BOYCOTT_SCORE|TR_ADX4H_GATE_ENABLED|TR_BBWIDTH4H_GATE_ENABLED|TR_CHOP4H_GATE_ENABLED|TR_MFI4H_LONG_ENABLED|TR_MFI4H_LONG_MIN|TR_TREND_V1_SHADOW_LOG_ONLY|TSMOM_BOOK_SCALAR_ENABLED|TSMOM_HIGH_CAP|TSMOM_LOOKBACK_BARS|TSMOM_LOW_CAP|TSMOM_MIN_AGREEMENT|UNIVERSAL_NOLOSS_GATE|V8Q_STRENGTH_FILTER_ENABLED,"python3 tools/switch_tf_uniqueness.py --symside BTCUSDC_LONG --window-days 365 --workers 24 --audit-tfs 3m,15m,1h,4h,D --switches TRC_SCALP_MAX_POSITIONS_PER_SIDE,TRC_SCALP_START_SIZE,TRC_SCALP_TARGET_PCT,TRC_SMFI_ENABLED,TRC_SMFI_LONG_BUDGET,TRC_SMFI_POSITION_SIZE,TRC_START_POSITION_SIZE,TRC_SWING_LONG_BUDGET,TREND_GATES,TR_ADX4H_MAX,TR_ADX4H_BOYCOTT_SCORE,TR_ADX4H_GATE_ENABLED,TR_BBWIDTH4H_GATE_ENABLED,TR_CHOP4H_GATE_ENABLED,TR_MFI4H_LONG_ENABLED,TR_MFI4H_LONG_MIN,TR_TREND_V1_SHADOW_LOG_ONLY,TSMOM_BOOK_SCALAR_ENABLED,TSMOM_HIGH_CAP,TSMOM_LOOKBACK_BARS,TSMOM_LOW_CAP,TSMOM_MIN_AGREEMENT,UNIVERSAL_NOLOSS_GATE,V8Q_STRENGTH_FILTER_ENABLED --out data/reports/BTCUSDC_LONG_S1Q-0036_SWITCH_TF_UNIQUENESS.csv --summary-out data/reports/BTCUSDC_LONG_S1Q-0036_SWITCH_TF_UNIQUENESS_SUMMARY.csv --status data/reports/BTCUSDC_LONG_S1Q-0036_SWITCH_TF_UNIQUENESS.status.json",27e5ca29d21e58d8193d67a49bff41ebf4c19eebdd1bde699972969da9dd4e77
S1Q-0037,HOLD_DO_NOT_LAUNCH,24,24,BTCUSDC_LONG,3m,3m|15m|1h|4h|D,VEC_BAR_PATTERNS|VEL_EXIT|VIX_REGIME_FILTER|VIX_VOLATILITY_REGIME|VOLUME_CONFIRMATION|VOL_TARGET|VOL_TARGET_HIGH|VOL_TARGET_LOW|VWAP_BOUNCE_DIST|VWAP_BOUNCE_ENTRY|VWAP_FILTER|WIN_TRAIL_EROSION|WT,BAR_PATTERNS_ENABLED|VEL_EXIT_ENABLED|VIX_REGIME_FILTER_ENABLED|VIX_VOLATILITY_REGIME_ENABLED|VOLUME_CONFIRMATION_ENABLED|VOLUME_CONFIRMATION_MULT|VOL_TARGET_ENABLED|VOL_TARGET_PCT|VOL_TARGET_HIGH_CAP|VOL_TARGET_LOW_CAP|VWAP_BOUNCE_DIST_PCT|VWAP_BOUNCE_ENTRY_ENABLED|VWAP_FILTER_ENABLED|WIN_TRAIL_EROSION_PCT|WT_ACCEL_EXIT_ENABLED|WT_ACCEL_EXIT_LONG_THR|WT_ACCEL_EXIT_MIN_TFS|WT_ACCEL_EXIT_TFS|WT_AGAINST_FILTER_ENABLED|WT_DC_DIRECT_THRESHOLD|WT_DC_HTF_GATE|WT_DIV_EXIT_ENABLED|WT_DIV_EXIT_MOM_TF|WT_DIV_EXIT_REQUIRE_EXHAUST,"python3 tools/switch_tf_uniqueness.py --symside BTCUSDC_LONG --window-days 365 --workers 24 --audit-tfs 3m,15m,1h,4h,D --switches BAR_PATTERNS_ENABLED,VEL_EXIT_ENABLED,VIX_REGIME_FILTER_ENABLED,VIX_VOLATILITY_REGIME_ENABLED,VOLUME_CONFIRMATION_ENABLED,VOLUME_CONFIRMATION_MULT,VOL_TARGET_ENABLED,VOL_TARGET_PCT,VOL_TARGET_HIGH_CAP,VOL_TARGET_LOW_CAP,VWAP_BOUNCE_DIST_PCT,VWAP_BOUNCE_ENTRY_ENABLED,VWAP_FILTER_ENABLED,WIN_TRAIL_EROSION_PCT,WT_ACCEL_EXIT_ENABLED,WT_ACCEL_EXIT_LONG_THR,WT_ACCEL_EXIT_MIN_TFS,WT_ACCEL_EXIT_TFS,WT_AGAINST_FILTER_ENABLED,WT_DC_DIRECT_THRESHOLD,WT_DC_HTF_GATE,WT_DIV_EXIT_ENABLED,WT_DIV_EXIT_MOM_TF,WT_DIV_EXIT_REQUIRE_EXHAUST --out data/reports/BTCUSDC_LONG_S1Q-0037_SWITCH_TF_UNIQUENESS.csv --summary-out data/reports/BTCUSDC_LONG_S1Q-0037_SWITCH_TF_UNIQUENESS_SUMMARY.csv --status data/reports/BTCUSDC_LONG_S1Q-0037_SWITCH_TF_UNIQUENESS.status.json",864537eedfc67dee9d72ac4b8e7c4b766b66a34b38ca1ea7104bf3287cfb5726
S1Q-0038,HOLD_DO_NOT_LAUNCH,24,24,BTCUSDC_LONG,3m,3m|15m|1h|4h|D,WT|WT_15M_VEL|WT_3M_FORCE,WT_DIV_EXIT_TF|WT_ENTRY_ENABLED|WT_EXHAUST_EXIT_ENABLED|WT_EXHAUST_EXIT_MIN_TFS|WT_EXHAUST_EXIT_TFS|WT_EXIT_MIN_TFS|WT_MOMENTUM_EXIT_ENABLED|WT_MOMENTUM_EXIT_TFS|WT_MOMENTUM_EXIT_THRESHOLD|WT_TF_15M_ENABLED|WT_TF_1H_ENABLED|WT_TF_3M_ENABLED|WT_TF_4H_ENABLED|WT_TF_5M_ENABLED|WT_TF_D_ENABLED|WT_VEL_DECAY_EXIT_ENABLED|WT_VEL_DECAY_THRESHOLD|WT_15M_SAME_HEDGE_ENABLED|WT_FORCE_OPEN_TRIGGER_TF|WT_15M_VEL_NEAR_ZERO_THRESHOLD|WT_15M_VEL_SLOW_AT_ZERO_GAIN_ENABLED|WT_15M_VEL_SLOW_GAIN_BAND_PCT|WT_15M_VEL_SLOW_GAIN_FLOOR_PCT|WT_3M_FORCE_OPEN_BUILD_TO_TARGET,"python3 tools/switch_tf_uniqueness.py --symside BTCUSDC_LONG --window-days 365 --workers 24 --audit-tfs 3m,15m,1h,4h,D --switches WT_DIV_EXIT_TF,WT_ENTRY_ENABLED,WT_EXHAUST_EXIT_ENABLED,WT_EXHAUST_EXIT_MIN_TFS,WT_EXHAUST_EXIT_TFS,WT_EXIT_MIN_TFS,WT_MOMENTUM_EXIT_ENABLED,WT_MOMENTUM_EXIT_TFS,WT_MOMENTUM_EXIT_THRESHOLD,WT_TF_15M_ENABLED,WT_TF_1H_ENABLED,WT_TF_3M_ENABLED,WT_TF_4H_ENABLED,WT_TF_5M_ENABLED,WT_TF_D_ENABLED,WT_VEL_DECAY_EXIT_ENABLED,WT_VEL_DECAY_THRESHOLD,WT_15M_SAME_HEDGE_ENABLED,WT_FORCE_OPEN_TRIGGER_TF,WT_15M_VEL_NEAR_ZERO_THRESHOLD,WT_15M_VEL_SLOW_AT_ZERO_GAIN_ENABLED,WT_15M_VEL_SLOW_GAIN_BAND_PCT,WT_15M_VEL_SLOW_GAIN_FLOOR_PCT,WT_3M_FORCE_OPEN_BUILD_TO_TARGET --out data/reports/BTCUSDC_LONG_S1Q-0038_SWITCH_TF_UNIQUENESS.csv --summary-out data/reports/BTCUSDC_LONG_S1Q-0038_SWITCH_TF_UNIQUENESS_SUMMARY.csv --status data/reports/BTCUSDC_LONG_S1Q-0038_SWITCH_TF_UNIQUENESS.status.json",734433d5d6d68c72cdce4858897c0e279bd3c353c8d2ac513a810f9cd50bbc8e
S1Q-0039,HOLD_DO_NOT_LAUNCH,24,24,BTCUSDC_LONG,3m,3m|15m|1h|4h|D,WT_3M_FORCE|WT_CROSSUNDER_FINAL|WT_DC_ENTRY|WT_DC_EXIT|WT_DC_LONG|WT_D_BOUNCE|WT_FORCE_OPEN,WT_3M_FORCE_OPEN_DIST_PCT|WT_3M_FORCE_OPEN_SIZE_USD|WT_3M_FORCE_OPEN_TARGET_USD|WT_3M_FORCE_OPEN_TF_LADDER|WT_3M_FORCE_OPEN_TF_LADDER_MULT|WT_3M_FORCE_OPEN_USE_SMA200|WT_3M_FORCE_OPEN_BYPASS_GATES|WT_3M_FORCE_OPEN_ENABLED|WT_CROSSUNDER_FINAL_ENABLED|WT_DC_ENTRY_K5M_MAX_LONG|WT_DC_ENTRY_BAR_MATURITY_BLOCK|WT_DC_ENTRY_BAR_MATURITY_BLOCK_ENABLED|WT_DC_ENTRY_THRESHOLD|WT_DC_EXIT_ENABLED|WT_DC_EXIT_STALE_MAX_S|WT_DC_EXIT_THRESHOLD|WT_DC_LONG_ENABLED|WT_D_BOUNCE_AUG_COOLDOWN_HOURS|WT_D_BOUNCE_AUG_ENABLED|WT_D_BOUNCE_AUG_MULTIPLIER|WT_D_BOUNCE_AUG_REQUIRE_HIGHER_PRICE|WT_D_BOUNCE_AUG_REQUIRE_HIGHER_WT|WT_D_BOUNCE_DD_STOP_ENABLED|WT_FORCE_OPEN_FRESH_CROSS_ONLY,"python3 tools/switch_tf_uniqueness.py --symside BTCUSDC_LONG --window-days 365 --workers 24 --audit-tfs 3m,15m,1h,4h,D --switches WT_3M_FORCE_OPEN_DIST_PCT,WT_3M_FORCE_OPEN_SIZE_USD,WT_3M_FORCE_OPEN_TARGET_USD,WT_3M_FORCE_OPEN_TF_LADDER,WT_3M_FORCE_OPEN_TF_LADDER_MULT,WT_3M_FORCE_OPEN_USE_SMA200,WT_3M_FORCE_OPEN_BYPASS_GATES,WT_3M_FORCE_OPEN_ENABLED,WT_CROSSUNDER_FINAL_ENABLED,WT_DC_ENTRY_K5M_MAX_LONG,WT_DC_ENTRY_BAR_MATURITY_BLOCK,WT_DC_ENTRY_BAR_MATURITY_BLOCK_ENABLED,WT_DC_ENTRY_THRESHOLD,WT_DC_EXIT_ENABLED,WT_DC_EXIT_STALE_MAX_S,WT_DC_EXIT_THRESHOLD,WT_DC_LONG_ENABLED,WT_D_BOUNCE_AUG_COOLDOWN_HOURS,WT_D_BOUNCE_AUG_ENABLED,WT_D_BOUNCE_AUG_MULTIPLIER,WT_D_BOUNCE_AUG_REQUIRE_HIGHER_PRICE,WT_D_BOUNCE_AUG_REQUIRE_HIGHER_WT,WT_D_BOUNCE_DD_STOP_ENABLED,WT_FORCE_OPEN_FRESH_CROSS_ONLY --out data/reports/BTCUSDC_LONG_S1Q-0039_SWITCH_TF_UNIQUENESS.csv --summary-out data/reports/BTCUSDC_LONG_S1Q-0039_SWITCH_TF_UNIQUENESS_SUMMARY.csv --status data/reports/BTCUSDC_LONG_S1Q-0039_SWITCH_TF_UNIQUENESS.status.json",9c975a6c3242119acfabdcc39ac203759844060a718cf992d1fde6723d974ff5
S1Q-0040,HOLD_DO_NOT_LAUNCH,24,6,BTCUSDC_LONG,3m,3m|15m|1h|4h|D,WT_FORCE_OPEN|WT_VEL_DECEL|WT_VEL_USE|WT_W_EXIT|ZONE_CLOSE|ZONE_MID,WT_FORCE_OPEN_FRESH_MAX_BARS|WT_VEL_DECEL_RATIO|WT_VEL_USE_DECEL_RATIO_ONLY|WT_W_EXIT_ENABLED|ZONE_CLOSE_THRESHOLD|ZONE_MID_THRESHOLD,"python3 tools/switch_tf_uniqueness.py --symside BTCUSDC_LONG --window-days 365 --workers 24 --audit-tfs 3m,15m,1h,4h,D --switches WT_FORCE_OPEN_FRESH_MAX_BARS,WT_VEL_DECEL_RATIO,WT_VEL_USE_DECEL_RATIO_ONLY,WT_W_EXIT_ENABLED,ZONE_CLOSE_THRESHOLD,ZONE_MID_THRESHOLD --out data/reports/BTCUSDC_LONG_S1Q-0040_SWITCH_TF_UNIQUENESS.csv --summary-out data/reports/BTCUSDC_LONG_S1Q-0040_SWITCH_TF_UNIQUENESS_SUMMARY.csv --status data/reports/BTCUSDC_LONG_S1Q-0040_SWITCH_TF_UNIQUENESS.status.json",24cbdc7c403cbcddd135db3881466d2785bf823496fc6ed1b0855cba8c034a0d
S1Q-0041,HOLD_DO_NOT_LAUNCH,24,24,BTCUSDC_SHORT,3m,3m|15m|1h|4h|D,BB_ENTRY_SHORT|BB_PULLBACK_GATE|CONVICTION_SHORT|CT_MFI_15M|CT_STOCH_K|DC_DAYTRADE_K|DC_DAYTRADE_SHORT|DG_DAILY_GAIN|DG_MOMENTUM_BLOCK|DG_SMA200_SHORT|EMA200_STOCHRSI|EMA20_SLOPE_SHORT|EMA_DIST_SHORT|ENTRY_ZONE_SHORT|FILTER|GLOBAL|LR_PCTB_D|MFI|MFI_FLIP_EXIT|MOM3_SHORT|MOM5_SHORT,BB_ENTRY_SHORT_THRESHOLD|BB_PULLBACK_GATE_SHORT_MIN|CONVICTION_SHORT_THRESHOLD|CT_MFI_15M_SHORT_MAX|CT_STOCH_K_15M_SHORT_MAX|DC_DAYTRADE_K_EXHAUSTED_SHORT|DC_DAYTRADE_SHORT_BUDGET|DG_DAILY_GAIN_BLOCK_SHORT_PCT|DG_MOMENTUM_BLOCK_RSI15M_FOR_SHORT|DG_MOMENTUM_BLOCK_RSI1H_FOR_SHORT|DG_SMA200_SHORT_BYPASS|EMA200_STOCHRSI_K_SHORT|EMA20_SLOPE_SHORT_THRESHOLD_1H|EMA_DIST_SHORT_THRESHOLD|ENTRY_ZONE_SHORT|K_ZONE_SHORT_THRESHOLD|RSI2_THRESHOLD_SHORT|TRIPLE_CONF_RSI_SHORT|TRIPLE_CONF_STOCH_SHORT|LR_PCTB_D_SHORT_THRESHOLD|MFI_ENTRY_SHORT_MIN|MFI_FLIP_EXIT_SHORT_THRESHOLD|MOM3_SHORT_THRESHOLD|MOM5_SHORT_THRESHOLD,"python3 tools/switch_tf_uniqueness.py --symside BTCUSDC_SHORT --window-days 365 --workers 24 --audit-tfs 3m,15m,1h,4h,D --switches BB_ENTRY_SHORT_THRESHOLD,BB_PULLBACK_GATE_SHORT_MIN,CONVICTION_SHORT_THRESHOLD,CT_MFI_15M_SHORT_MAX,CT_STOCH_K_15M_SHORT_MAX,DC_DAYTRADE_K_EXHAUSTED_SHORT,DC_DAYTRADE_SHORT_BUDGET,DG_DAILY_GAIN_BLOCK_SHORT_PCT,DG_MOMENTUM_BLOCK_RSI15M_FOR_SHORT,DG_MOMENTUM_BLOCK_RSI1H_FOR_SHORT,DG_SMA200_SHORT_BYPASS,EMA200_STOCHRSI_K_SHORT,EMA20_SLOPE_SHORT_THRESHOLD_1H,EMA_DIST_SHORT_THRESHOLD,ENTRY_ZONE_SHORT,K_ZONE_SHORT_THRESHOLD,RSI2_THRESHOLD_SHORT,TRIPLE_CONF_RSI_SHORT,TRIPLE_CONF_STOCH_SHORT,LR_PCTB_D_SHORT_THRESHOLD,MFI_ENTRY_SHORT_MIN,MFI_FLIP_EXIT_SHORT_THRESHOLD,MOM3_SHORT_THRESHOLD,MOM5_SHORT_THRESHOLD --out data/reports/BTCUSDC_SHORT_S1Q-0041_SWITCH_TF_UNIQUENESS.csv --summary-out data/reports/BTCUSDC_SHORT_S1Q-0041_SWITCH_TF_UNIQUENESS_SUMMARY.csv --status data/reports/BTCUSDC_SHORT_S1Q-0041_SWITCH_TF_UNIQUENESS.status.json",d8c2ded40197760fe4a165975035dc6d8b48bfa2b3be1da3b6098758e89c116c
S1Q-0042,HOLD_DO_NOT_LAUNCH,24,24,BTCUSDC_SHORT,3m,3m|15m|1h|4h|D,MTF_ARMED_ENTRY|ORB_SHORT_BUDGET|PYRAMID_MAX_DC|REENTRY|REENTRY_STOCH_K|RSI|RSI2_EXIT_THRESHOLD|RSI_ENTRY_MIN|SATOSHIT_SHORT_BB|SATOSHIT_SHORT_HA|SCALP_SHORT_BUDGET|SHORT_TF|SMFI_SHORT_BUDGET|STDEV_BOUNCE_PCTB|SWING_SHORT_BUDGET|TF_ALIGNMENT_MIN|TRC_DC_DAYTRADE|TRC_ENTRY_ZONE|TRC_ORB_SHORT|TRC_SCALP_SHORT|TRC_SMFI_SHORT|TRC_SWING_SHORT|TR_DCWIDTH4H_SHORT,MTF_ARMED_ENTRY_SKIP_SHORT|ORB_SHORT_BUDGET|PYRAMID_MAX_DC_POS_15M_SHORT|REENTRY_B11_SHORT_RSI_RVOL_ENABLED|REENTRY_STOCH_K_MIN_SHORT|RSI_MACD_EMA_RSI_SHORT|RSI2_EXIT_THRESHOLD_SHORT|RSI_ENTRY_MIN_SHORT|SATOSHIT_SHORT_BB_PCTB_MIN|SATOSHIT_SHORT_HA_STREAK_MIN|SCALP_SHORT_BUDGET|SHORT_TF_5M_15M_ENABLED|SMFI_SHORT_BUDGET|STDEV_BOUNCE_PCTB_SHORT|SWING_SHORT_BUDGET|TF_ALIGNMENT_MIN_SHORT|TRC_DC_DAYTRADE_SHORT_BUDGET|TRC_ENTRY_ZONE_SHORT|TRC_ORB_SHORT_BUDGET|TRC_SCALP_SHORT_BUDGET|TRC_SMFI_SHORT_BUDGET|TRC_SWING_SHORT_BUDGET|TR_DCWIDTH4H_SHORT_ENABLED|TR_DCWIDTH4H_SHORT_MAX,"python3 tools/switch_tf_uniqueness.py --symside BTCUSDC_SHORT --window-days 365 --workers 24 --audit-tfs 3m,15m,1h,4h,D --switches MTF_ARMED_ENTRY_SKIP_SHORT,ORB_SHORT_BUDGET,PYRAMID_MAX_DC_POS_15M_SHORT,REENTRY_B11_SHORT_RSI_RVOL_ENABLED,REENTRY_STOCH_K_MIN_SHORT,RSI_MACD_EMA_RSI_SHORT,RSI2_EXIT_THRESHOLD_SHORT,RSI_ENTRY_MIN_SHORT,SATOSHIT_SHORT_BB_PCTB_MIN,SATOSHIT_SHORT_HA_STREAK_MIN,SCALP_SHORT_BUDGET,SHORT_TF_5M_15M_ENABLED,SMFI_SHORT_BUDGET,STDEV_BOUNCE_PCTB_SHORT,SWING_SHORT_BUDGET,TF_ALIGNMENT_MIN_SHORT,TRC_DC_DAYTRADE_SHORT_BUDGET,TRC_ENTRY_ZONE_SHORT,TRC_ORB_SHORT_BUDGET,TRC_SCALP_SHORT_BUDGET,TRC_SMFI_SHORT_BUDGET,TRC_SWING_SHORT_BUDGET,TR_DCWIDTH4H_SHORT_ENABLED,TR_DCWIDTH4H_SHORT_MAX --out data/reports/BTCUSDC_SHORT_S1Q-0042_SWITCH_TF_UNIQUENESS.csv --summary-out data/reports/BTCUSDC_SHORT_S1Q-0042_SWITCH_TF_UNIQUENESS_SUMMARY.csv --status data/reports/BTCUSDC_SHORT_S1Q-0042_SWITCH_TF_UNIQUENESS.status.json",8dfd1bd0dc903064e78358668bfeaeb9b4abc75af755204f78f08c961f0b86d7
S1Q-0043,HOLD_DO_NOT_LAUNCH,24,4,BTCUSDC_SHORT,3m,3m|15m|1h|4h|D,WT|WT_CROSSUNDER_15M|WT_DC_ENTRY|WT_DC_SHORT,WT_ACCEL_EXIT_SHORT_THR|WT_CROSSUNDER_15M_SHORT|WT_DC_ENTRY_K5M_MIN_SHORT|WT_DC_SHORT_ENABLED,"python3 tools/switch_tf_uniqueness.py --symside BTCUSDC_SHORT --window-days 365 --workers 24 --audit-tfs 3m,15m,1h,4h,D --switches WT_ACCEL_EXIT_SHORT_THR,WT_CROSSUNDER_15M_SHORT,WT_DC_ENTRY_K5M_MIN_SHORT,WT_DC_SHORT_ENABLED --out data/reports/BTCUSDC_SHORT_S1Q-0043_SWITCH_TF_UNIQUENESS.csv --summary-out data/reports/BTCUSDC_SHORT_S1Q-0043_SWITCH_TF_UNIQUENESS_SUMMARY.csv --status data/reports/BTCUSDC_SHORT_S1Q-0043_SWITCH_TF_UNIQUENESS.status.json",d97b5224c3aec42fb3c0464d4a726dc9175444543956c51d2816da9fec43928e
S1Q-0044,HOLD_DO_NOT_LAUNCH,24,24,MU_LONG,5m,5m|15m|1h|4h|D,ATR_TRAIL_ENABLED|AUGMENT_ONLY_WHEN|BACKTEST_VALIDATED_GATES|BB_RECOVERY_EXIT|BEAR_MARKET_MODE|BOUNCE_REENTRY_ENABLED|COMBINED_STOCH_GATE|COOLDOWN_BARS_TRADIER|DC_ENTRY_VETO|ENTRY|EOD_RATIO_ENFORCE|FILTER|FROZEN_ABSOLUTE_FLOOR|GLOBAL|HEDGE_MODE_TRADIER|HTF_ALIGN_REQUIRED|HTF_DC_BREAKOUT|HTF_W_M,ATR_TRAIL_ENABLED_TRADIER|AUGMENT_ONLY_WHEN_PROFITABLE_TRADIER|BACKTEST_VALIDATED_GATES_TRADIER|BB_RECOVERY_EXIT_ENABLED_TRADIER|BB_RECOVERY_EXIT_TOLERANCE_ATR_MULT_TRADIER|BB_RECOVERY_EXIT_TOLERANCE_PCT_TRADIER|BEAR_MARKET_MODE_TRADIER|BOUNCE_REENTRY_ENABLED_TRADIER|COMBINED_STOCH_GATE_TRADIER|COOLDOWN_BARS_TRADIER|DC_ENTRY_VETO_ENABLED_TRADIER|ENTRY_TRIGGER_TF|EOD_RATIO_ENFORCE_TRADIER|TRA_SATOSHIT_ONLY|FROZEN_ABSOLUTE_FLOOR_PCT_TRADIER|SERVICE_STOP|TF_MACRO|HEDGE_MODE_TRADIER|HTF_ALIGN_REQUIRED_TRADIER|HTF_DC_BREAKOUT_TRADIER_ENABLED|HTF_DC_BREAKOUT_TRADIER_REQUIRE_W_WT|HTF_DC_BREAKOUT_TRADIER_THRESHOLD_PCT|HTF_W_M_ALIGN_GATE_TRADIER_ENABLED|HTF_W_M_ALIGN_TRADIER_REQUIRED,"python3 tools/switch_tf_uniqueness.py --symside MU_LONG --window-days 365 --workers 24 --audit-tfs 5m,15m,1h,4h,D --switches ATR_TRAIL_ENABLED_TRADIER,AUGMENT_ONLY_WHEN_PROFITABLE_TRADIER,BACKTEST_VALIDATED_GATES_TRADIER,BB_RECOVERY_EXIT_ENABLED_TRADIER,BB_RECOVERY_EXIT_TOLERANCE_ATR_MULT_TRADIER,BB_RECOVERY_EXIT_TOLERANCE_PCT_TRADIER,BEAR_MARKET_MODE_TRADIER,BOUNCE_REENTRY_ENABLED_TRADIER,COMBINED_STOCH_GATE_TRADIER,COOLDOWN_BARS_TRADIER,DC_ENTRY_VETO_ENABLED_TRADIER,ENTRY_TRIGGER_TF,EOD_RATIO_ENFORCE_TRADIER,TRA_SATOSHIT_ONLY,FROZEN_ABSOLUTE_FLOOR_PCT_TRADIER,SERVICE_STOP,TF_MACRO,HEDGE_MODE_TRADIER,HTF_ALIGN_REQUIRED_TRADIER,HTF_DC_BREAKOUT_TRADIER_ENABLED,HTF_DC_BREAKOUT_TRADIER_REQUIRE_W_WT,HTF_DC_BREAKOUT_TRADIER_THRESHOLD_PCT,HTF_W_M_ALIGN_GATE_TRADIER_ENABLED,HTF_W_M_ALIGN_TRADIER_REQUIRED --out data/reports/MU_LONG_S1Q-0044_SWITCH_TF_UNIQUENESS.csv --summary-out data/reports/MU_LONG_S1Q-0044_SWITCH_TF_UNIQUENESS_SUMMARY.csv --status data/reports/MU_LONG_S1Q-0044_SWITCH_TF_UNIQUENESS.status.json",0761c42e7644f352fc27d7fe7d1bcfc8c11f0c401ffe7745e4a68ee152f44ec1
S1Q-0045,HOLD_DO_NOT_LAUNCH,24,24,MU_LONG,5m,5m|15m|1h|4h|D,HTF_W_REVERSAL|K_ZONE|K_ZONE_ENTRY|K_ZONE_VETO|LS_RATIO_ENFORCE|LS_RATIO_MAX|LS_RATIO_MIN|MARKET_QUALITY_SCORE|MAX_SYMBOL_VALUE|MFI_LONG_THRESHOLD|MIN_EXIT|MIN_HOLD_BARS|MIN_HOLD_MINUTES|MI_DIV_EXIT|MI_ENTRY_ENABLED|MI_ENTRY_EXHAUST|MI_ENTRY_STRUCT|MI_EXHAUST_EXIT|MI_EXIT_ENABLED|MI_EXIT_VETO|MI_MIN_GAIN|MI_STRUCT_EXIT,HTF_W_REVERSAL_EXIT_TRADIER_ENABLED|HTF_W_REVERSAL_EXIT_TRADIER_REQUIRE_D|K_ZONE_LONG_THRESHOLD_TRADIER|K_ZONE_ENTRY_BONUS_TRADIER|K_ZONE_ENTRY_ENABLED_TRADIER|K_ZONE_VETO_ENABLED_TRADIER|LS_RATIO_ENFORCE_TRADIER|LS_RATIO_MAX_TRADIER|LS_RATIO_MIN_TRADIER|MARKET_QUALITY_SCORE_ENABLED_TRADIER|MAX_SYMBOL_VALUE_TRADIER|MFI_LONG_THRESHOLD_D|MIN_EXIT_TF_AGAINST_TRADIER|MIN_HOLD_BARS_TRADIER|MIN_HOLD_MINUTES_TRADIER|MI_DIV_EXIT_ENABLED_TRADIER|MI_ENTRY_ENABLED_TRADIER|MI_ENTRY_EXHAUST_BONUS_TRADIER|MI_ENTRY_STRUCT_BONUS_TRADIER|MI_EXHAUST_EXIT_ENABLED_TRADIER|MI_EXIT_ENABLED_TRADIER|MI_EXIT_VETO_ENABLED_TRADIER|MI_MIN_GAIN_EXIT_TRADIER|MI_STRUCT_EXIT_ENABLED_TRADIER,"python3 tools/switch_tf_uniqueness.py --symside MU_LONG --window-days 365 --workers 24 --audit-tfs 5m,15m,1h,4h,D --switches HTF_W_REVERSAL_EXIT_TRADIER_ENABLED,HTF_W_REVERSAL_EXIT_TRADIER_REQUIRE_D,K_ZONE_LONG_THRESHOLD_TRADIER,K_ZONE_ENTRY_BONUS_TRADIER,K_ZONE_ENTRY_ENABLED_TRADIER,K_ZONE_VETO_ENABLED_TRADIER,LS_RATIO_ENFORCE_TRADIER,LS_RATIO_MAX_TRADIER,LS_RATIO_MIN_TRADIER,MARKET_QUALITY_SCORE_ENABLED_TRADIER,MAX_SYMBOL_VALUE_TRADIER,MFI_LONG_THRESHOLD_D,MIN_EXIT_TF_AGAINST_TRADIER,MIN_HOLD_BARS_TRADIER,MIN_HOLD_MINUTES_TRADIER,MI_DIV_EXIT_ENABLED_TRADIER,MI_ENTRY_ENABLED_TRADIER,MI_ENTRY_EXHAUST_BONUS_TRADIER,MI_ENTRY_STRUCT_BONUS_TRADIER,MI_EXHAUST_EXIT_ENABLED_TRADIER,MI_EXIT_ENABLED_TRADIER,MI_EXIT_VETO_ENABLED_TRADIER,MI_MIN_GAIN_EXIT_TRADIER,MI_STRUCT_EXIT_ENABLED_TRADIER --out data/reports/MU_LONG_S1Q-0045_SWITCH_TF_UNIQUENESS.csv --summary-out data/reports/MU_LONG_S1Q-0045_SWITCH_TF_UNIQUENESS_SUMMARY.csv --status data/reports/MU_LONG_S1Q-0045_SWITCH_TF_UNIQUENESS.status.json",200b9af8924d85afca5f273b4e48f7eb180e820d66a440ad8d05090fc189fce7
S1Q-0046,HOLD_DO_NOT_LAUNCH,24,24,MU_LONG,5m,5m|15m|1h|4h|D,MI_VELOCITY_EXIT|MI_WAVE_EXIT|MOMENTUM_FADE|MOMENTUM_FADE_BODY|MOMENTUM_FADE_ENABLED|MOMENTUM_FADE_K|MOMENTUM_FADE_VOL|MTS_BOTTOM_MIN|MTS_ENTRY_QUALITY|MTS_GATE_ENABLED|NOLOSS_MIN_PROFIT|OI_CONFIRM_ENABLED|OI_CONFIRM_MIN|OI_CONFIRM_TRADIER|PARTIAL_PROFIT_LOCK|R1_DC_LOW4|RATIO_MULTIPLIER_TRADIER|RED_ZONE_TRADIER,MI_VELOCITY_EXIT_ENABLED_TRADIER|MI_WAVE_EXIT_ENABLED_TRADIER|MOMENTUM_FADE_SCORE_BONUS_TRADIER|MOMENTUM_FADE_BODY_ATR_MIN_TRADIER|MOMENTUM_FADE_ENABLED_TRADIER|MOMENTUM_FADE_K_ZONE_TRADIER|MOMENTUM_FADE_VOL_MIN_TRADIER|MTS_BOTTOM_MIN_TRADIER|MTS_ENTRY_QUALITY_MIN_TRADIER|MTS_GATE_ENABLED_TRADIER|NOLOSS_MIN_PROFIT_PCT_TRADIER|OI_CONFIRM_ENABLED_TRADIER|OI_CONFIRM_MIN_OI_CHANGE_PCT_TRADIER|OI_CONFIRM_MIN_PRICE_PCT_TRADIER|OI_CONFIRM_TRADIER_HEDGE_GATE_ENABLED|PARTIAL_PROFIT_LOCK_ARM_GAIN_PCT_TRADIER|PARTIAL_PROFIT_LOCK_BE_BUFFER_PCT_TRADIER|PARTIAL_PROFIT_LOCK_ENABLED|PARTIAL_PROFIT_LOCK_FRAC_TRADIER|PARTIAL_PROFIT_LOCK_GAIN_PCT_TRADIER|R1_DC_LOW4_3M_EMERGENCY_ENABLED|RATIO_MULTIPLIER_TRADIER|RED_ZONE_TRADIER_AUGMENT_GATE_ENABLED|RED_ZONE_TRADIER_GATE_ENABLED,"python3 tools/switch_tf_uniqueness.py --symside MU_LONG --window-days 365 --workers 24 --audit-tfs 5m,15m,1h,4h,D --switches MI_VELOCITY_EXIT_ENABLED_TRADIER,MI_WAVE_EXIT_ENABLED_TRADIER,MOMENTUM_FADE_SCORE_BONUS_TRADIER,MOMENTUM_FADE_BODY_ATR_MIN_TRADIER,MOMENTUM_FADE_ENABLED_TRADIER,MOMENTUM_FADE_K_ZONE_TRADIER,MOMENTUM_FADE_VOL_MIN_TRADIER,MTS_BOTTOM_MIN_TRADIER,MTS_ENTRY_QUALITY_MIN_TRADIER,MTS_GATE_ENABLED_TRADIER,NOLOSS_MIN_PROFIT_PCT_TRADIER,OI_CONFIRM_ENABLED_TRADIER,OI_CONFIRM_MIN_OI_CHANGE_PCT_TRADIER,OI_CONFIRM_MIN_PRICE_PCT_TRADIER,OI_CONFIRM_TRADIER_HEDGE_GATE_ENABLED,PARTIAL_PROFIT_LOCK_ARM_GAIN_PCT_TRADIER,PARTIAL_PROFIT_LOCK_BE_BUFFER_PCT_TRADIER,PARTIAL_PROFIT_LOCK_ENABLED,PARTIAL_PROFIT_LOCK_FRAC_TRADIER,PARTIAL_PROFIT_LOCK_GAIN_PCT_TRADIER,R1_DC_LOW4_3M_EMERGENCY_ENABLED,RATIO_MULTIPLIER_TRADIER,RED_ZONE_TRADIER_AUGMENT_GATE_ENABLED,RED_ZONE_TRADIER_GATE_ENABLED --out data/reports/MU_LONG_S1Q-0046_SWITCH_TF_UNIQUENESS.csv --summary-out data/reports/MU_LONG_S1Q-0046_SWITCH_TF_UNIQUENESS_SUMMARY.csv --status data/reports/MU_LONG_S1Q-0046_SWITCH_TF_UNIQUENESS.status.json",ea2093e573e832807c23acaefebe3b342f49bc6a9276f2dc5858d899e6027dae
S1Q-0047,HOLD_DO_NOT_LAUNCH,24,24,MU_LONG,5m,5m|15m|1h|4h|D,RED_ZONE_TRADIER|REENTRY_TIER1_SIZE|REENTRY_TIER2_MAX|REENTRY_TIER2_MIN|REENTRY_TIER2_PRICE|REENTRY_TIER2_SIZE|RSI_ENTRY_LONG|RSI_ENTRY_PERIOD|RSI_EXIT_LONG|SATOSHIT_EXIT_LONG|SATOSHIT_HTF_MFI|SATOSHIT_HTF_RVOL|SATOSHIT_LONG_MFI|SATOSHIT_LONG_RSI|SATOSHIT_LONG_STOCH|SATOSHIT_MIN|SMA_FILTER_PERIOD|STOCH_CROSS_ENTRY|TRADIER_EMERGENCY_ANTI|TRADIER_FH_MOMENTUM|TRADIER_LONG_ONLY,RED_ZONE_TRADIER_MIN_DISTANCE_PCT|RED_ZONE_TRADIER_MIN_OI_AT_WALL|RED_ZONE_TRADIER_STALE_MAX_HOURS|REENTRY_TIER1_SIZE_MULT_TRADIER|REENTRY_TIER2_MAX_MINUTES_TRADIER|REENTRY_TIER2_MIN_MINUTES_TRADIER|REENTRY_TIER2_PRICE_PCT_TRADIER|REENTRY_TIER2_SIZE_MULT_TRADIER|RSI_ENTRY_LONG_TRADIER|RSI_ENTRY_PERIOD_TRADIER|RSI_EXIT_LONG_TRADIER|SATOSHIT_EXIT_LONG_RSI_MIN_TRADIER|SATOSHIT_EXIT_LONG_STOCH_K_MIN_TRADIER|SATOSHIT_HTF_MFI_D_MIN_TRADIER|SATOSHIT_HTF_RVOL_1H_MIN_TRADIER|SATOSHIT_LONG_MFI_MAX_TRADIER|SATOSHIT_LONG_RSI_MAX_TRADIER|SATOSHIT_LONG_STOCH_K_MAX_TRADIER|SATOSHIT_MIN_VOTES_TRADIER|SMA_FILTER_PERIOD_TRADIER|STOCH_CROSS_ENTRY_TRADIER|TRADIER_EMERGENCY_ANTI_CHURN_GATES_ENABLED|TRADIER_FH_MOMENTUM_MFI_MIN|TRADIER_LONG_ONLY_ENTRIES,"python3 tools/switch_tf_uniqueness.py --symside MU_LONG --window-days 365 --workers 24 --audit-tfs 5m,15m,1h,4h,D --switches RED_ZONE_TRADIER_MIN_DISTANCE_PCT,RED_ZONE_TRADIER_MIN_OI_AT_WALL,RED_ZONE_TRADIER_STALE_MAX_HOURS,REENTRY_TIER1_SIZE_MULT_TRADIER,REENTRY_TIER2_MAX_MINUTES_TRADIER,REENTRY_TIER2_MIN_MINUTES_TRADIER,REENTRY_TIER2_PRICE_PCT_TRADIER,REENTRY_TIER2_SIZE_MULT_TRADIER,RSI_ENTRY_LONG_TRADIER,RSI_ENTRY_PERIOD_TRADIER,RSI_EXIT_LONG_TRADIER,SATOSHIT_EXIT_LONG_RSI_MIN_TRADIER,SATOSHIT_EXIT_LONG_STOCH_K_MIN_TRADIER,SATOSHIT_HTF_MFI_D_MIN_TRADIER,SATOSHIT_HTF_RVOL_1H_MIN_TRADIER,SATOSHIT_LONG_MFI_MAX_TRADIER,SATOSHIT_LONG_RSI_MAX_TRADIER,SATOSHIT_LONG_STOCH_K_MAX_TRADIER,SATOSHIT_MIN_VOTES_TRADIER,SMA_FILTER_PERIOD_TRADIER,STOCH_CROSS_ENTRY_TRADIER,TRADIER_EMERGENCY_ANTI_CHURN_GATES_ENABLED,TRADIER_FH_MOMENTUM_MFI_MIN,TRADIER_LONG_ONLY_ENTRIES --out data/reports/MU_LONG_S1Q-0047_SWITCH_TF_UNIQUENESS.csv --summary-out data/reports/MU_LONG_S1Q-0047_SWITCH_TF_UNIQUENESS_SUMMARY.csv --status data/reports/MU_LONG_S1Q-0047_SWITCH_TF_UNIQUENESS.status.json",aa5ba4aa40cd8fa33c697e47bc283465779745edbe1085aeae7d7695b1861e5c
S1Q-0048,HOLD_DO_NOT_LAUNCH,24,24,MU_LONG,5m,5m|15m|1h|4h|D,TRADIER_MFI_ENTRY|TRADIER_MI|TRADIER_MIN_HOLD|TRADIER_NOLOSS_SRS|TRADIER_OI|TRADIER_OI_INJECT|TRADIER_RATIO_BOOST|TRADIER_RATIO_REQUIRE|TRADIER_REENTRY_ANTI|TRADIER_REENTRY_HARDCOOL|TRADIER_REENTRY_OVERDUE|TRADIER_REENTRY_RZ|TRADIER_REQUIRE|TRADIER_STOCH|TRADIER_STOCH_ENTRY|TRADIER_WT_COMPOSITE|TRADIER_WT_EXIT|TRAILING_AUG_ENABLED|TR_TREND_V1,TRADIER_MFI_ENTRY_LONG_ENABLED|TRADIER_MFI_ENTRY_LONG_TRADIER|TRADIER_MI_SUBSIGNAL_MIN_COUNT|TRADIER_MIN_HOLD_MINUTES|TRADIER_NOLOSS_SRS_BYPASS|TRADIER_OI_INJECT_ENABLED|TRADIER_OI_INJECT_NEAR_MONEY_PREFER|TRADIER_OI_INJECT_MAX_EACH|TRADIER_OI_INJECT_MIN_TOTAL_OI|TRADIER_OI_INJECT_STALE_MAX_HOURS|TRADIER_RATIO_BOOST_MIN_GAIN_PCT|TRADIER_RATIO_REQUIRE_MIN_GAIN|TRADIER_REENTRY_ANTI_CHURN_ENABLED|TRADIER_REENTRY_HARDCOOL_MIN|TRADIER_REENTRY_OVERDUE_BYPASS_ENABLED|TRADIER_REENTRY_RZ_BLOCK_ENABLED|TRADIER_REQUIRE_TRADEABLE_KEY|TRADIER_STOCH_EXTREME_LONG_TRADIER|TRADIER_STOCH_ENTRY_LONG_TRADIER|TRADIER_WT_COMPOSITE_SCORING_ENABLED_TRADIER|TRADIER_WT_EXIT_MIN_TFS_TRADIER|TRADIER_WT_EXIT_TFS_TRADIER|TRAILING_AUG_ENABLED_TRADIER|TR_TREND_V1_ENABLED,"python3 tools/switch_tf_uniqueness.py --symside MU_LONG --window-days 365 --workers 24 --audit-tfs 5m,15m,1h,4h,D --switches TRADIER_MFI_ENTRY_LONG_ENABLED,TRADIER_MFI_ENTRY_LONG_TRADIER,TRADIER_MI_SUBSIGNAL_MIN_COUNT,TRADIER_MIN_HOLD_MINUTES,TRADIER_NOLOSS_SRS_BYPASS,TRADIER_OI_INJECT_ENABLED,TRADIER_OI_INJECT_NEAR_MONEY_PREFER,TRADIER_OI_INJECT_MAX_EACH,TRADIER_OI_INJECT_MIN_TOTAL_OI,TRADIER_OI_INJECT_STALE_MAX_HOURS,TRADIER_RATIO_BOOST_MIN_GAIN_PCT,TRADIER_RATIO_REQUIRE_MIN_GAIN,TRADIER_REENTRY_ANTI_CHURN_ENABLED,TRADIER_REENTRY_HARDCOOL_MIN,TRADIER_REENTRY_OVERDUE_BYPASS_ENABLED,TRADIER_REENTRY_RZ_BLOCK_ENABLED,TRADIER_REQUIRE_TRADEABLE_KEY,TRADIER_STOCH_EXTREME_LONG_TRADIER,TRADIER_STOCH_ENTRY_LONG_TRADIER,TRADIER_WT_COMPOSITE_SCORING_ENABLED_TRADIER,TRADIER_WT_EXIT_MIN_TFS_TRADIER,TRADIER_WT_EXIT_TFS_TRADIER,TRAILING_AUG_ENABLED_TRADIER,TR_TREND_V1_ENABLED --out data/reports/MU_LONG_S1Q-0048_SWITCH_TF_UNIQUENESS.csv --summary-out data/reports/MU_LONG_S1Q-0048_SWITCH_TF_UNIQUENESS_SUMMARY.csv --status data/reports/MU_LONG_S1Q-0048_SWITCH_TF_UNIQUENESS.status.json",9c2a47bc54df79234d058fb966336fa9310d5ba8c8222a2f805e2073efa1e1ee
S1Q-0049,HOLD_DO_NOT_LAUNCH,24,2,MU_LONG,5m,5m|15m|1h|4h|D,WT_COMPOSITE_VETO|WT_EXIT_VETO,WT_COMPOSITE_VETO_ENABLED_TRADIER|WT_EXIT_VETO_ENABLED_TRADIER,"python3 tools/switch_tf_uniqueness.py --symside MU_LONG --window-days 365 --workers 24 --audit-tfs 5m,15m,1h,4h,D --switches WT_COMPOSITE_VETO_ENABLED_TRADIER,WT_EXIT_VETO_ENABLED_TRADIER --out data/reports/MU_LONG_S1Q-0049_SWITCH_TF_UNIQUENESS.csv --summary-out data/reports/MU_LONG_S1Q-0049_SWITCH_TF_UNIQUENESS_SUMMARY.csv --status data/reports/MU_LONG_S1Q-0049_SWITCH_TF_UNIQUENESS.status.json",36393b98373aa1d36a3787761d1db598da306b432ed5f5858e63c1f67787c167
S1Q-0050,HOLD_DO_NOT_LAUNCH,24,15,MU_SHORT,5m,5m|15m|1h|4h|D,OLD_BTC_BASELINE_TF_KZONE|RSI_ENTRY_SHORT|RSI_EXIT_SHORT|SATOSHIT_EXIT_SHORT|SATOSHIT_SHORT_MFI|SATOSHIT_SHORT_RSI|SATOSHIT_SHORT_STOCH|TRADIER_RSI_SHORT|TRADIER_STOCH|TRADIER_STOCH_ENTRY,K_ZONE_SHORT_THRESHOLD_TRADIER|RSI_ENTRY_SHORT_TRADIER|RSI_EXIT_SHORT_TRADIER|SATOSHIT_EXIT_SHORT_RSI_MAX_TRADIER|SATOSHIT_EXIT_SHORT_STOCH_K_MAX_TRADIER|SATOSHIT_SHORT_MFI_MIN_TRADIER|SATOSHIT_SHORT_RSI_MIN_TRADIER|SATOSHIT_SHORT_STOCH_K_MIN_TRADIER|TRADIER_RSI_SHORT_15M|TRADIER_RSI_SHORT_1H|TRADIER_RSI_SHORT_REL_VOLUME_MIN|TRADIER_RSI_SHORT_RVOL_15M|TRADIER_RSI_SHORT_RVOL_1H|TRADIER_STOCH_EXTREME_SHORT_TRADIER|TRADIER_STOCH_ENTRY_SHORT_TRADIER,"python3 tools/switch_tf_uniqueness.py --symside MU_SHORT --window-days 365 --workers 24 --audit-tfs 5m,15m,1h,4h,D --switches K_ZONE_SHORT_THRESHOLD_TRADIER,RSI_ENTRY_SHORT_TRADIER,RSI_EXIT_SHORT_TRADIER,SATOSHIT_EXIT_SHORT_RSI_MAX_TRADIER,SATOSHIT_EXIT_SHORT_STOCH_K_MAX_TRADIER,SATOSHIT_SHORT_MFI_MIN_TRADIER,SATOSHIT_SHORT_RSI_MIN_TRADIER,SATOSHIT_SHORT_STOCH_K_MIN_TRADIER,TRADIER_RSI_SHORT_15M,TRADIER_RSI_SHORT_1H,TRADIER_RSI_SHORT_REL_VOLUME_MIN,TRADIER_RSI_SHORT_RVOL_15M,TRADIER_RSI_SHORT_RVOL_1H,TRADIER_STOCH_EXTREME_SHORT_TRADIER,TRADIER_STOCH_ENTRY_SHORT_TRADIER --out data/reports/MU_SHORT_S1Q-0050_SWITCH_TF_UNIQUENESS.csv --summary-out data/reports/MU_SHORT_S1Q-0050_SWITCH_TF_UNIQUENESS_SUMMARY.csv --status data/reports/MU_SHORT_S1Q-0050_SWITCH_TF_UNIQUENESS.status.json",46cd650bc351801010123afcc6abde180a6a0474f4f860e3fde75479e4872bcd
