symbol,side,mode,start,years,trades,pool_sharpe,sym_sharpe,avg_gain_trade,gain_per_yr,gain_sym_yr,max_dd_pct,n_bars,elapsed_s,config_GOLDEN_RULE_HTF_MIN_TFS,config_GOLDEN_RULE_MIN_IND,config_WT_DC_ENTRY_THRESHOLD,config_WT_DC_HTF_GATE,true_gate_GR_HTF,true_gate_WT_DC,true_gate_combined,override_file,summary_path,trades_path,agg_csv,V8_RESULT_line,is_true_gate_2of5
AAPL,LONG,tradier,2024-01-01,2.3097098638679747,513,0.313966,0.313966,1.6690026748028006,370.6952053016724,370.6952053016724,44.125881500236,113862,17.98,2,5,50.0,none,True,True,True,/tmp/gr_wt_dc_2of5_override.json,/Users/niels/Documents/binance/data/sweep_results/v8_vec_sweep_1786333221_55823.jsonl,/Users/niels/Documents/binance/data/sweep_results/v8_vec_sweep_1786333221_55823_trades.jsonl,/Users/niels/Documents/binance/data/sweep_results/v8_vec_sweep_1786333221_55823.csv,V8_RESULT: pool_sharpe=0.313966 sym_sharpe=0.313966 sharpe=0.313966 pnl=+856.1984 trades=513 wins=0 losses=0,True
AAPL,SHORT,tradier,2024-01-01,2.3097098638679747,707,0.124257,0.124257,0.588349834643062,180.09332669863926,180.09332669863926,74.75328764735877,113862,12.24,2,5,50.0,none,True,True,True,/tmp/gr_wt_dc_2of5_override.json,/Users/niels/Documents/binance/data/sweep_results/v8_vec_sweep_1786333239_56359.jsonl,/Users/niels/Documents/binance/data/sweep_results/v8_vec_sweep_1786333239_56359_trades.jsonl,/Users/niels/Documents/binance/data/sweep_results/v8_vec_sweep_1786333239_56359.csv,V8_RESULT: pool_sharpe=0.124257 sym_sharpe=0.124257 sharpe=0.124257 pnl=+415.9633 trades=707 wins=0 losses=0,True
AMZN,LONG,tradier,2024-01-01,0.22210814510609173,24,0.512845,0.0,4.114547333875087,444.5993458089246,444.5993458089246,20.988082077966915,3807,1.74,2,5,50.0,none,True,True,True,/tmp/gr_wt_dc_2of5_override.json,/Users/niels/Documents/binance/data/sweep_results/v8_vec_sweep_1786333251_56818.jsonl,/Users/niels/Documents/binance/data/sweep_results/v8_vec_sweep_1786333251_56818_trades.jsonl,/Users/niels/Documents/binance/data/sweep_results/v8_vec_sweep_1786333251_56818.csv,V8_RESULT: pool_sharpe=0.512845 sym_sharpe=0.000000 sharpe=0.512845 pnl=+98.7491 trades=24 wins=0 losses=0,True
AMZN,SHORT,tradier,2024-01-01,0.22210814510609173,59,0.009851,0.009851,0.04993484400684685,13.264510380727863,13.264510380727863,36.17853696506909,3807,2.08,2,5,50.0,none,True,True,True,/tmp/gr_wt_dc_2of5_override.json,/Users/niels/Documents/binance/data/sweep_results/v8_vec_sweep_1786333253_56947.jsonl,/Users/niels/Documents/binance/data/sweep_results/v8_vec_sweep_1786333253_56947_trades.jsonl,/Users/niels/Documents/binance/data/sweep_results/v8_vec_sweep_1786333253_56947.csv,V8_RESULT: pool_sharpe=0.009851 sym_sharpe=0.009851 sharpe=0.009851 pnl=+2.9462 trades=59 wins=0 losses=0,True
NVDA,LONG,tradier,2024-01-01,2.309823940984105,625,0.356366,0.356366,2.564267683785522,693.8482513447028,693.8482513447028,74.08555469840165,114228,11.76,2,5,50.0,none,True,True,True,/tmp/gr_wt_dc_2of5_override.json,/Users/niels/Documents/binance/data/sweep_results/v8_vec_sweep_1786333255_56992.jsonl,/Users/niels/Documents/binance/data/sweep_results/v8_vec_sweep_1786333255_56992_trades.jsonl,/Users/niels/Documents/binance/data/sweep_results/v8_vec_sweep_1786333255_56992.csv,V8_RESULT: pool_sharpe=0.356366 sym_sharpe=0.356366 sharpe=0.356366 pnl=+1602.6673 trades=625 wins=0 losses=0,True
NVDA,SHORT,tradier,2024-01-01,2.309823940984105,889,0.190702,0.190702,1.057045246729644,406.83326883445795,406.83326883445795,53.9344787310748,114228,14.35,2,5,50.0,none,True,True,True,/tmp/gr_wt_dc_2of5_override.json,/Users/niels/Documents/binance/data/sweep_results/v8_vec_sweep_1786333267_57432.jsonl,/Users/niels/Documents/binance/data/sweep_results/v8_vec_sweep_1786333267_57432_trades.jsonl,/Users/niels/Documents/binance/data/sweep_results/v8_vec_sweep_1786333267_57432.csv,V8_RESULT: pool_sharpe=0.190702 sym_sharpe=0.190702 sharpe=0.190702 pnl=+939.7132 trades=889 wins=0 losses=0,True
TSLA,LONG,tradier,2024-01-01,0.4020267700965853,13,0.032725,0.0,0.03256159501883206,1.052916787464478,1.052916787464478,3.259322771508871,1261,2.14,2,5,50.0,none,True,True,True,/tmp/gr_wt_dc_2of5_override.json,/Users/niels/Documents/binance/data/sweep_results/v8_vec_sweep_1786333282_57923.jsonl,/Users/niels/Documents/binance/data/sweep_results/v8_vec_sweep_1786333282_57923_trades.jsonl,/Users/niels/Documents/binance/data/sweep_results/v8_vec_sweep_1786333282_57923.csv,V8_RESULT: pool_sharpe=0.032725 sym_sharpe=0.000000 sharpe=0.032725 pnl=+0.4233 trades=13 wins=0 losses=0,True
TSLA,SHORT,tradier,2024-01-01,0.4020267700965853,90,0.121763,0.121763,2.629972036913831,588.7605028525319,588.7605028525319,99.26617149025972,1261,1.38,2,5,50.0,none,True,True,True,/tmp/gr_wt_dc_2of5_override.json,/Users/niels/Documents/binance/data/sweep_results/v8_vec_sweep_1786333283_58062.jsonl,/Users/niels/Documents/binance/data/sweep_results/v8_vec_sweep_1786333283_58062_trades.jsonl,/Users/niels/Documents/binance/data/sweep_results/v8_vec_sweep_1786333283_58062.csv,V8_RESULT: pool_sharpe=0.121763 sym_sharpe=0.121763 sharpe=0.121763 pnl=+236.6975 trades=90 wins=0 losses=0,True
GOOGL,LONG,tradier,2024-01-01,2.329007909346718,675,0.152731,0.152731,0.8756053454674074,253.77054574120518,253.77054574120518,64.01518750935954,114260,15.08,2,5,50.0,none,True,True,True,/tmp/gr_wt_dc_2of5_override.json,/Users/niels/Documents/binance/data/sweep_results/v8_vec_sweep_1786333285_58079.jsonl,/Users/niels/Documents/binance/data/sweep_results/v8_vec_sweep_1786333285_58079_trades.jsonl,/Users/niels/Documents/binance/data/sweep_results/v8_vec_sweep_1786333285_58079.csv,V8_RESULT: pool_sharpe=0.152731 sym_sharpe=0.152731 sharpe=0.152731 pnl=+591.0336 trades=675 wins=0 losses=0,True
GOOGL,SHORT,tradier,2024-01-01,2.329007909346718,1054,0.099118,0.099118,0.3753451404059363,169.86364726379384,169.86364726379384,59.78440698283689,114260,11.93,2,5,50.0,none,True,True,True,/tmp/gr_wt_dc_2of5_override.json,/Users/niels/Documents/binance/data/sweep_results/v8_vec_sweep_1786333300_58619.jsonl,/Users/niels/Documents/binance/data/sweep_results/v8_vec_sweep_1786333300_58619_trades.jsonl,/Users/niels/Documents/binance/data/sweep_results/v8_vec_sweep_1786333300_58619.csv,V8_RESULT: pool_sharpe=0.099118 sym_sharpe=0.099118 sharpe=0.099118 pnl=+395.6138 trades=1054 wins=0 losses=0,True
MU,LONG,tradier,2024-01-01,2.309823940984105,752,0.511041,0.511041,3.1433560648820387,1023.3696685056393,1023.3696685056393,36.65284700420024,113358,16.41,2,5,50.0,none,True,True,True,/tmp/gr_wt_dc_2of5_override.json,/Users/niels/Documents/binance/data/sweep_results/v8_vec_sweep_1786333312_58973.jsonl,/Users/niels/Documents/binance/data/sweep_results/v8_vec_sweep_1786333312_58973_trades.jsonl,/Users/niels/Documents/binance/data/sweep_results/v8_vec_sweep_1786333312_58973.csv,V8_RESULT: pool_sharpe=0.511041 sym_sharpe=0.511041 sharpe=0.511041 pnl=+2363.8038 trades=752 wins=0 losses=0,True
MU,SHORT,tradier,2024-01-01,2.309823940984105,1004,0.244956,0.244956,1.5518907104851425,674.5528287594301,674.5528287594301,70.16597417537398,113358,17.89,2,5,50.0,none,True,True,True,/tmp/gr_wt_dc_2of5_override.json,/Users/niels/Documents/binance/data/sweep_results/v8_vec_sweep_1786333329_59535.jsonl,/Users/niels/Documents/binance/data/sweep_results/v8_vec_sweep_1786333329_59535_trades.jsonl,/Users/niels/Documents/binance/data/sweep_results/v8_vec_sweep_1786333329_59535.csv,V8_RESULT: pool_sharpe=0.244956 sym_sharpe=0.244956 sharpe=0.244956 pnl=+1558.0983 trades=1004 wins=0 losses=0,True
MSTR,LONG,tradier,2024-01-01,0.1840063883185033,33,0.113787,0.113787,0.7192466594076368,128.9908463360957,128.9908463360957,29.040269686729953,4371,3.86,2,5,50.0,none,True,True,True,/tmp/gr_wt_dc_2of5_override.json,/Users/niels/Documents/binance/data/sweep_results/v8_vec_sweep_1786333347_60154.jsonl,/Users/niels/Documents/binance/data/sweep_results/v8_vec_sweep_1786333347_60154_trades.jsonl,/Users/niels/Documents/binance/data/sweep_results/v8_vec_sweep_1786333347_60154.csv,V8_RESULT: pool_sharpe=0.113787 sym_sharpe=0.113787 sharpe=0.113787 pnl=+23.7351 trades=33 wins=0 losses=0,True
MSTR,SHORT,tradier,2024-01-01,0.1840063883185033,64,0.178295,0.178295,1.9724768922110705,686.0550997990227,686.0550997990227,58.148662639176315,4371,1.79,2,5,50.0,none,True,True,True,/tmp/gr_wt_dc_2of5_override.json,/Users/niels/Documents/binance/data/sweep_results/v8_vec_sweep_1786333350_60298.jsonl,/Users/niels/Documents/binance/data/sweep_results/v8_vec_sweep_1786333350_60298_trades.jsonl,/Users/niels/Documents/binance/data/sweep_results/v8_vec_sweep_1786333350_60298.csv,V8_RESULT: pool_sharpe=0.178295 sym_sharpe=0.178295 sharpe=0.178295 pnl=+126.2385 trades=64 wins=0 losses=0,True
PLTR,LONG,tradier,2024-01-01,0.1616472735569245,22,0.198355,0.0,1.2203124062383996,166.08305445863644,166.08305445863644,16.374357072122393,3785,2.18,2,5,50.0,none,True,True,True,/tmp/gr_wt_dc_2of5_override.json,/Users/niels/Documents/binance/data/sweep_results/v8_vec_sweep_1786333352_60340.jsonl,/Users/niels/Documents/binance/data/sweep_results/v8_vec_sweep_1786333352_60340_trades.jsonl,/Users/niels/Documents/binance/data/sweep_results/v8_vec_sweep_1786333352_60340.csv,V8_RESULT: pool_sharpe=0.198355 sym_sharpe=0.000000 sharpe=0.198355 pnl=+26.8469 trades=22 wins=0 losses=0,True
PLTR,SHORT,tradier,2024-01-01,0.1616472735569245,54,0.013699,0.013699,0.19444647545079366,64.95692406865878,64.95692406865878,64.39475678089707,3785,2.64,2,5,50.0,none,True,True,True,/tmp/gr_wt_dc_2of5_override.json,/Users/niels/Documents/binance/data/sweep_results/v8_vec_sweep_1786333355_60421.jsonl,/Users/niels/Documents/binance/data/sweep_results/v8_vec_sweep_1786333355_60421_trades.jsonl,/Users/niels/Documents/binance/data/sweep_results/v8_vec_sweep_1786333355_60421.csv,V8_RESULT: pool_sharpe=0.013699 sym_sharpe=0.013699 sharpe=0.013699 pnl=+10.5001 trades=54 wins=0 losses=0,True
LLY,LONG,tradier,2024-01-01,0.19107916951859458,29,-0.241572,0.0,-0.42580931236617175,-64.62488867692775,-64.62488867692775,14.93867643079291,1221,1.56,2,5,50.0,none,True,True,True,/tmp/gr_wt_dc_2of5_override.json,/Users/niels/Documents/binance/data/sweep_results/v8_vec_sweep_1786333356_60532.jsonl,/Users/niels/Documents/binance/data/sweep_results/v8_vec_sweep_1786333356_60532_trades.jsonl,/Users/niels/Documents/binance/data/sweep_results/v8_vec_sweep_1786333356_60532.csv,V8_RESULT: pool_sharpe=-0.241572 sym_sharpe=0.000000 sharpe=-0.241572 pnl=-12.3485 trades=29 wins=0 losses=0,True
LLY,SHORT,tradier,2024-01-01,0.19107916951859458,1,0.0,0.0,-0.402035968692749,-2.104028239737694,-2.104028239737694,0.0,1221,1.48,2,5,50.0,none,True,True,True,/tmp/gr_wt_dc_2of5_override.json,/Users/niels/Documents/binance/data/sweep_results/v8_vec_sweep_1786333358_60585.jsonl,/Users/niels/Documents/binance/data/sweep_results/v8_vec_sweep_1786333358_60585_trades.jsonl,/Users/niels/Documents/binance/data/sweep_results/v8_vec_sweep_1786333358_60585.csv,V8_RESULT: pool_sharpe=0.000000 sym_sharpe=0.000000 sharpe=0.000000 pnl=-0.4020 trades=1 wins=0 losses=0,True
GDX,LONG,tradier,2024-01-01,0.23584493117347327,27,0.272439,0.0,2.5304070684696773,289.68606833626836,289.68606833626836,28.43351538894487,5198,1.93,2,5,50.0,none,True,True,True,/tmp/gr_wt_dc_2of5_override.json,/Users/niels/Documents/binance/data/sweep_results/v8_vec_sweep_1786333360_60638.jsonl,/Users/niels/Documents/binance/data/sweep_results/v8_vec_sweep_1786333360_60638_trades.jsonl,/Users/niels/Documents/binance/data/sweep_results/v8_vec_sweep_1786333360_60638.csv,V8_RESULT: pool_sharpe=0.272439 sym_sharpe=0.000000 sharpe=0.272439 pnl=+68.3210 trades=27 wins=0 losses=0,True
GDX,SHORT,tradier,2024-01-01,0.23584493117347327,60,0.12303,0.12303,0.7329358427400682,186.4621399560964,186.4621399560964,37.48848802699422,5198,2.71,2,5,50.0,none,True,True,True,/tmp/gr_wt_dc_2of5_override.json,/Users/niels/Documents/binance/data/sweep_results/v8_vec_sweep_1786333362_60705.jsonl,/Users/niels/Documents/binance/data/sweep_results/v8_vec_sweep_1786333362_60705_trades.jsonl,/Users/niels/Documents/binance/data/sweep_results/v8_vec_sweep_1786333362_60705.csv,V8_RESULT: pool_sharpe=0.123030 sym_sharpe=0.123030 sharpe=0.123030 pnl=+43.9762 trades=60 wins=0 losses=0,True
GLD,LONG,tradier,2024-01-01,0.25784280173397217,20,0.050093,0.0,0.14686449312917876,11.391785393389059,11.391785393389059,11.79024149012236,4198,2.33,2,5,50.0,none,True,True,True,/tmp/gr_wt_dc_2of5_override.json,/Users/niels/Documents/binance/data/sweep_results/v8_vec_sweep_1786333364_60788.jsonl,/Users/niels/Documents/binance/data/sweep_results/v8_vec_sweep_1786333364_60788_trades.jsonl,/Users/niels/Documents/binance/data/sweep_results/v8_vec_sweep_1786333364_60788.csv,V8_RESULT: pool_sharpe=0.050093 sym_sharpe=0.000000 sharpe=0.050093 pnl=+2.9373 trades=20 wins=0 losses=0,True
GLD,SHORT,tradier,2024-01-01,0.25784280173397217,61,0.344367,0.344367,1.6412801570395532,388.2911948913315,388.2911948913315,9.745140095105805,4198,2.0,2,5,50.0,none,True,True,True,/tmp/gr_wt_dc_2of5_override.json,/Users/niels/Documents/binance/data/sweep_results/v8_vec_sweep_1786333367_60870.jsonl,/Users/niels/Documents/binance/data/sweep_results/v8_vec_sweep_1786333367_60870_trades.jsonl,/Users/niels/Documents/binance/data/sweep_results/v8_vec_sweep_1786333367_60870.csv,V8_RESULT: pool_sharpe=0.344367 sym_sharpe=0.344367 sharpe=0.344367 pnl=+100.1181 trades=61 wins=0 losses=0,True
IBIT,LONG,tradier,2024-01-01,0.0,0,0.0,0.0,0.0,0.0,0.0,0.0,1230,2.37,2,5,50.0,none,False,False,False,/tmp/gr_wt_dc_2of5_override.json,/Users/niels/Documents/binance/data/sweep_results/v8_vec_sweep_1786333369_60912.jsonl,/Users/niels/Documents/binance/data/sweep_results/v8_vec_sweep_1786333369_60912_trades.jsonl,/Users/niels/Documents/binance/data/sweep_results/v8_vec_sweep_1786333369_60912.csv,V8_RESULT: pool_sharpe=0.000000 sym_sharpe=0.000000 sharpe=0.000000 pnl=+0.0000 trades=0 wins=0 losses=0,False
IBIT,SHORT,tradier,2024-01-01,0.16698037873602556,122,0.091606,0.091606,0.7988172362212089,583.6356556182711,583.6356556182711,46.66226744520422,1230,1.46,2,5,50.0,none,True,True,True,/tmp/gr_wt_dc_2of5_override.json,/Users/niels/Documents/binance/data/sweep_results/v8_vec_sweep_1786333371_61006.jsonl,/Users/niels/Documents/binance/data/sweep_results/v8_vec_sweep_1786333371_61006_trades.jsonl,/Users/niels/Documents/binance/data/sweep_results/v8_vec_sweep_1786333371_61006.csv,V8_RESULT: pool_sharpe=0.091606 sym_sharpe=0.091606 sharpe=0.091606 pnl=+97.4557 trades=122 wins=0 losses=0,True
HAO,LONG,tradier,2024-01-01,0.29133394174461935,129,0.036577,0.036577,0.5763238854382371,255.19093579114588,255.19093579114588,99.28062814689976,10839,2.17,2,5,50.0,none,True,True,True,/tmp/gr_wt_dc_2of5_override.json,/Users/niels/Documents/binance/data/sweep_results/v8_vec_sweep_1786333372_61059.jsonl,/Users/niels/Documents/binance/data/sweep_results/v8_vec_sweep_1786333372_61059_trades.jsonl,/Users/niels/Documents/binance/data/sweep_results/v8_vec_sweep_1786333372_61059.csv,V8_RESULT: pool_sharpe=0.036577 sym_sharpe=0.036577 sharpe=0.036577 pnl=+74.3458 trades=129 wins=0 losses=0,True
HAO,SHORT,tradier,2024-01-01,0.29133394174461935,274,-0.004238,-0.004238,-0.0750431677273169,-70.57820943949311,-70.57820943949311,99.87187739531014,10839,2.55,2,5,50.0,none,True,True,True,/tmp/gr_wt_dc_2of5_override.json,/Users/niels/Documents/binance/data/sweep_results/v8_vec_sweep_1786333375_61116.jsonl,/Users/niels/Documents/binance/data/sweep_results/v8_vec_sweep_1786333375_61116_trades.jsonl,/Users/niels/Documents/binance/data/sweep_results/v8_vec_sweep_1786333375_61116.csv,V8_RESULT: pool_sharpe=-0.004238 sym_sharpe=-0.004238 sharpe=-0.004238 pnl=-20.5618 trades=274 wins=0 losses=0,True
ASTS,LONG,tradier,2024-01-01,0.21438892691459427,42,0.387146,0.387146,2.9161829039300438,571.2966790204321,571.2966790204321,32.016999873247215,4938,2.13,2,5,50.0,none,True,True,True,/tmp/gr_wt_dc_2of5_override.json,/Users/niels/Documents/binance/data/sweep_results/v8_vec_sweep_1786333377_61221.jsonl,/Users/niels/Documents/binance/data/sweep_results/v8_vec_sweep_1786333377_61221_trades.jsonl,/Users/niels/Documents/binance/data/sweep_results/v8_vec_sweep_1786333377_61221.csv,V8_RESULT: pool_sharpe=0.387146 sym_sharpe=0.387146 sharpe=0.387146 pnl=+122.4797 trades=42 wins=0 losses=0,True
ASTS,SHORT,tradier,2024-01-01,0.21438892691459427,87,0.378578,0.378578,5.396616983765854,2189.9716759842986,2189.9716759842986,55.29873514192012,4938,2.45,2,5,50.0,none,True,True,True,/tmp/gr_wt_dc_2of5_override.json,/Users/niels/Documents/binance/data/sweep_results/v8_vec_sweep_1786333379_61296.jsonl,/Users/niels/Documents/binance/data/sweep_results/v8_vec_sweep_1786333379_61296_trades.jsonl,/Users/niels/Documents/binance/data/sweep_results/v8_vec_sweep_1786333379_61296.csv,V8_RESULT: pool_sharpe=0.378578 sym_sharpe=0.378578 sharpe=0.378578 pnl=+469.5057 trades=87 wins=0 losses=0,True
RBLX,LONG,tradier,2024-01-01,0.2582040459350521,32,0.527686,0.527686,2.645652027915565,327.88357202812165,327.88357202812165,10.436765176740522,5492,2.11,2,5,50.0,none,True,True,True,/tmp/gr_wt_dc_2of5_override.json,/Users/niels/Documents/binance/data/sweep_results/v8_vec_sweep_1786333382_61393.jsonl,/Users/niels/Documents/binance/data/sweep_results/v8_vec_sweep_1786333382_61393_trades.jsonl,/Users/niels/Documents/binance/data/sweep_results/v8_vec_sweep_1786333382_61393.csv,V8_RESULT: pool_sharpe=0.527686 sym_sharpe=0.527686 sharpe=0.527686 pnl=+84.6609 trades=32 wins=0 losses=0,True
RBLX,SHORT,tradier,2024-01-01,0.2582040459350521,55,0.064623,0.064623,1.0603246425624304,225.85957214474783,225.85957214474783,92.79352716109697,5492,3.46,2,5,50.0,none,True,True,True,/tmp/gr_wt_dc_2of5_override.json,/Users/niels/Documents/binance/data/sweep_results/v8_vec_sweep_1786333384_61449.jsonl,/Users/niels/Documents/binance/data/sweep_results/v8_vec_sweep_1786333384_61449_trades.jsonl,/Users/niels/Documents/binance/data/sweep_results/v8_vec_sweep_1786333384_61449.csv,V8_RESULT: pool_sharpe=0.064623 sym_sharpe=0.064623 sharpe=0.064623 pnl=+58.3179 trades=55 wins=0 losses=0,True
VT,LONG,tradier,2024-01-01,2.035477983116587,494,-0.008912,-0.008912,-0.0502780805034711,-12.202230618424775,-12.202230618424775,70.09658558059904,41824,6.0,2,5,50.0,none,True,True,True,/tmp/gr_wt_dc_2of5_override.json,/Users/niels/Documents/binance/data/sweep_results/v8_vec_sweep_1786333387_61553.jsonl,/Users/niels/Documents/binance/data/sweep_results/v8_vec_sweep_1786333387_61553_trades.jsonl,/Users/niels/Documents/binance/data/sweep_results/v8_vec_sweep_1786333387_61553.csv,V8_RESULT: pool_sharpe=-0.008912 sym_sharpe=-0.008912 sharpe=-0.008912 pnl=-24.8374 trades=494 wins=0 losses=0,True
VT,SHORT,tradier,2024-01-01,2.035477983116587,677,-0.039884,-0.039884,-0.1442588996535013,-47.98051164173485,-47.98051164173485,84.16444652633903,41824,5.01,2,5,50.0,none,True,True,True,/tmp/gr_wt_dc_2of5_override.json,/Users/niels/Documents/binance/data/sweep_results/v8_vec_sweep_1786333393_61739.jsonl,/Users/niels/Documents/binance/data/sweep_results/v8_vec_sweep_1786333393_61739_trades.jsonl,/Users/niels/Documents/binance/data/sweep_results/v8_vec_sweep_1786333393_61739.csv,V8_RESULT: pool_sharpe=-0.039884 sym_sharpe=-0.039884 sharpe=-0.039884 pnl=-97.6633 trades=677 wins=0 losses=0,True
