account,symbol,side,open_ts,close_ts,held_min,actual_pnl,mfe_15m,mfe_30m,mfe_1h,mfe_2h,mfe_4h,ttp_4h_min,scalp_n,scalp_pnl,scalp_wr,reason_prefix,full_reason
inf,ACEUSDT,SHORT,2026-04-10T04:28:43+00:00,2026-04-10T04:42:16+00:00,13.6,0.0,,0.4599,0.4599,0.7117,1.2992,212,3,1.5149,100.0,QUICK_HEDGE_ELECTED,QUICK_HEDGE_ELECTED_SAHARAUSDT_LONG
inf,ACEUSDT,SHORT,2026-04-10T05:04:26+00:00,2026-04-10T05:20:25+00:00,16.0,-0.0,,-0.1017,0.4021,0.738,1.3259,204,3,1.6031,100.0,DELTA_EXIT_DELTA,DELTA_EXIT_DELTA_EXIT_speed_decay_tfs_lost=DEAD|DECEL|PEAK|TFLOST|MFI cur=0.00 max=15.54 mfi3m=45 mfi15m=40_gain=0.44%_MANDATORY_REENTRY
inf,ACEUSDT,SHORT,2026-04-10T05:20:47+00:00,2026-04-10T05:36:31+00:00,15.7,0.0,,-0.5063,0.1688,0.2532,0.8439,188,3,1.6031,100.0,DELTA_EXIT_DELTA,DELTA_EXIT_DELTA_EXIT_speed_decay_tfs_lost=DEAD|PEAK|OPP|TFLOST|MFI cur=0.49 max=15.54 mfi3m=61 mfi15m=40_gain=-0.43%_MANDATORY_REENTRY
inf,ACEUSDT,SHORT,2026-04-10T06:53:09+00:00,2026-04-10T07:01:16+00:00,8.1,-0.0,,0.1689,0.3378,0.7601,0.7601,103,2,1.0157,100.0,QUICK_HEDGE_WT,QUICK_HEDGE_WT_KILL_DELTA_DECEL_wt3m=-61.1/-40.4_wt15m=-12.5/-5.1_g0.3
inf,ACTUSDT,SHORT,2026-03-28T22:50:18+00:00,2026-04-02T11:12:52+00:00,6502.6,4.624,,4.3738,4.9574,5.0408,5.0408,107,2,-0.8783,50.0,QUICK_REDUCE_STRONG,QUICK_REDUCE_STRONG_REDUCE_k_1m:16/d_1m:18/k_3m:25/d_3m:29_SIMPLE_TP_0.00%_wt=declining_bc112_REDUCE
inf,AIAUSDT,LONG,2026-04-03T08:08:19+00:00,2026-04-04T10:13:28+00:00,1565.2,0.0,,1.6639,2.7275,2.7275,5.7077,226,5,1.9734,80.0,QUICK_REDUCE_STRONG,QUICK_REDUCE_STRONG_REDUCE_k_1m:100/d_1m:100/k_3m:100/d_3m:100_SIMPLE_TP_0.00%_wt=declining_bc112_REDUCE
inf,AIAUSDT,LONG,2026-04-04T10:58:08+00:00,2026-04-04T11:43:50+00:00,45.7,0.0,,-0.1456,-0.0328,2.121,11.649,226,6,2.9252,66.7,QUICK_HEDGE_CLEANUP,QUICK_HEDGE_CLEANUP_ORPHAN_REDUCE
inf,AIAUSDT,SHORT,2026-04-04T05:02:17+00:00,2026-04-04T05:51:25+00:00,49.1,0.0,,0.2549,0.2549,0.2549,0.2549,23,5,0.5946,60.0,QUICK_HEDGE_SAME,QUICK_HEDGE_SAME_SYM_LAST_RESORT
inf,AIUSDT,LONG,2026-04-04T15:21:00+00:00,2026-04-04T15:24:48+00:00,3.8,0.0,,0.0571,0.3218,0.3218,0.7982,215,1,0.7407,100.0,HEDGE_PROTECT_SHORT,HEDGE_PROTECT_SHORT_LOSS
inf,AIUSDT,SHORT,2026-04-04T13:31:23+00:00,2026-04-04T13:35:48+00:00,4.4,0.0,,1.647,1.647,1.647,1.647,24,5,-0.0654,60.0,SUBSTITUTION_FOR_inf:AIUSDT,SUBSTITUTION_FOR_inf:AIUSDT_SHORT_g-43.33
inf,AIUSDT,SHORT,2026-04-04T15:17:27+00:00,2026-04-04T15:52:18+00:00,34.9,0.0,,-0.163,0.2606,0.2606,0.2606,52,4,-0.5847,50.0,HEDGE_CLEANUP_R6,HEDGE_CLEANUP_R6_all_tf_wt_against_hedge_gain=0.01_main=-0.08_wt3m=23.9/18.8_wt15m=14.4/-1.6
inf,ALGOUSDT,SHORT,2026-03-17T09:52:37+00:00,2026-03-17T10:05:38+00:00,13.0,0.0961,0.0646,0.2532,0.2532,0.2532,1.301,186,0,0.0,0,QUICK_BASIS_CONDITION,QUICK_BASIS_CONDITION_VIOLATION
inf,ALTUSDT,LONG,2026-04-08T13:29:46+00:00,2026-04-08T13:31:28+00:00,1.7,-0.173,,-0.5128,-0.5128,-0.5128,-0.5128,28,4,-1.2142,50.0,QUICK_HEDGE_WT,QUICK_HEDGE_WT_KILL_wt1=2.6_wt2=9.8
inf,ANKRUSDT,SHORT,2026-03-18T11:09:32+00:00,2026-03-18T12:57:13+00:00,107.7,2.5763,2.9314,4.5446,5.2121,5.7313,7.4928,239,16,3.2124,81.2,Manual/System Detection,Manual/System Detection
inf,ANKRUSDT,SHORT,2026-03-18T15:16:41+00:00,2026-03-18T16:58:32+00:00,101.8,0.0,0.6202,0.6202,0.6202,0.6202,0.6202,1,10,-2.4709,30.0,Manual/System Detection,Manual/System Detection
inf,ARBUSDC,LONG,2026-04-04T16:04:52+00:00,2026-04-04T16:38:57+00:00,34.1,0.1079,,0.1079,0.6472,0.6472,0.863,141,3,0.8692,66.7,QUICK_HEDGE_SAME,QUICK_HEDGE_SAME_SYM_LAST_RESORT
inf,ARBUSDC,LONG,2026-04-04T21:17:56+00:00,2026-04-04T23:01:32+00:00,103.6,-0.0,,-0.3196,-0.2118,-0.2118,-0.2118,43,1,-0.6486,0.0,HEDGE_CLEANUP_R6,HEDGE_CLEANUP_R6_all_tf_wt_against_hedge_gain=0.00_main=-0.20_wt3m=-12.8/-7.7_wt15m=-13.7/-13.2
inf,ARBUSDC,LONG,2026-04-14T17:11:00+00:00,2026-04-14T17:17:07+00:00,6.1,0.1342,,0.1302,0.1302,0.1302,0.1302,12,3,-1.9837,0.0,QUICK_HEDGE_WT,QUICK_HEDGE_WT_KILL_DELTA_DECEL_wt3m=62.6/41.5_wt15m=13.9/2.2_g0.3
inf,ARPAUSDT,LONG,2026-04-04T21:05:39+00:00,2026-04-04T21:09:06+00:00,3.5,0.141,,-0.1085,-0.1085,-0.1085,-0.1085,5,3,-0.7605,33.3,HEDGE_CLEANUP_R6,HEDGE_CLEANUP_R6_main_recovered_gain=0.25_main=gone_wt3m=3.4/-1.0_wt15m=-2.6/-6.2
inf,ASTERUSDT,LONG,2026-03-29T03:25:01+00:00,2026-03-29T04:40:53+00:00,75.9,-0.0,,,,,-0.1712,214,0,0.0,0.0,QUICK_HEDGE_CLEANUP,QUICK_HEDGE_CLEANUP_ORPHAN_REDUCE
inf,AVAUSDT,SHORT,2026-03-22T06:59:09+00:00,2026-03-22T12:30:26+00:00,331.3,1.4313,,1.0197,1.4983,1.7376,2.2162,239,2,1.1153,100.0,Manual/System Detection,Manual/System Detection
inf,AXSUSDT,SHORT,2026-03-17T07:28:46+00:00,2026-03-17T08:21:44+00:00,53.0,-0.1215,0.0083,0.0407,0.0407,0.0407,0.0894,239,0,0.0,0,Manual/System Detection,Manual/System Detection
inf,AXSUSDT,SHORT,2026-03-17T10:22:17+00:00,2026-03-17T10:54:50+00:00,32.5,0.3152,-0.0077,-0.0077,0.2345,0.9609,1.1224,182,0,0.0,0,QUICK_BASIS_CONDITION,QUICK_BASIS_CONDITION_VIOLATION
inf,AXSUSDT,SHORT,2026-03-19T21:51:09+00:00,2026-03-19T22:40:05+00:00,48.9,0.0,0.1268,0.1268,0.3269,0.3769,0.3769,61,0,0.0,0,QUICK_HEDGE_KILL,QUICK_HEDGE_KILL_STRICT_LOSS_-0.14%_REDUCE
inf,AXSUSDT,SHORT,2026-03-22T05:29:35+00:00,2026-03-22T08:13:06+00:00,163.5,2.0572,2.2763,2.2763,2.2763,2.2763,2.8898,223,2,-0.1982,50.0,QUICK_CYCLE_TP,QUICK_CYCLE_TP_STOCH_AGAINST_1.93%_k15:86_k3:50
inf,BANANAS31USDT,LONG,2026-03-28T02:45:21+00:00,2026-03-28T03:02:04+00:00,16.7,0.386,,0.0077,0.0077,0.9805,1.1349,132,2,-0.3302,50.0,QUICK_HEDGE_ELECTED,QUICK_HEDGE_ELECTED_BANANAS31USDT_LONG
inf,BEATUSDT,LONG,2026-04-08T00:08:32+00:00,2026-04-08T00:15:48+00:00,7.3,1.2116,,2.361,2.361,2.361,2.361,14,7,-4.5958,28.6,QUICK_HEDGE_KILL,QUICK_HEDGE_KILL_REVERSING_-0.04%<prev-0.03%
inf,BEATUSDT,LONG,2026-04-08T01:37:55+00:00,2026-04-08T01:49:57+00:00,12.0,0.5947,,-1.2226,-1.2226,-1.2226,-1.2226,10,7,-2.4379,42.9,QUICK_HEDGE_SAME,QUICK_HEDGE_SAME_SYM_LAST_RESORT
inf,BEATUSDT,LONG,2026-04-08T02:21:18+00:00,2026-04-08T06:25:31+00:00,244.2,-5.5622,,-5.1349,-5.1349,-5.1349,-5.1349,4,5,-1.4801,20.0,QUICK_HEDGE_KILL,QUICK_HEDGE_KILL_REVERSING_-5.13%<prev-4.98%
inf,BEATUSDT,LONG,2026-04-08T14:42:01+00:00,2026-04-08T15:09:09+00:00,27.1,4.6328,,8.7445,10.8435,10.8435,10.8435,50,8,-0.3044,37.5,HAIKU_WINNER_AUG,HAIKU_WINNER_AUG_6.4pct
inf,BEATUSDT,LONG,2026-04-08T15:09:38+00:00,2026-04-08T15:30:06+00:00,20.5,1.3107,,5.2328,5.2328,5.2328,5.2328,29,7,-2.1136,28.6,QUICK_DELTA_SPEED,QUICK_DELTA_SPEED_EXIT_bs=0.86_es=1.00_btf=0_etf=0_fields=62
inf,BEATUSDT,SHORT,2026-04-07T19:36:30+00:00,2026-04-07T23:32:23+00:00,235.9,1.2477,,1.2477,1.2477,1.2477,5.3394,177,7,4.3325,71.4,WT_4H_VEL,WT_4H_VEL_EXIT_vel=48.9_g=2.26%_MANDATORY_REENTRY
inf,BLURUSDT,LONG,2026-04-06T09:30:39+00:00,2026-04-06T09:44:05+00:00,13.4,0.2867,,,0.6037,0.6037,0.6037,15,1,-0.7638,0.0,HEDGE_CLEANUP_R6,HEDGE_CLEANUP_R6_main_recovered_gain=0.33_main=0.54_wt3m=16.2/20.2_wt15m=15.6/3.9
inf,BNBUSDC,LONG,2026-04-04T15:19:47+00:00,2026-04-04T17:02:06+00:00,102.3,0.0,,0.3181,0.3469,0.9561,0.9561,117,1,0.6359,100.0,HEDGE_PROTECT_SHORT,HEDGE_PROTECT_SHORT_LOSS
inf,CHZUSDT,LONG,2026-03-16T03:00:43+00:00,2026-03-16T22:50:21+00:00,1189.6,-0.8254,,2.2601,2.4658,2.4658,2.5687,159,4,0.0104,50.0,Manual/System Detection,Manual/System Detection
inf,CRVUSDC,LONG,2026-04-08T20:38:49+00:00,2026-04-08T21:44:16+00:00,65.5,-0.0,,,0.3965,0.3965,0.3965,15,4,-2.7656,0.0,QUICK_HEDGE_ORPHAN,QUICK_HEDGE_ORPHAN_KILL_no_original
inf,EGLDUSDT,SHORT,2026-03-17T09:22:54+00:00,2026-03-17T12:43:25+00:00,200.5,0.4467,0.4284,0.4696,0.8583,0.9269,0.9269,73,1,0.3031,100.0,QUICK_BASIS_CONDITION,QUICK_BASIS_CONDITION_VIOLATION
inf,EGLDUSDT,SHORT,2026-03-19T13:14:57+00:00,2026-03-22T02:08:07+00:00,3653.2,0.6833,0.691,0.691,0.691,0.691,0.691,3,0,0.0,0,QUICK_HEDGE_PROTECT,QUICK_HEDGE_PROTECT_SHORT_LOSS
inf,FETUSDT,SHORT,2026-03-18T06:48:09+00:00,2026-03-18T08:10:57+00:00,82.8,1.0092,,0.732,1.3489,1.3489,2.6266,229,5,1.4639,80.0,Manual/System Detection,Manual/System Detection
inf,FIDAUSDT,SHORT,2026-04-02T00:56:43+00:00,2026-04-02T01:01:07+00:00,4.4,0.9312,,1.7551,1.7551,3.1989,5.5216,133,8,-6.1805,37.5,GUARANTEED_REENTRY_k1m85,GUARANTEED_REENTRY_k1m85_k3m35_exit0.0153_px0.0154_crossedFalse_attempt1
inf,FLUXUSDT,LONG,2026-03-29T05:22:40+00:00,2026-04-02T00:14:38+00:00,5452.0,4.9601,,,4.5136,4.5136,4.5136,30,6,-2.6695,33.3,FORCE_REDUCE_OVERSIZE,FORCE_REDUCE_OVERSIZE_83>$20
inf,HYPEUSDT,LONG,2026-03-17T14:49:01+00:00,2026-03-19T03:17:50+00:00,2188.8,-0.0793,,0.334,0.334,0.334,0.334,27,5,-2.1391,40.0,Manual/System Detection,Manual/System Detection
inf,HYPEUSDT,LONG,2026-03-19T06:16:23+00:00,2026-03-19T12:11:36+00:00,355.2,-5.2005,,-5.3574,-5.3574,-4.7716,-4.5522,213,5,1.137,60.0,Manual/System Detection,Manual/System Detection
inf,IDUSDT,LONG,2026-04-04T10:58:23+00:00,2026-04-04T11:29:24+00:00,31.0,0.0,,,0.907,0.907,0.907,30,4,-1.7791,25.0,QUICK_HEDGE_BAL,QUICK_HEDGE_BAL_CLOSE_SENT-1_RATIO0.00
inf,IDUSDT,LONG,2026-04-04T11:30:08+00:00,2026-04-04T11:56:40+00:00,26.5,0.0,,0.7235,0.7235,0.7235,0.7235,3,4,-1.8101,25.0,WT_15M_SAME,WT_15M_SAME_HEDGE_FOR_inf:IDUSDT_SHORT_wt116.6
inf,IDUSDT,LONG,2026-04-04T12:04:00+00:00,2026-04-04T12:07:53+00:00,3.9,0.0,,-0.4371,-0.4371,-0.4371,-0.0624,157,3,0.5347,66.7,QUICK_HEDGE_SAME,QUICK_HEDGE_SAME_SYM_LAST_RESORT
inf,IDUSDT,LONG,2026-04-04T12:22:49+00:00,2026-04-04T20:03:06+00:00,460.3,-0.637,,-1.1408,-0.9527,-0.9527,-0.3883,236,2,1.1093,100.0,QUICK_REDUCE_STRONG,QUICK_REDUCE_STRONG_REDUCE_k_1m:99/d_1m:99/k_3m:87/d_3m:74_SIMPLE_TP_0.00%_wt=declining_bc112_REDUCE
inf,INXUSDT,LONG,2026-04-02T10:42:10+00:00,2026-04-02T11:52:29+00:00,70.3,0.1517,,0.3196,0.3619,0.3619,0.4127,217,2,-0.6994,50.0,ORPHANED_HEDGE_INSTANT,ORPHANED_HEDGE_INSTANT_KILL
inf,INXUSDT,SHORT,2026-04-02T10:41:50+00:00,2026-04-02T10:46:36+00:00,4.8,0.7208,,0.0,0.0,0.0509,0.6869,178,5,0.6491,80.0,QUICK_REDUCE_STRONG,QUICK_REDUCE_STRONG_REDUCE_k_1m:0/d_1m:3/k_3m:55/d_3m:77_SIMPLE_TP_0.00%_wt=deep_tp_bc112_REDUCE
inf,JASMYUSDT,LONG,2026-03-29T11:07:08+00:00,2026-04-01T23:50:58+00:00,5083.8,0.6131,,0.7975,1.5983,1.5983,1.5983,39,5,-1.351,40.0,QUICK_REDUCE_STRONG,QUICK_REDUCE_STRONG_REDUCE_k_1m:20/d_1m:9/k_3m:70/d_3m:78_SIMPLE_TP_0.00%_wt=declining_bc112_REDUCE
inf,JTOUSDT,SHORT,2026-03-17T09:23:03+00:00,2026-03-17T12:44:31+00:00,201.5,0.5299,,,0.5299,0.5299,0.5299,45,3,-1.0288,33.3,QUICK_BASIS_CONDITION,QUICK_BASIS_CONDITION_VIOLATION
inf,KASUSDT,LONG,2026-03-29T16:50:16+00:00,2026-03-29T17:15:59+00:00,25.7,0.0385,,0.1172,0.178,0.178,0.178,44,4,-0.605,50.0,HEDGE_PROTECT_LONG,HEDGE_PROTECT_LONG_LOSS
inf,LDOUSDT,SHORT,2026-03-17T15:54:27+00:00,2026-03-17T16:02:32+00:00,8.1,0.0467,,-0.0469,0.1715,0.1715,0.2963,222,3,0.2491,66.7,Manual/System Detection,Manual/System Detection
inf,LPTUSDT,LONG,2026-04-02T05:48:12+00:00,2026-04-02T06:20:00+00:00,31.8,0.1264,,0.3972,0.4469,0.5462,0.5462,85,2,-0.2933,50.0,QUICK_REDUCE_STRONG,QUICK_REDUCE_STRONG_REDUCE_k_1m:68/d_1m:66/k_3m:47/d_3m:51_SIMPLE_TP_0.00%_wt=declining_bc112_REDUCE
inf,LPTUSDT,LONG,2026-04-14T14:32:58+00:00,2026-04-14T14:33:34+00:00,0.6,-0.2045,,-0.8188,-0.8188,-0.8188,-0.8188,11,3,-1.9118,0.0,QUICK_HEDGE_WT,QUICK_HEDGE_WT_KILL_DELTA_DECEL_wt3m=36.1/20.4_wt15m=9.5/3.7_g0.0
inf,MANAUSDT,SHORT,2026-03-16T21:40:04+00:00,2026-03-17T15:59:47+00:00,1099.7,1.0033,1.0651,1.0651,1.1062,1.1062,1.1062,42,0,0.0,0,Manual/System Detection,Manual/System Detection
inf,MELANIAUSDT,LONG,2026-04-13T22:20:57+00:00,2026-04-13T22:39:11+00:00,18.2,-0.0,,0.9766,1.0742,1.0742,1.0742,35,1,-0.677,0.0,QUICK_BANDAID_OFF,QUICK_BANDAID_OFF_wt15m_-17.9>-13.9_hgain0.16%
inf,MELANIAUSDT,LONG,2026-04-13T22:43:48+00:00,2026-04-13T23:11:58+00:00,28.2,0.2619,,0.4854,0.4854,0.4854,0.4854,3,2,-1.3572,0.0,QUICK_HEDGE_WT,QUICK_HEDGE_WT_KILL_DELTA_DECEL_wt3m=54.0/37.3_wt15m=17.9/10.6_g0.4
inf,MEMEUSDT,LONG,2026-03-29T03:17:24+00:00,2026-04-01T22:12:39+00:00,5455.2,2.6697,,2.6403,2.6403,2.6403,2.8359,137,5,-2.2148,20.0,QUICK_AUGMENTED_DC,QUICK_AUGMENTED_DC_BREAK_REDUCE_TO_MIN_2.75%
inf,MINAUSDT,LONG,2026-04-02T01:32:14+00:00,2026-04-02T01:43:37+00:00,11.4,0.8441,,0.9929,0.9929,0.9929,1.1148,211,5,-1.1324,60.0,QUICK_REDUCE_STRONG,QUICK_REDUCE_STRONG_REDUCE_k_1m:100/d_1m:98/k_3m:24/d_3m:12_SIMPLE_TP_0.00%_wt=declining_bc112_REDUCE
inf,MOODENGUSDT,SHORT,2026-03-16T22:13:32+00:00,2026-03-18T18:03:35+00:00,2630.1,0.6836,,2.1468,2.6779,3.323,3.323,116,6,1.9559,83.3,QUICK_BREAK_EVEN,QUICK_BREAK_EVEN_GUARD_CLOSE_peak5.12%_curr0.67%
inf,MOODENGUSDT,SHORT,2026-03-18T18:14:33+00:00,2026-03-18T20:04:00+00:00,109.5,0.8554,,1.2256,1.2256,1.2256,1.2256,11,3,0.3611,66.7,Manual/System Detection,Manual/System Detection
inf,NMRUSDT,SHORT,2026-03-25T03:33:33+00:00,2026-04-15T07:40:48+00:00,30487.2,-5.0728,,-4.2921,-4.2921,-4.2921,-3.9647,184,2,-0.193,50.0,DELTA_EXIT_DELTA,DELTA_EXIT_DELTA_EXIT_speed_decay_tfs_lost=DEAD|PEAK|TFLOST|MFI cur=0.00 max=13.42 mfi3m=44 mfi15m=35_gain=0.01%_MANDATORY_REENTRY
inf,NOTUSDT,LONG,2026-03-29T17:55:58+00:00,2026-04-02T00:14:11+00:00,4698.2,5.8772,,,6.7251,6.7251,6.7251,15,4,-2.8596,0.0,WT_4H_VEL,WT_4H_VEL_EXIT_vel=-47.6_g=5.83%_MANDATORY_REENTRY
inf,PARTIUSDT,LONG,2026-04-04T21:42:41+00:00,2026-04-05T02:04:51+00:00,262.2,0.5063,,1.3428,1.367,1.367,1.367,40,5,-2.0222,20.0,WT_2of3_REENTRY,WT_2of3_REENTRY_2of3
inf,PHBUSDT,LONG,2026-04-14T20:13:36+00:00,2026-04-14T20:15:31+00:00,1.9,0.1077,,0.7111,0.8213,0.8213,0.9315,149,1,-0.547,0.0,QUICK_HEDGE_WT,QUICK_HEDGE_WT_KILL_DELTA_DECEL_wt3m=24.6/15.1_wt15m=-3.7/-4.2_g0.0
inf,PTBUSDT,LONG,2026-04-07T03:15:53+00:00,2026-04-07T11:48:14+00:00,512.4,0.0,,1.7559,1.7559,1.7559,1.7559,11,6,-6.8466,16.7,inf:PTBUSDT_LONG_QUICK,"inf:PTBUSDT_LONG_QUICK_MAX_GAIN_3PCT_AUGMENT_7.70%|MANIP_FLAG_CUT(sev=2,mult=0.3)_k_15m:80.31209283357302_k_15mp:0_k_3m93.25_ha3green"
inf,PTBUSDT,LONG,2026-04-07T12:06:32+00:00,2026-04-08T01:00:26+00:00,773.9,-7.0725,,-7.8279,-7.8279,-6.0384,-5.1122,164,5,3.7134,60.0,QUICK_HEDGE_WT,QUICK_HEDGE_WT_KILL_wt1=-8.3_wt2=-4.5
inf,RDNTUSDT,SHORT,2026-03-18T11:27:09+00:00,2026-03-18T11:46:59+00:00,19.8,0.7355,,1.7433,2.2252,2.2252,3.9779,238,4,1.8656,100.0,Manual/System Detection,Manual/System Detection
inf,RDNTUSDT,SHORT,2026-03-18T12:16:27+00:00,2026-03-18T12:50:09+00:00,33.7,-1.6917,,0.47,0.47,1.0272,2.3198,174,4,0.8286,75.0,Manual/System Detection,Manual/System Detection
inf,RIFUSDT,LONG,2026-04-15T02:18:23+00:00,2026-04-15T02:53:12+00:00,34.8,0.2298,,2.6344,2.6344,5.673,5.8041,126,7,1.1516,57.1,DELTA_EXIT_DELTA,DELTA_EXIT_DELTA_EXIT_speed_decay_tfs_lost=DEAD|PEAK|OPP|TFLOST|DC_POS_3M_DOWN cur=0.04 max=12.52 mfi3m=47 mfi15m=69_gain=-1.30%_MANDATORY_REENTRY
inf,RIFUSDT,LONG,2026-04-15T04:04:46+00:00,2026-04-15T04:06:33+00:00,1.8,-0.2786,,3.6005,3.7291,3.7291,3.7291,53,8,6.6568,75.0,QUICK_HEDGE_ELECTED,QUICK_HEDGE_ELECTED_WUSDT_SHORT
inf,RIFUSDT,LONG,2026-04-15T04:15:18+00:00,2026-04-15T04:23:42+00:00,8.4,0.0151,,2.2467,2.3736,2.3736,2.3736,36,7,0.5105,57.1,QUICK_HEDGE_WT,QUICK_HEDGE_WT_KILL_15m_wt3m=41.5/26.7_wt15m=6.3/14.9_g0.0
inf,RLCUSDT,SHORT,2026-03-18T15:27:29+00:00,2026-03-18T17:52:33+00:00,145.1,-1.7618,-1.7291,-1.6078,-1.0246,-0.7166,-0.292,154,2,0.8371,100.0,Manual/System Detection,Manual/System Detection
inf,RUNEUSDT,LONG,2026-04-04T21:13:58+00:00,2026-04-04T21:23:38+00:00,9.7,0.4521,,0.7447,0.9309,0.9309,0.9574,201,0,0.0,0,QUICK_HEDGE_SAME,QUICK_HEDGE_SAME_SYM_LAST_RESORT
inf,SAGAUSDT,LONG,2026-04-02T00:17:41+00:00,2026-04-02T00:20:30+00:00,2.8,0.0,,1.4452,1.4452,1.4452,1.4452,24,5,-2.0025,40.0,HEDGE_CLEANUP_R6,HEDGE_CLEANUP_R6_wt1=-6.5_wt2=-2.0_gain=0.00
inf,SAHARAUSDT,SHORT,2026-03-28T02:39:17+00:00,2026-03-29T04:14:05+00:00,1534.8,-2.9226,,,-1.9943,-1.6876,-0.746,225,4,0.6136,75.0,QUICK_HEDGE_PREEMPTIVE,QUICK_HEDGE_PREEMPTIVE_CLOSE_-2.758pct_age7m
inf,SANDUSDT,SHORT,2026-03-18T11:35:10+00:00,2026-03-18T11:50:23+00:00,15.2,0.7835,1.3738,1.6952,2.3288,2.6753,5.1027,216,3,1.069,100.0,Manual/System Detection,Manual/System Detection
inf,SKYAIUSDT,LONG,2026-03-17T02:34:43+00:00,2026-03-17T15:07:12+00:00,752.5,0.059,,-3.8812,-3.8812,-3.7616,-3.7616,112,1,-0.539,0.0,Manual/System Detection,Manual/System Detection
inf,STGUSDT,LONG,2026-03-16T23:57:00+00:00,2026-03-17T15:05:54+00:00,908.9,-0.0493,,0.9991,1.4984,2.2473,3.795,234,3,2.3655,100.0,Manual/System Detection,Manual/System Detection
inf,STOUSDT,LONG,2026-03-28T17:30:13+00:00,2026-03-28T17:44:22+00:00,14.2,-1.6991,,,1.854,2.3055,4.6956,195,4,1.4346,75.0,QUICK_HEDGE_PROTECT,QUICK_HEDGE_PROTECT_SHORT_LOSS
inf,STOUSDT,SHORT,2026-03-28T02:34:29+00:00,2026-03-28T02:39:21+00:00,4.9,0.0739,,0.6981,0.6981,0.7606,0.7606,65,5,2.065,100.0,QUICK_HEDGE_ELECTED,QUICK_HEDGE_ELECTED_FETUSDT_LONG
inf,SUPERUSDT,SHORT,2026-03-18T13:49:12+00:00,2026-03-19T07:23:31+00:00,1054.3,1.2627,,1.0022,1.089,1.089,1.089,51,3,0.1738,66.7,Manual/System Detection,Manual/System Detection
inf,TAOUSDT,SHORT,2026-04-08T18:59:11+00:00,2026-04-08T19:04:35+00:00,5.4,0.2417,,0.6494,0.6494,1.1358,2.3199,220,5,1.4806,80.0,QUICK_BANDAID_OFF,QUICK_BANDAID_OFF_wt15m_-1.5>-3.0_hgain0.12%
inf,TAOUSDT,SHORT,2026-04-08T20:27:33+00:00,2026-04-08T20:30:37+00:00,3.1,0.0001,,1.1627,1.5583,2.277,3.195,239,4,1.8326,100.0,HEDGE_CLEANUP_R6,HEDGE_CLEANUP_R6_all_tf_wt_against_hedge_gain=0.02_main=-1.32_wt3m=26.2/18.1_wt15m=2.5/-5.7
inf,TAOUSDT,SHORT,2026-04-08T20:37:35+00:00,2026-04-08T21:52:17+00:00,74.7,1.0007,,1.6631,1.733,1.733,2.5869,157,3,0.4269,66.7,QUICK_HEDGE_SAME,QUICK_HEDGE_SAME_SYM_LAST_RESORT
inf,TAOUSDT,SHORT,2026-04-08T21:54:04+00:00,2026-04-08T22:18:44+00:00,24.7,0.1534,,0.8098,0.8098,0.9294,1.6717,131,2,-0.1262,50.0,QUICK_HEDGE_KILL,QUICK_HEDGE_KILL_REVERSING_-2.84%<prev-2.59%
inf,TNSRUSDT,LONG,2026-04-08T13:47:56+00:00,2026-04-08T13:51:20+00:00,3.4,0.1381,,-0.0118,-0.0118,-0.0118,0.288,188,5,0.0404,60.0,QUICK_HEDGE_CLEANUP,QUICK_HEDGE_CLEANUP_ORPHAN_REDUCE
inf,TNSRUSDT,SHORT,2026-04-08T13:37:59+00:00,2026-04-08T13:49:12+00:00,11.2,-0.0045,,0.8449,1.4173,1.4718,1.4718,85,4,0.0957,50.0,QUICK_HEDGE_WT,QUICK_HEDGE_WT_KILL_wt1=3.0_wt2=0.1
inf,TNSRUSDT,SHORT,2026-04-14T12:32:59+00:00,2026-04-14T12:49:39+00:00,16.7,0.0,,-0.0257,-0.0257,-0.0257,1.1297,235,5,-0.1047,60.0,DELTA_EXIT_DELTA,DELTA_EXIT_DELTA_EXIT_speed_decay_tfs_lost=DEAD|PEAK|TFLOST|MFI cur=0.00 max=8.34 mfi3m=25 mfi15m=31_gain=0.10%_MANDATORY_REENTRY
inf,TNSRUSDT,SHORT,2026-04-14T13:02:47+00:00,2026-04-14T16:23:10+00:00,200.4,-0.0,,1.073,1.073,1.073,1.4583,141,3,0.5101,66.7,DELTA_EXIT_DELTA,DELTA_EXIT_DELTA_EXIT_speed_decay_tfs_lost=DEAD|PEAK|TFLOST|MFI cur=0.00 max=8.32 mfi3m=36 mfi15m=70_gain=-0.08%_MANDATORY_REENTRY
inf,TNSRUSDT,SHORT,2026-04-14T17:38:08+00:00,2026-04-14T18:19:42+00:00,41.6,0.0059,,0.6756,0.6756,0.6756,0.6756,25,5,0.9549,80.0,DELTA_EXIT_DELTA,DELTA_EXIT_DELTA_EXIT_speed_decay_tfs_lost=DEAD|PEAK|TFLOST|MFI cur=0.00 max=13.08 mfi3m=69 mfi15m=20_gain=-0.14%_MANDATORY_REENTRY
inf,TONUSDT,LONG,2026-04-08T00:38:08+00:00,2026-04-08T01:19:52+00:00,41.7,0.3211,,0.1356,0.2243,0.7566,1.8695,235,3,1.2011,100.0,HEDGE_CLEANUP_R6,HEDGE_CLEANUP_R6_all_tf_wt_against_hedge_gain=0.38_main=-0.40_wt3m=45.6/63.9_wt15m=-3.9/4.1
inf,TONUSDT,LONG,2026-04-08T01:53:59+00:00,2026-04-08T04:34:11+00:00,160.2,0.0,,1.6333,1.738,2.0118,2.487,235,3,0.9977,100.0,QUICK_HEDGE_SAME,QUICK_HEDGE_SAME_SYM_LAST_RESORT
inf,TRUUSDT,SHORT,2026-04-08T02:31:52+00:00,2026-04-08T02:58:58+00:00,27.1,6.5811,,6.1043,8.5311,10.4982,11.9414,211,6,4.0342,66.7,QUICK_DELTA_SPEED,QUICK_DELTA_SPEED_EXIT_bs=0.42_es=0.00_btf=0_etf=0_fields=62
inf,TRXUSDT,LONG,2026-03-17T18:02:15+00:00,2026-03-17T21:45:58+00:00,223.7,0.1341,0.3123,0.4354,0.4354,0.6253,1.1067,206,0,0.0,0,Manual/System Detection,Manual/System Detection
inf,TUSDT,SHORT,2026-03-18T08:17:03+00:00,2026-03-18T08:50:00+00:00,33.0,0.293,,0.6514,0.6514,0.6514,4.416,220,3,2.1062,100.0,QUICK_SENTIMENT_CUT,QUICK_SENTIMENT_CUT_GAIN0.3
inf,TUSDT,SHORT,2026-03-18T14:38:38+00:00,2026-03-18T15:42:00+00:00,63.4,0.4013,,0.794,0.9451,1.1868,1.1868,78,5,-0.0484,60.0,Manual/System Detection,Manual/System Detection
inf,TWTUSDT,LONG,2026-04-02T20:28:57+00:00,2026-04-04T04:37:09+00:00,1928.2,0.0,,2.5137,2.5137,2.5137,2.5137,7,4,-1.6071,25.0,QUICK_REDUCE_STRONG,QUICK_REDUCE_STRONG_REDUCE_k_1m:83/d_1m:56/k_3m:61/d_3m:51_SIMPLE_TP_0.00%_wt=deep_tp_bc112_REDUCE
inf,UNIUSDC,LONG,2026-04-02T00:24:02+00:00,2026-04-02T00:25:57+00:00,1.9,-0.0231,,0.5067,0.5067,0.5067,0.5067,4,6,-5.5867,0.0,HEDGE_CLEANUP_R6,HEDGE_CLEANUP_R6_wt1=88.9_wt2=103.5_gain=0.03
inf,USUALUSDT,LONG,2026-03-28T17:29:51+00:00,2026-03-28T19:07:11+00:00,97.3,0.0504,,-0.2788,-0.1965,-0.1965,-0.1965,52,3,-1.2393,33.3,QUICK_HEDGE_PREEMPTIVE,QUICK_HEDGE_PREEMPTIVE_CLOSE_-0.424pct_age56m
inf,VANAUSDT,SHORT,2026-03-19T04:56:22+00:00,2026-03-19T06:46:39+00:00,110.3,0.0,,0.8457,0.8457,0.9866,0.9866,88,3,0.066,66.7,Manual/System Detection,Manual/System Detection
inf,VIRTUALUSDT,LONG,2026-04-02T00:15:27+00:00,2026-04-02T00:41:32+00:00,26.1,0.7398,,0.8671,0.8671,0.8671,0.8671,3,4,-3.5278,0.0,QUICK_HEDGE_BAL,QUICK_HEDGE_BAL_CLOSE_SENT-1_RATIO0.00
inf,WUSDT,LONG,2026-04-08T20:32:34+00:00,2026-04-08T21:49:32+00:00,77.0,0.0,,-0.6264,-0.6264,-0.6264,-0.6264,10,4,-1.4414,25.0,QUICK_HEDGE_CLEANUP,QUICK_HEDGE_CLEANUP_ORPHAN_REDUCE
inf,XPLUSDT,LONG,2026-04-02T07:19:55+00:00,2026-04-02T07:26:11+00:00,6.3,0.0903,,0.722,0.722,0.722,0.722,18,4,-1.6201,25.0,HEDGE_PROTECT_SHORT,HEDGE_PROTECT_SHORT_LOSS
inf,XPLUSDT,LONG,2026-04-02T08:45:05+00:00,2026-04-04T12:06:18+00:00,3081.2,0.0,,2.5252,4.4465,4.4465,6.1931,203,7,2.2959,71.4,QUICK_HEDGE_ORPHAN,QUICK_HEDGE_ORPHAN_KILL_no_original
inf,XPLUSDT,LONG,2026-04-04T12:18:41+00:00,2026-04-04T12:23:59+00:00,5.3,0.0,,1.6281,2.485,2.485,4.1988,186,7,2.382,71.4,HEDGE_PROTECT_SHORT,HEDGE_PROTECT_SHORT_LOSS
ang,1000BONKUSDC,LONG,2026-03-28T23:05:14+00:00,2026-03-28T23:11:31+00:00,6.3,0.0,,,,,-0.548,213,0,0.0,0,QUICK_BANDAID_OFF,QUICK_BANDAID_OFF_wt_favor_3of5_hgain-0.20%
ang,1000BONKUSDC,LONG,2026-03-29T10:47:59+00:00,2026-03-29T12:13:51+00:00,85.9,0.1711,,0.1184,0.1535,0.1535,0.1535,31,1,-0.7553,0.0,QUICK_AUGMENTED_DC,QUICK_AUGMENTED_DC_BREAK_REDUCE_TO_MIN_0.29%
ang,1MBABYDOGEUSDT,LONG,2026-04-03T01:39:04+00:00,2026-04-03T02:19:25+00:00,40.4,0.5516,,0.02,0.6579,0.6579,1.2958,190,3,1.7233,100.0,QUICK_REALLOC_FOR,QUICK_REALLOC_FOR_RAYSOLUSDT_5pct
ang,1MBABYDOGEUSDT,SHORT,2026-03-29T23:20:16+00:00,2026-04-02T09:13:25+00:00,4913.1,0.0,,0.8751,1.3524,1.8298,2.148,226,3,1.3694,100.0,QUICK_REDUCE_STRONG,QUICK_REDUCE_STRONG_REDUCE_k_1m:62/d_1m:47/k_3m:19/d_3m:13_SIMPLE_TP_0.00%_wt=declining_bc112_REDUCE
ang,ACEUSDT,SHORT,2026-04-06T11:21:55+00:00,2026-04-06T13:37:01+00:00,135.1,0.8313,,-0.2678,0.1578,0.1578,0.1578,52,3,1.5226,100.0,SUBSTITUTION_FOR_ang:ACEUSDT,SUBSTITUTION_FOR_ang:ACEUSDT_SHORT_g-20.01
ang,ACTUSDT,LONG,2026-04-15T19:12:34+00:00,2026-04-15T19:33:58+00:00,21.4,0.2801,,0.8797,0.8797,1.0296,1.7791,161,5,0.0991,40.0,DELTA_EXIT_DELTA,DELTA_EXIT_DELTA_EXIT_speed_decay_tfs_lost=DEAD|PEAK|TFLOST|MFI cur=0.00 max=12.80 mfi3m=26 mfi15m=50_gain=0.06%_MANDATORY_REENTRY
ang,AIAUSDT,SHORT,2026-04-08T05:46:49+00:00,2026-04-08T05:52:59+00:00,6.2,2.4878,,2.3085,2.6814,5.0694,7.3139,202,7,1.3973,57.1,HEDGE_CLEANUP_R6,HEDGE_CLEANUP_R6_main_recovered_gain=1.88_main=gone_wt3m=-56.6/-35.8_wt15m=20.4/21.8
ang,ALGOUSDT,LONG,2026-03-15T23:08:27+00:00,2026-03-16T23:48:35+00:00,1480.1,-0.8153,4.4631,4.6564,4.6564,4.6564,4.6564,26,0,0.0,0,Manual/System Detection,Manual/System Detection
ang,ANKRUSDT,LONG,2026-03-18T03:24:33+00:00,2026-03-18T03:57:05+00:00,32.5,0.2616,0.0112,0.0112,0.0112,4.0527,4.8991,239,1,-0.677,0.0,Manual/System Detection,Manual/System Detection
ang,APEUSDT,LONG,2026-03-30T00:41:39+00:00,2026-03-30T01:23:01+00:00,41.4,0.4154,,,,,2.2619,201,1,0.5855,100.0,MARGIN_FREE_FOR,MARGIN_FREE_FOR_ang:RSRUSDT_LONG
ang,APEUSDT,LONG,2026-04-03T00:48:51+00:00,2026-04-03T10:47:07+00:00,598.3,4.5297,,4.5895,5.0513,5.1667,5.1667,72,5,-2.4406,20.0,ang:APEUSDT_LONG_QUICK,ang:APEUSDT_LONG_QUICK_MAX_GAIN_3PCT_AUGMENT_7.13%_k_15m:81.13185539320754_k_15mp:0_k_3m50.23_ha3red
ang,API3USDT,LONG,2026-03-29T09:50:59+00:00,2026-04-02T00:14:12+00:00,5183.2,1.3066,,,1.9402,1.9402,1.9402,30,5,-0.6777,60.0,QUICK_REDUCE_STRONG,QUICK_REDUCE_STRONG_REDUCE_k_1m:79/d_1m:83/k_3m:100/d_3m:76_SIMPLE_TP_0.00%_wt=declining_bc112_REDUCE
ang,APTUSDT,LONG,2026-03-21T02:10:56+00:00,2026-03-21T07:02:44+00:00,291.8,1.6681,,1.956,1.956,3.5445,3.5445,117,5,0.5637,60.0,Manual/System Detection,Manual/System Detection
ang,ATOMUSDT,SHORT,2026-03-20T03:19:13+00:00,2026-03-20T05:01:07+00:00,101.9,0.1303,-0.1016,-0.1016,-0.1016,-0.1016,-0.1016,1,1,-0.6508,0.0,QUICK_SENTIMENT_CUT,QUICK_SENTIMENT_CUT_GAIN0.7_REDUCE
ang,AXSUSDT,LONG,2026-03-15T21:37:15+00:00,2026-03-15T22:10:44+00:00,33.5,0.0048,0.08,0.3374,0.7236,0.7236,0.7236,46,7,-1.5624,42.9,Manual/System Detection,Manual/System Detection
ang,BANANAS31USDT,LONG,2026-03-28T02:45:29+00:00,2026-03-28T02:45:48+00:00,0.3,-0.0463,,0.2006,0.2006,0.5941,1.0802,149,3,-0.7041,33.3,QUICK_HEDGE_RECOVERY,QUICK_HEDGE_RECOVERY_CLOSE_orig0.78%_REDUCE
ang,BANANAS31USDT,LONG,2026-03-28T02:46:01+00:00,2026-03-28T02:52:06+00:00,6.1,-0.0,,0.2195,0.2195,0.6131,1.0993,142,3,-0.7041,33.3,QUICK_HEDGE_RECOVERY,QUICK_HEDGE_RECOVERY_CLOSE_orig0.78%_REDUCE
ang,BANANAS31USDT,SHORT,2026-03-28T20:23:43+00:00,2026-03-28T22:08:15+00:00,104.5,0.7872,,1.8813,1.9411,1.956,1.956,81,3,-0.6742,33.3,QUICK_BANDAID_OFF,QUICK_BANDAID_OFF_wt_favor_3of5_hgain0.20%
ang,BANANAS31USDT,SHORT,2026-03-28T22:12:02+00:00,2026-03-28T22:53:07+00:00,41.1,0.8612,,0.9593,1.0046,1.0046,1.0046,36,3,-0.6742,33.3,QUICK_BANDAID_OFF,QUICK_BANDAID_OFF_wt_favor_3of5_hgain0.92%
ang,BANANAS31USDT,SHORT,2026-03-28T22:57:00+00:00,2026-03-28T23:08:08+00:00,11.1,0.2738,,0.2814,0.2814,0.2814,0.2814,21,4,-1.6691,25.0,QUICK_HEDGE_PREEMPTIVE,QUICK_HEDGE_PREEMPTIVE_CLOSE_-0.290pct_age999m
ang,BANANAS31USDT,SHORT,2026-03-28T23:11:02+00:00,2026-03-28T23:15:01+00:00,4.0,-0.0,,-0.268,-0.268,-0.268,-0.268,14,4,-1.7051,25.0,QUICK_HEDGE_PREEMPTIVE,QUICK_HEDGE_PREEMPTIVE_CLOSE_-0.290pct_age999m
ang,BANANAUSDT,SHORT,2026-03-17T09:53:31+00:00,2026-03-17T10:22:40+00:00,29.1,0.0,,0.5215,0.5215,1.0094,1.1802,127,3,-0.9631,33.3,QUICK_BASIS_CONDITION,QUICK_BASIS_CONDITION_VIOLATION
ang,BANDUSDT,LONG,2026-03-15T06:09:59+00:00,2026-03-15T08:07:51+00:00,117.9,0.5387,0.5387,0.5387,0.668,0.668,1.2713,154,0,0.0,0,Manual/System Detection,Manual/System Detection
ang,BATUSDT,SHORT,2026-03-18T15:17:26+00:00,2026-03-18T17:03:09+00:00,105.7,0.0,0.9992,0.9992,0.9992,0.9992,0.9992,8,4,-0.5253,50.0,Manual/System Detection,Manual/System Detection
ang,BATUSDT,SHORT,2026-03-18T17:46:06+00:00,2026-03-19T08:46:26+00:00,900.3,-0.2872,1.0723,1.0723,1.0723,1.0723,2.4699,238,2,-0.1631,50.0,HOLD_BARS_EXIT,HOLD_BARS_EXIT_816841s_gain1.49
ang,BEATUSDT,LONG,2026-04-08T21:07:37+00:00,2026-04-08T21:54:36+00:00,47.0,0.0,,0.1484,0.1484,0.1484,0.3859,155,8,2.585,75.0,QUICK_DELTA_EXIT,QUICK_DELTA_EXIT_TOP_TOP_EXIT_LONG_exh=False_div=False_vel=-16.8_k=88_bb=0.82_f=63
ang,BEATUSDT,SHORT,2026-04-08T14:37:34+00:00,2026-04-09T09:52:35+00:00,1155.0,0.2171,,2.2473,2.2473,2.2473,2.2473,7,7,-3.2889,42.9,OS_HIGHER_LOW,OS_HIGHER_LOW_k15:7.5_lo3:0.28>prev:0.28
ang,BSVUSDT,LONG,2026-03-29T03:24:56+00:00,2026-04-02T00:24:52+00:00,5579.9,2.6,,4.2446,4.2446,4.2446,4.2446,5,4,-3.2335,25.0,QUICK_REDUCE_STRONG,QUICK_REDUCE_STRONG_REDUCE_k_1m:0/d_1m:0/k_3m:48/d_3m:58_SIMPLE_TP_0.00%_wt=declining_bc112_REDUCE
ang,BTCDOMUSDT,LONG,2026-03-15T04:50:36+00:00,2026-03-16T22:42:20+00:00,2511.7,-0.1216,-3.8782,-3.6755,-3.6755,-3.22,-2.8207,152,3,0.9693,100.0,Manual/System Detection,Manual/System Detection
ang,CFXUSDT,LONG,2026-03-15T05:59:00+00:00,2026-03-15T15:41:36+00:00,582.6,2.6238,,3.1807,3.1807,3.1807,3.7236,168,6,2.1885,83.3,IN_GAIN_TREND,IN_GAIN_TREND_EXIT
ang,CFXUSDT,LONG,2026-03-15T16:19:18+00:00,2026-03-15T16:19:20+00:00,0.0,-0.0572,,0.0422,0.5724,1.0529,1.2849,130,6,0.0327,66.7,IN_GAIN_TREND,IN_GAIN_TREND_EXIT
ang,CHILLGUYUSDT,LONG,2026-04-10T15:54:50+00:00,2026-04-10T16:46:57+00:00,52.1,0.647,,0.1143,1.0487,1.0487,1.1954,148,6,-3.5601,33.3,QUICK_BREAKEVEN_GAIN,QUICK_BREAKEVEN_GAIN_EROSION_STOP_age51m_gain-0.42%
ang,CHZUSDT,LONG,2026-03-16T03:27:33+00:00,2026-03-16T22:19:14+00:00,1131.7,-1.3874,,1.8094,1.8094,1.9373,2.0396,190,4,-0.9237,25.0,Manual/System Detection,Manual/System Detection
ang,CHZUSDT,LONG,2026-03-17T07:12:36+00:00,2026-03-17T07:43:03+00:00,30.4,0.3281,,0.2383,0.3921,1.212,1.4939,211,3,0.3867,66.7,QUICK_BASIS_CONDITION,QUICK_BASIS_CONDITION_VIOLATION
ang,CHZUSDT,LONG,2026-03-28T02:38:23+00:00,2026-03-28T03:01:49+00:00,23.4,0.8434,,1.2935,1.9883,1.9883,2.1092,223,4,0.8743,75.0,QUICK_AUTO_HEDGE,QUICK_AUTO_HEDGE_CLOSE_ORIG_RECOVERING_REDUCE
ang,CHZUSDT,SHORT,2026-03-18T10:50:22+00:00,2026-03-18T21:33:47+00:00,643.4,2.1215,,1.8673,1.8673,1.8673,1.8673,26,3,-0.6634,33.3,Manual/System Detection,Manual/System Detection
ang,COMPUSDT,LONG,2026-03-15T20:42:05+00:00,2026-03-21T05:14:51+00:00,7712.8,-0.1855,-0.2639,-0.1398,-0.1398,-0.1398,-0.1398,27,0,0.0,0,QUICK_BREATHING_HEDGE,QUICK_BREATHING_HEDGE_LOSS_KILL_-0.25pct
ang,COMPUSDT,SHORT,2026-03-16T21:49:54+00:00,2026-03-16T21:49:56+00:00,0.0,0.1525,0.305,0.305,0.5694,1.1693,1.1693,82,2,0.7244,100.0,Manual/System Detection,Manual/System Detection
ang,COMPUSDT,SHORT,2026-03-16T21:54:18+00:00,2026-03-17T01:04:26+00:00,190.1,0.1798,0.3974,0.3974,0.3974,0.5906,2.1153,217,0,0.0,0,Manual/System Detection,Manual/System Detection
ang,COMPUSDT,SHORT,2026-03-20T19:24:32+00:00,2026-03-22T21:09:09+00:00,2984.6,1.4806,2.0662,2.0982,2.1515,2.2048,2.4181,182,0,0.0,0,QUICK_ACCOUNT_TP,QUICK_ACCOUNT_TP_ang_0.92%>=0.5%_tournament
ang,DASHUSDT,SHORT,2026-03-15T04:50:49+00:00,2026-03-18T20:29:48+00:00,5259.0,2.037,1.9181,1.9181,1.9181,1.9181,1.9181,3,1,-0.6415,0.0,Manual/System Detection,Manual/System Detection
ang,DOTUSDT,SHORT,2026-03-20T21:44:01+00:00,2026-03-20T23:13:19+00:00,89.3,0.1814,0.4813,0.6137,0.8124,0.8124,0.8124,43,2,-0.2013,50.0,QUICK_SENTIMENT_CUT,QUICK_SENTIMENT_CUT_GAIN0.2
ang,DOTUSDT,SHORT,2026-03-20T23:35:35+00:00,2026-03-22T04:19:28+00:00,1723.9,-0.9643,-0.5256,-0.5256,-0.4572,0.0903,0.8293,238,0,0.0,0,QUICK_CYCLE_TP,QUICK_CYCLE_TP_STOCH_AGAINST_1.21%_k15:43_k3:50
ang,EDUUSDT,LONG,2026-04-06T20:58:39+00:00,2026-04-07T23:46:03+00:00,1607.4,-4.2286,,-3.0921,-2.5356,-2.5356,-0.7215,238,5,1.8644,80.0,QUICK_HEDGE_KILL,QUICK_HEDGE_KILL_LOSING_IN_DUAL_-4.18%
ang,ETHUSDC,SHORT,2026-03-29T23:52:10+00:00,2026-03-30T00:05:21+00:00,13.2,-0.0003,,,,,-2.4874,174,1,-0.6664,0.0,QUICK_HEDGE_TP,QUICK_HEDGE_TP_HEDGE_TP_BREAKEVEN_max2.07%->cur-0.18%_REDUCE
ang,FARTCOINUSDT,LONG,2026-04-08T17:48:58+00:00,2026-04-08T20:16:51+00:00,147.9,0.0489,,4.6432,6.3539,12.0235,21.6031,148,7,-8.2496,71.4,QUICK_BANDAID_OFF,QUICK_BANDAID_OFF_wt15m_9.1>9.4_hgain0.20%
ang,FETUSDT,LONG,2026-03-15T13:28:23+00:00,2026-03-16T21:05:48+00:00,1897.4,19.6832,,24.7655,24.7655,24.7655,24.7655,9,7,-2.9066,28.6,QUICK_BASIS_CONDITION,QUICK_BASIS_CONDITION_VIOLATION_REDUCE
ang,FETUSDT,SHORT,2026-03-28T02:36:54+00:00,2026-03-28T03:03:53+00:00,27.0,0.1786,,0.1786,0.1786,0.8828,0.8828,71,4,-1.1979,25.0,QUICK_HEDGE_KILL,QUICK_HEDGE_KILL_SIG_DECAY_0.37%->0.18%_REDUCE
ang,FIDAUSDT,LONG,2026-03-28T20:33:00+00:00,2026-04-02T00:31:40+00:00,5998.7,0.0,,2.981,2.981,2.981,2.981,28,8,8.5949,75.0,QUICK_HEDGE_BAL,QUICK_HEDGE_BAL_CLOSE_SENT-1_RATIO0.00_REDUCE
ang,FIDAUSDT,LONG,2026-04-02T05:42:32+00:00,2026-04-02T16:04:03+00:00,621.5,4.9727,,45.4238,53.1764,53.1764,53.1764,40,8,-12.0464,25.0,ang:FIDAUSDT_LONG_QUICK,"ang:FIDAUSDT_LONG_QUICK_MAX_GAIN_3PCT_AUGMENT_23.51%|MANIP_FLAG_CUT(sev=3,mult=0.3)_k_15m:60.63203407207205_k_15mp:0_k_3m53.73_ha3green"
ang,FIDAUSDT,LONG,2026-04-03T04:13:48+00:00,2026-04-03T04:19:36+00:00,5.8,0.0,,0.9465,3.7862,3.7862,3.7862,55,8,1.2727,62.5,QUICK_HEDGE_ORPHAN,QUICK_HEDGE_ORPHAN_KILL_no_original
ang,FLOWUSDT,LONG,2026-04-07T02:20:04+00:00,2026-04-07T03:11:42+00:00,51.6,0.0,,1.466,1.6917,1.6917,1.6917,48,1,-0.6036,0.0,WT_4H_VEL,WT_4H_VEL_EXIT_vel=-7.1_g=0.65%_MANDATORY_REENTRY
ang,GASUSDT,LONG,2026-04-03T04:14:22+00:00,2026-04-03T12:13:25+00:00,479.1,0.2142,,0.3242,0.7642,0.7642,0.7642,31,5,-0.2155,60.0,QUICK_REALLOC_FOR,QUICK_REALLOC_FOR_CELOUSDT_7pct_REDUCE
ang,GASUSDT,LONG,2026-04-03T22:39:55+00:00,2026-04-03T23:20:37+00:00,40.7,0.0,,0.394,4.9272,4.9272,4.9272,39,6,8.3567,83.3,WT_4H_VEL,WT_4H_VEL_EXIT_vel=-7.9_g=0.01%_MANDATORY_REENTRY
ang,GMTUSDT,LONG,2026-04-02T02:53:50+00:00,2026-04-03T11:14:26+00:00,1940.6,1.5628,,,1.9914,1.9914,1.9914,30,5,-2.7339,20.0,QUICK_REDUCE_STRONG,QUICK_REDUCE_STRONG_REDUCE_k_1m:16/d_1m:17/k_3m:40/d_3m:52_SIMPLE_TP_0.00%_wt=declining_bc112_REDUCE
ang,GMTUSDT,LONG,2026-04-03T19:44:48+00:00,2026-04-03T19:52:46+00:00,8.0,0.1949,,-0.0492,-0.0492,-0.0492,-0.0492,7,2,-1.3726,0.0,HEDGE_CLEANUP_R6,HEDGE_CLEANUP_R6_wt1=23.2_wt2=13.9_gain=0.19
ang,GMXUSDT,LONG,2026-03-29T04:47:35+00:00,2026-03-30T03:29:39+00:00,1362.1,1.1467,,,,1.2954,1.2954,105,2,-2.9733,0.0,MARGIN_FREE_FOR,MARGIN_FREE_FOR_ang:RENDERUSDT_LONG
ang,HYPEUSDT,LONG,2026-03-16T01:45:01+00:00,2026-03-16T23:31:31+00:00,1306.5,4.6369,,5.2878,5.2878,5.2878,5.2878,28,5,0.2907,60.0,Manual/System Detection,Manual/System Detection
ang,HYPEUSDT,LONG,2026-03-17T00:39:10+00:00,2026-03-17T00:57:02+00:00,17.9,0.3529,,0.6076,0.8975,0.8975,0.8975,47,3,0.3506,66.7,Manual/System Detection,Manual/System Detection
ang,HYPEUSDT,LONG,2026-03-17T09:52:13+00:00,2026-03-17T10:32:23+00:00,40.2,0.36,,1.0322,2.1772,2.1772,2.1772,57,4,-1.4264,25.0,QUICK_BASIS_CONDITION,QUICK_BASIS_CONDITION_VIOLATION
ang,HYPEUSDT,LONG,2026-03-17T21:47:24+00:00,2026-03-18T17:18:41+00:00,1171.3,2.0317,,4.2092,4.2547,4.2547,4.2547,41,6,0.4524,50.0,Manual/System Detection,Manual/System Detection
ang,HYPEUSDT,LONG,2026-03-18T17:27:11+00:00,2026-03-18T17:41:38+00:00,14.4,0.3576,,0.8967,0.8967,0.8967,0.8967,18,6,2.2949,66.7,Manual/System Detection,Manual/System Detection
ang,HYPEUSDT,LONG,2026-03-18T17:43:52+00:00,2026-03-19T06:26:36+00:00,762.7,0.6186,,-0.1831,-0.1831,-0.1831,-0.1831,3,5,-1.382,60.0,Manual/System Detection,Manual/System Detection
ang,HYPEUSDT,LONG,2026-03-19T19:09:01+00:00,2026-03-19T20:54:18+00:00,105.3,0.3167,,-1.8103,-1.8103,-1.8103,-0.8127,230,3,1.1241,66.7,QUICK_OPEN_STRONG,QUICK_OPEN_STRONG_BUY_k1:37/d136/k3:66.07610920065996/d3:45.18368053816901_@40.3020_DC_BREAKOUT_DC3M_x1.0
ang,HYPEUSDT,SHORT,2026-03-28T21:42:12+00:00,2026-03-28T22:08:56+00:00,26.7,0.029,,0.2044,0.4532,0.8831,1.0415,201,2,0.7889,100.0,QUICK_HEDGE_PREEMPTIVE,QUICK_HEDGE_PREEMPTIVE_CLOSE_0.025pct_age12m_REDUCE
ang,HYPEUSDT,SHORT,2026-03-28T22:11:45+00:00,2026-03-28T22:11:48+00:00,0.1,0.0,,-0.0334,0.216,0.6469,0.8057,198,2,0.7889,100.0,QUICK_HEDGE_PREEMPTIVE,QUICK_HEDGE_PREEMPTIVE_CLOSE_-0.088pct_age999m_REDUCE
ang,HYPEUSDT,SHORT,2026-03-28T22:11:55+00:00,2026-03-28T22:21:12+00:00,9.3,0.0,,-0.0301,0.2571,0.6502,0.809,188,1,0.665,100.0,QUICK_HEDGE_PREEMPTIVE,QUICK_HEDGE_PREEMPTIVE_CLOSE_-0.088pct_age999m_REDUCE
ang,HYPEUSDT,SHORT,2026-03-28T22:35:20+00:00,2026-03-28T22:38:05+00:00,2.8,-0.1276,,0.4115,0.8265,0.8416,1.0001,171,2,0.854,100.0,QUICK_HEDGE_BAL,QUICK_HEDGE_BAL_CLOSE_SENT-1_RATIO0.00_REDUCE
ang,HYPEUSDT,SHORT,2026-03-28T22:53:29+00:00,2026-03-28T23:43:31+00:00,50.0,0.6383,,0.7792,0.7792,0.9378,0.9378,106,1,-0.6766,0.0,QUICK_HEDGE_CLEANUP,QUICK_HEDGE_CLEANUP_ORPHAN_REDUCE
ang,HYPEUSDT,SHORT,2026-03-29T13:42:07+00:00,2026-03-29T14:04:03+00:00,21.9,0.2853,,0.8631,0.8631,0.8631,1.1414,235,2,-0.2972,50.0,MARGIN_FREE_FOR,MARGIN_FREE_FOR_ang:DOGEUSDC_SHORT
ang,HYPEUSDT,SHORT,2026-03-29T14:06:46+00:00,2026-03-29T19:19:13+00:00,312.4,0.0,,1.1551,1.1551,1.1551,2.4486,235,3,1.5606,100.0,MARGIN_FREE_FOR,MARGIN_FREE_FOR_ang:TRBUSDT_SHORT
ang,ILVUSDT,LONG,2026-03-29T06:08:18+00:00,2026-03-29T06:57:34+00:00,49.3,0.0,,-0.0975,-0.0975,-0.0975,-0.0975,17,2,-0.1675,50.0,HEDGE_PROTECT_SHORT,HEDGE_PROTECT_SHORT_LOSS
ang,ILVUSDT,LONG,2026-03-29T07:03:21+00:00,2026-03-29T07:35:45+00:00,32.4,-0.0301,,-0.1121,0.0071,0.0071,0.0071,39,3,0.3125,66.7,HEDGE_PROTECT_SHORT,HEDGE_PROTECT_SHORT_LOSS
ang,ILVUSDT,SHORT,2026-03-29T05:10:26+00:00,2026-03-29T08:28:24+00:00,198.0,0.0,,0.1493,0.2388,1.5224,1.5224,106,4,0.3217,75.0,QUICK_HEDGE_BAL,QUICK_HEDGE_BAL_CLOSE_SENT-1_RATIO0.00
ang,ILVUSDT,SHORT,2026-03-29T08:30:43+00:00,2026-03-29T09:38:51+00:00,68.1,0.4138,,0.8908,1.6657,1.6657,2.0234,171,4,0.5983,75.0,QUICK_BANDAID_OFF,QUICK_BANDAID_OFF_wt_favor_3of5_hgain0.48%_REDUCE
ang,ILVUSDT,SHORT,2026-03-29T09:47:54+00:00,2026-03-29T11:56:30+00:00,128.6,0.0,,1.0177,1.6163,1.6163,1.6163,33,3,0.5717,66.7,QUICK_BANDAID_OFF,QUICK_BANDAID_OFF_wt_favor_3of5_hgain0.54%_REDUCE
ang,ILVUSDT,SHORT,2026-03-29T11:57:20+00:00,2026-03-29T11:58:30+00:00,1.2,-0.043,,0.4088,1.0111,1.0111,1.0111,31,3,0.5717,66.7,QUICK_BANDAID_OFF,QUICK_BANDAID_OFF_wt_favor_3of5_hgain0.54%_REDUCE
ang,ILVUSDT,SHORT,2026-03-29T12:15:54+00:00,2026-03-29T13:49:02+00:00,93.1,0.0109,,-0.1402,0.0109,0.4339,0.4339,85,5,-1.6262,40.0,HEDGE_PROTECT_LONG,HEDGE_PROTECT_LONG_LOSS
ang,ILVUSDT,SHORT,2026-03-29T13:49:29+00:00,2026-03-29T15:12:36+00:00,83.1,0.0834,,0.4599,0.4599,0.4599,0.4599,2,3,-1.9573,0.0,QUICK_BANDAID_OFF,QUICK_BANDAID_OFF_wt_favor_3of5_hgain-0.01%
ang,IMXUSDT,LONG,2026-04-03T13:35:22+00:00,2026-04-04T00:01:30+00:00,626.1,0.9508,,1.5517,1.5517,1.5517,2.0047,208,2,1.1938,100.0,QUICK_HEDGE_ORPHAN,QUICK_HEDGE_ORPHAN_KILL_no_original
ang,INXUSDT,LONG,2026-04-13T18:37:57+00:00,2026-04-14T07:46:37+00:00,788.7,0.9192,,5.0593,5.0593,5.0593,5.0593,28,7,-1.7948,42.9,DELTA_EXIT_DELTA,DELTA_EXIT_DELTA_EXIT_speed_decay_tfs_lost=DEAD|PEAK|TFLOST|MFI|WT1_3M_DOWN cur=0.33 max=16.26 mfi3m=50 mfi15m=28_gain=-6.24%_MANDATORY_REENTRY
ang,IOTXUSDT,LONG,2026-03-30T02:18:59+00:00,2026-04-08T01:54:05+00:00,12935.1,-0.0994,,0.2101,0.2101,0.2101,0.2101,5,2,-0.6236,50.0,HEDGE_CLEANUP_R6,HEDGE_CLEANUP_R6_main_recovered_gain=0.11_main=gone_wt3m=34.5/24.4_wt15m=9.5/6.1
ang,IOTXUSDT,LONG,2026-04-08T02:38:17+00:00,2026-04-08T03:21:29+00:00,43.2,0.6432,,0.7475,0.9601,0.9601,0.9601,53,2,-1.2672,0.0,QUICK_OPEN_STRONG,"QUICK_OPEN_STRONG_BUY_k1:1/d12/k3:0.27/d3:3.44_@0.0048_DC_BREAKOUT_DC4H_x3.0@0.0047|MANIP_FLAG_CUT(sev=2,mult=0.3)"
ang,KAVAUSDT,SHORT,2026-03-19T05:28:18+00:00,2026-03-22T03:34:18+00:00,4206.0,-1.3515,-1.164,-0.6031,0.1449,1.4539,1.4539,82,7,1.2541,71.4,NO_LOSS_EXIT,NO_LOSS_EXIT_NO_LOSS_EXIT_CRITICAL_gain=0.002%_ALL_TF_AGAINST
ang,KSMUSDT,SHORT,2026-03-15T06:09:17+00:00,2026-03-15T07:15:28+00:00,66.2,-0.2007,-0.0772,-0.0772,-0.0772,-0.0772,-0.0772,2,1,-0.5173,0.0,Manual/System Detection,Manual/System Detection
ang,LDOUSDT,LONG,2026-03-28T02:41:54+00:00,2026-03-28T02:47:31+00:00,5.6,0.2831,,1.1992,1.3683,1.4875,2.8143,207,5,1.0134,80.0,QUICK_AUTO_HEDGE,QUICK_AUTO_HEDGE_CLOSE_ORIG_RECOVERING
ang,LPTUSDT,SHORT,2026-04-06T10:06:03+00:00,2026-04-06T13:36:00+00:00,209.9,0.8975,,0.9995,1.5707,1.5707,1.7611,204,2,1.2001,100.0,GUARANTEED_REENTRY_k1m76,GUARANTEED_REENTRY_k1m76_k3m58_exit2.0380_px2.0644_crossedFalse_attempt1
ang,LRCUSDT,SHORT,2026-03-17T08:17:00+00:00,2026-03-18T21:29:18+00:00,2232.3,-0.7196,-0.7196,-0.7196,-0.2389,0.5223,1.2034,192,7,1.8788,85.7,QUICK_PROFIT_EROSION,QUICK_PROFIT_EROSION_MAJOR_1.50%
ang,LRCUSDT,SHORT,2026-03-19T00:24:05+00:00,2026-03-19T00:29:30+00:00,5.4,-3.5962,1.2414,1.2414,1.2414,1.6018,2.6831,207,1,0.5948,100.0,[HANDLE_SIGNAL]:BULLISH_sma,[HANDLE_SIGNAL]:BULLISH_sma_crossover_1m_IMMEDIATE_REDUCE
ang,MELANIAUSDT,SHORT,2026-04-14T18:59:54+00:00,2026-04-14T19:18:36+00:00,18.7,-0.0,,0.3091,0.7051,1.1011,1.1011,101,4,-0.5949,50.0,DELTA_EXIT_DELTA,DELTA_EXIT_DELTA_EXIT_speed_decay_tfs_lost=DEAD|PEAK|TFLOST|MFI cur=0.00 max=19.19 mfi3m=33 mfi15m=44_gain=0.21%_MANDATORY_REENTRY
ang,MELANIAUSDT,SHORT,2026-04-14T19:21:02+00:00,2026-04-14T19:38:10+00:00,17.1,0.2486,,0.0501,0.4471,0.8441,0.8441,81,5,-1.1854,40.0,DELTA_EXIT_DELTA,DELTA_EXIT_DELTA_EXIT_speed_decay_tfs_lost=DEAD|PEAK|TFLOST|MFI cur=0.00 max=10.42 mfi3m=29 mfi15m=44_gain=0.10%_MANDATORY_REENTRY
ang,MOODENGUSDT,LONG,2026-03-28T02:49:09+00:00,2026-03-28T17:27:27+00:00,878.3,2.49,,2.6157,2.8176,2.8625,2.8625,62,2,-0.2181,50.0,QUICK_AUGMENTED_DC,QUICK_AUGMENTED_DC_BREAK_REDUCE_TO_MIN_2.50%
ang,MOODENGUSDT,LONG,2026-03-28T17:46:33+00:00,2026-03-28T18:09:30+00:00,22.9,0.0,,0.4201,0.4201,0.4201,0.4201,20,2,-1.6241,0.0,QUICK_HEDGE_KILL,QUICK_HEDGE_KILL_PEAK_DECAY_max4.29%->cur0.29%_REDUCE
ang,MOODENGUSDT,LONG,2026-03-28T18:12:40+00:00,2026-03-28T21:17:02+00:00,184.4,-1.0598,,-1.0261,-1.0261,-1.0261,-1.0261,12,4,-1.9897,25.0,QUICK_HEDGE_KILL,QUICK_HEDGE_KILL_STRICT_LOSS_-0.98%_REDUCE
ang,MOODENGUSDT,LONG,2026-03-28T21:24:28+00:00,2026-03-28T21:40:19+00:00,15.8,-0.112,,-0.6693,-0.3826,-0.3826,-0.3826,34,4,-1.0145,50.0,QUICK_HEDGE_PREEMPTIVE,QUICK_HEDGE_PREEMPTIVE_CLOSE_-0.067pct_age999m_REDUCE
ang,MOODENGUSDT,LONG,2026-03-28T21:41:13+00:00,2026-03-28T21:45:34+00:00,4.3,0.111,,-0.2973,-0.2973,-0.2973,-0.2973,29,3,-1.1739,33.3,QUICK_HEDGE_PREEMPTIVE,QUICK_HEDGE_PREEMPTIVE_CLOSE_-0.067pct_age999m_REDUCE
ang,MOODENGUSDT,LONG,2026-03-28T23:45:24+00:00,2026-03-29T01:12:43+00:00,87.3,-0.0141,,0.136,0.136,0.3595,0.9183,122,1,0.7813,100.0,QUICK_HEDGE_KILL,QUICK_HEDGE_KILL_STRICT_LOSS_-0.07%_REDUCE
ang,MOODENGUSDT,LONG,2026-03-29T01:19:34+00:00,2026-03-29T02:37:34+00:00,78.0,0.1209,,0.2773,0.8581,0.8581,0.8581,37,1,0.6913,100.0,QUICK_HEDGE_BAL,QUICK_HEDGE_BAL_REDUCE_SENT-2_RATIO1.00_REDUCE
ang,MOODENGUSDT,LONG,2026-03-29T02:41:03+00:00,2026-03-29T03:22:39+00:00,41.6,0.6064,,0.4177,0.4845,0.4845,0.4845,37,1,-0.5996,0.0,QUICK_HEDGE_KILL,QUICK_HEDGE_KILL_PEAK_DECAY_max4.21%->cur0.63%_REDUCE
ang,MUSDT,LONG,2026-03-28T04:08:17+00:00,2026-03-28T04:08:24+00:00,0.1,0.0,,1.5744,1.5744,1.5744,1.5744,21,6,-0.1367,50.0,QUICK_HEDGE_PROTECT,QUICK_HEDGE_PROTECT_SHORT_LOSS
ang,MUSDT,LONG,2026-03-28T04:08:38+00:00,2026-03-28T17:32:22+00:00,803.7,-0.0,,2.5986,2.8096,2.8096,2.8096,57,3,-1.2646,33.3,QUICK_TRAILING_STOP,QUICK_TRAILING_STOP_peak5.0%
ang,MUSDT,LONG,2026-03-28T17:34:42+00:00,2026-03-28T17:50:50+00:00,16.1,0.0,,-0.3166,-0.0535,-0.0535,-0.0535,39,3,-1.2069,33.3,QUICK_HEDGE_PREEMPTIVE,QUICK_HEDGE_PREEMPTIVE_CLOSE_-0.388pct_age13m_REDUCE
ang,MUSDT,LONG,2026-03-28T17:52:50+00:00,2026-03-28T17:55:18+00:00,2.5,0.271,,-0.042,0.2218,0.2218,0.2218,34,3,-1.2069,33.3,QUICK_HEDGE_PREEMPTIVE,QUICK_HEDGE_PREEMPTIVE_CLOSE_-0.388pct_age13m_REDUCE
ang,MUSDT,LONG,2026-03-28T18:09:20+00:00,2026-03-28T18:11:55+00:00,2.6,0.0103,,0.367,0.367,0.367,0.367,18,4,-0.6536,50.0,QUICK_TRAILING_STOP,QUICK_TRAILING_STOP_peak5.0%
ang,MUSDT,LONG,2026-03-28T20:21:37+00:00,2026-03-28T21:16:40+00:00,55.0,-0.6678,,-1.0411,-0.9743,-0.4934,-0.4934,73,5,-0.0257,60.0,QUICK_HEDGE_KILL,QUICK_HEDGE_KILL_STRICT_LOSS_-0.66%_REDUCE
ang,MUSDT,LONG,2026-03-28T21:22:23+00:00,2026-03-28T21:43:54+00:00,21.5,-0.5265,,-0.4271,0.0565,0.0565,0.0565,46,5,-0.0022,60.0,QUICK_HEDGE_KILL,QUICK_HEDGE_KILL_STRICT_LOSS_-0.50%_REDUCE
ang,MUSDT,LONG,2026-03-28T22:04:03+00:00,2026-03-28T23:18:15+00:00,74.2,0.0826,,-0.3207,0.0203,0.4296,0.4296,86,2,0.8655,100.0,QUICK_HEDGE_PREEMPTIVE,QUICK_HEDGE_PREEMPTIVE_CLOSE_-0.208pct_age999m_REDUCE
ang,MUSDT,LONG,2026-03-28T23:19:58+00:00,2026-03-28T23:31:13+00:00,11.2,-0.0903,,-0.1761,0.138,0.5477,0.5477,73,2,0.8857,100.0,QUICK_HEDGE_KILL,QUICK_HEDGE_KILL_STRICT_LOSS_0.04%_REDUCE
ang,MUSDT,LONG,2026-03-29T00:06:31+00:00,2026-03-29T00:22:46+00:00,16.2,0.1682,,0.3909,0.3909,0.3909,0.3909,22,0,0.0,0.0,QUICK_HEDGE_PREEMPTIVE,QUICK_HEDGE_PREEMPTIVE_CLOSE_-0.087pct_age9m
ang,NMRUSDT,LONG,2026-04-09T01:24:11+00:00,2026-04-09T02:33:45+00:00,69.6,0.3945,,0.7574,0.7574,0.8443,0.9436,236,5,0.4544,80.0,DELTA_EXIT_DELTA,DELTA_EXIT_DELTA_EXIT_speed_decay_tfs_lost=?_gain=0.41%_MANDATORY_REENTRY
ang,NMRUSDT,LONG,2026-04-09T03:52:22+00:00,2026-04-09T08:39:10+00:00,286.8,1.6934,,1.7406,1.7406,1.7406,1.7406,5,3,-1.2373,33.3,DELTA_EXIT_DELTA,DELTA_EXIT_DELTA_EXIT_speed_decay_tfs_lost=?_gain=-0.13%_MANDATORY_REENTRY
ang,NOTUSDT,LONG,2026-04-02T00:18:51+00:00,2026-04-05T00:07:04+00:00,4308.2,-1.1043,,-1.3307,-1.3307,-1.3307,-1.3307,7,1,-0.6995,0.0,QUICK_HEDGE_KILL,QUICK_HEDGE_KILL_LOSING_IN_DUAL_-2.41%
ang,NOTUSDT,LONG,2026-04-05T00:23:29+00:00,2026-04-06T10:06:30+00:00,2023.0,0.3914,,1.1599,1.216,1.4123,1.4964,173,2,-0.5277,50.0,QUICK_REALLOC_FOR,QUICK_REALLOC_FOR_OPUSDT_6pct
ang,ONTUSDT,SHORT,2026-03-29T04:30:15+00:00,2026-03-29T04:51:54+00:00,21.6,1.1892,,2.1242,2.1242,2.6144,4.085,188,5,3.0159,100.0,QUICK_HEDGE_BAL,QUICK_HEDGE_BAL_REDUCE_SENT-1_RATIO1.00_REDUCE
ang,ONTUSDT,SHORT,2026-03-29T04:53:58+00:00,2026-03-29T05:05:38+00:00,11.7,-0.3244,,0.9978,0.9978,1.4937,3.3117,234,6,2.3585,83.3,HEDGE_PROTECT_LONG,HEDGE_PROTECT_LONG_LOSS
ang,ONTUSDT,SHORT,2026-03-29T05:25:17+00:00,2026-03-29T06:05:03+00:00,39.8,0.0962,,0.6046,1.1024,2.5958,2.9277,174,6,2.1768,83.3,HEDGE_PROTECT_LONG,HEDGE_PROTECT_LONG_LOSS
ang,ONTUSDT,SHORT,2026-03-29T06:09:45+00:00,2026-03-29T08:55:08+00:00,165.4,2.678,,2.678,2.678,4.1753,5.0071,229,5,0.171,60.0,OS_HIGHER_LOW,OS_HIGHER_LOW_k15:5.4_lo3:0.06>prev:0.06
ang,ONTUSDT,SHORT,2026-03-29T08:58:32+00:00,2026-03-29T09:47:43+00:00,49.2,-0.9841,,1.2372,1.579,1.579,3.1168,237,5,2.9181,80.0,HEDGE_PROTECT_LONG,HEDGE_PROTECT_LONG_LOSS
ang,ONTUSDT,SHORT,2026-03-29T09:49:58+00:00,2026-03-29T11:44:54+00:00,114.9,-0.0,,,2.4462,2.9561,3.6359,120,4,0.6831,75.0,QUICK_HEDGE_KILL,QUICK_HEDGE_KILL_PEAK_DECAY_max3.17%->cur1.60%_REDUCE
ang,ONTUSDT,SHORT,2026-03-29T12:22:09+00:00,2026-03-29T14:51:53+00:00,149.7,0.9559,,-0.5971,-0.5971,-0.252,-0.252,113,2,-0.0009,50.0,QUICK_HEDGE_KILL,QUICK_HEDGE_KILL_PEAK_DECAY_max3.17%->cur0.36%_REDUCE
ang,OPUSDT,LONG,2026-03-25T14:51:03+00:00,2026-04-06T11:46:57+00:00,17095.9,0.3811,,0.7318,0.7318,0.7318,0.7318,13,4,-1.4833,25.0,STOP_FUNCTIONS_KILL,"STOP_FUNCTIONS_KILL_1 time_since_entry=995.1701738166666min >= 3min, k_1m=25.85 > d_1m=30.3 k_3m=12.93 > d_3m=25.93 k_15m=98.8691608485741 > d_15m=85.8059004945"
ang,OPUSDT,LONG,2026-04-07T08:26:25+00:00,2026-04-07T08:49:09+00:00,22.7,0.0,,0.4697,0.561,0.561,0.561,40,2,-1.8255,0.0,QUICK_HEDGE_BAL,QUICK_HEDGE_BAL_CLOSE_SENT0_RATIO0.00
ang,ORDIUSDC,SHORT,2026-03-20T17:57:12+00:00,2026-03-22T09:29:35+00:00,2372.4,2.1436,,,2.4485,2.7406,2.7406,105,2,-0.56,50.0,QUICK_HEDGE_ELECTED,QUICK_HEDGE_ELECTED_SKYAIUSDT_LONG
ang,PENDLEUSDT,SHORT,2026-04-07T10:25:55+00:00,2026-04-07T10:39:25+00:00,13.5,0.0,,0.5256,0.7552,2.0027,2.4219,185,4,0.8111,75.0,QUICK_REDUCE_STRONG,QUICK_REDUCE_STRONG_REDUCE_k_1m:74/d_1m:76/k_3m:11/d_3m:8_SIMPLE_TP_0.00%_wt=declining_bc112_REDUCE
ang,PENDLEUSDT,SHORT,2026-04-07T11:27:00+00:00,2026-04-07T11:34:34+00:00,7.6,0.2111,,0.6734,1.3166,1.7085,1.7387,130,5,-0.0385,60.0,FORCE_REDUCE_OVERSIZE,FORCE_REDUCE_OVERSIZE_33>$20
ang,PIXELUSDT,LONG,2026-03-15T04:51:07+00:00,2026-03-16T21:21:59+00:00,2430.9,-17.3667,,-17.787,-17.787,-17.2868,-17.2868,68,5,-2.8275,40.0,Manual/System Detection,Manual/System Detection
ang,POLUSDT,LONG,2026-03-29T23:57:27+00:00,2026-03-30T02:33:48+00:00,156.3,1.9047,,2.301,2.301,2.7634,2.7634,116,1,0.3874,100.0,OB_LOWER_LOW,OB_LOWER_LOW_k15:99.3_lo3:0.09<prev:0.09
ang,RAYSOLUSDT,LONG,2026-04-02T10:44:06+00:00,2026-04-07T23:06:36+00:00,7942.5,-0.0,,1.9323,1.9323,1.9323,1.9323,8,5,-2.0505,40.0,QUICK_HEDGE_ORPHAN,QUICK_HEDGE_ORPHAN_KILL_no_original
ang,RDNTUSDT,SHORT,2026-03-18T11:28:12+00:00,2026-03-18T17:09:11+00:00,341.0,1.348,,1.2139,1.2139,1.2139,2.3985,155,6,0.0428,66.7,QUICK_PROFIT_PROTECT,QUICK_PROFIT_PROTECT_1.248%
ang,RIFUSDT,LONG,2026-03-25T02:57:03+00:00,2026-04-15T08:46:00+00:00,30589.0,0.5968,,1.3818,1.6956,1.6956,1.6956,44,6,-0.9179,50.0,QUICK_BREAKEVEN_GAIN,QUICK_BREAKEVEN_GAIN_EROSION_STOP_age30588m_gain-0.08%
ang,RIVERUSDT,LONG,2026-03-15T05:48:38+00:00,2026-03-18T11:47:20+00:00,4678.7,2.3813,,0.923,0.923,1.0004,2.0793,147,7,-0.2454,42.9,IMMEDIATE_WRONG_WAY,IMMEDIATE_WRONG_WAY_EXIT
ang,SAGAUSDT,SHORT,2026-04-15T20:09:56+00:00,2026-04-15T20:39:05+00:00,29.1,-0.3052,,0.0693,0.2566,0.2566,0.2566,50,3,0.1071,66.7,DELTA_EXIT_DELTA,DELTA_EXIT_DELTA_EXIT_speed_decay_tfs_lost=DEAD|PEAK|OPP|TFLOST|WT1_3M_UP cur=0.00 max=9.30 mfi3m=83 mfi15m=56_gain=-0.06%_MANDATORY_REENTRY
ang,SAGAUSDT,SHORT,2026-04-15T20:40:42+00:00,2026-04-15T21:11:51+00:00,31.1,0.0026,,0.2844,0.2844,0.2844,0.2844,18,2,-0.417,50.0,QUICK_BREAKEVEN_GAIN,QUICK_BREAKEVEN_GAIN_EROSION_STOP_age62m_gain-0.35%
ang,SAGAUSDT,SHORT,2026-04-15T21:19:57+00:00,2026-04-15T21:27:50+00:00,7.9,0.112,,0.1874,0.1874,0.1874,0.1874,2,2,-0.5685,50.0,PROC_SINGLE_REENTRY]: full,PROC_SINGLE_REENTRY]: full_reentry_qty_1880.7_stoch3m_crossover_above_dc15m
ang,SAHARAUSDT,LONG,2026-03-28T04:05:05+00:00,2026-03-28T12:33:01+00:00,507.9,7.8281,,7.3462,8.7355,10.084,10.084,86,6,-0.2645,50.0,QUICK_HEDGE_PROTECT,QUICK_HEDGE_PROTECT_SHORT_LOSS
ang,SIRENUSDT,LONG,2026-03-15T06:16:06+00:00,2026-03-16T21:22:55+00:00,2346.8,-19.2546,,-10.8084,-10.8084,-10.8084,-9.7925,232,8,4.9395,62.5,SUBSTITUTION_FOR_ang:FETUSDT,SUBSTITUTION_FOR_ang:FETUSDT_LONG_g0.00
ang,SIRENUSDT,LONG,2026-03-17T15:52:31+00:00,2026-03-17T20:42:13+00:00,289.7,-3.8717,,-4.3882,-4.1457,-4.1457,-0.0017,227,7,5.8871,71.4,[HANDLE_SIGNAL]:BEARISH_sma,[HANDLE_SIGNAL]:BEARISH_sma_crossunder_1m_IMMEDIATE_REDUCE
ang,SKYAIUSDT,LONG,2026-03-17T05:34:25+00:00,2026-03-17T06:16:02+00:00,41.6,-1.483,,-1.4741,-1.4741,-1.3954,-0.9434,163,4,-0.8309,50.0,Manual/System Detection,Manual/System Detection
ang,SKYAIUSDT,SHORT,2026-03-19T17:11:02+00:00,2026-03-19T20:57:43+00:00,226.7,-1.8881,,-2.2066,-2.2066,-2.1383,-1.3194,167,3,0.1674,66.7,QUICK_HEDGE_KILL,QUICK_HEDGE_KILL_STRICT_LOSS_-2.05%_REDUCE
ang,SOLUSDC,SHORT,2026-04-01T22:11:38+00:00,2026-04-15T03:49:58+00:00,19058.3,-7.605,,-7.605,-7.605,-7.1406,-6.8309,220,2,0.9,100.0,QUICK_HEDGE_WT,QUICK_HEDGE_WT_KILL_DELTA_DECEL_wt3m=-2.7/-3.6_wt15m=-1.0/-6.2_g-0.0
ang,STEEMUSDT,LONG,2026-03-15T17:18:05+00:00,2026-03-16T21:06:20+00:00,1668.2,1.0289,,1.3128,1.707,1.707,2.953,233,3,1.8037,100.0,Manual/System Detection,Manual/System Detection
ang,STEEMUSDT,LONG,2026-03-17T17:58:37+00:00,2026-03-18T01:16:18+00:00,437.7,-1.4094,,-0.3543,-0.3258,-0.1548,-0.1548,88,2,-2.0091,0.0,Manual/System Detection,Manual/System Detection
ang,STEEMUSDT,LONG,2026-03-25T03:32:02+00:00,2026-03-25T04:17:40+00:00,45.6,0.4957,,0.2801,0.6096,0.6096,0.6096,42,4,0.5345,75.0,QUICK_REDUCE_HOLD,QUICK_REDUCE_HOLD_k_1m:50/d_1m:50/k_3m:50/d_3m:50_NOLOSS_HOLD(0.00%<0.3%)_bc108_REDUCE
ang,STEEMUSDT,SHORT,2026-03-28T02:25:51+00:00,2026-03-28T02:57:21+00:00,31.5,0.0,,0.1526,0.4601,0.4601,0.4601,47,4,-2.7858,25.0,QUICK_AUTO_HEDGE,QUICK_AUTO_HEDGE_CLOSE_ORIG_RECOVERING
ang,STEEMUSDT,SHORT,2026-03-28T04:06:42+00:00,2026-03-28T17:46:20+00:00,819.6,-4.6329,,-4.8639,-4.8639,-4.8639,-4.3915,208,1,0.3985,100.0,QUICK_HEDGE_KILL,QUICK_HEDGE_KILL_STRICT_LOSS_-4.70%_REDUCE
ang,STEEMUSDT,SHORT,2026-03-28T17:57:16+00:00,2026-03-28T18:07:34+00:00,10.3,-0.3871,,-0.3517,-0.317,-0.2128,0.2733,187,1,0.4325,100.0,QUICK_HEDGE_PREEMPTIVE,QUICK_HEDGE_PREEMPTIVE_CLOSE_-0.248pct_age999m
ang,STOUSDT,LONG,2026-03-28T04:18:39+00:00,2026-03-28T17:52:38+00:00,814.0,-1.4885,,1.792,1.8097,2.261,4.6501,187,4,1.4346,75.0,QUICK_HEDGE_CLEANUP,QUICK_HEDGE_CLEANUP_ORPHAN_REDUCE
ang,STOUSDT,SHORT,2026-03-28T02:36:26+00:00,2026-03-28T07:32:24+00:00,296.0,3.7182,,1.8984,2.282,2.282,2.282,57,6,-1.5869,33.3,QUICK_HEDGE_PROTECT,QUICK_HEDGE_PROTECT_SHORT_LOSS
ang,TNSRUSDT,SHORT,2026-04-14T14:50:22+00:00,2026-04-14T14:51:40+00:00,1.3,0.0255,,0.5608,0.5608,1.8353,2.2177,233,5,-0.1322,60.0,DELTA_EXIT_DELTA,DELTA_EXIT_DELTA_EXIT_speed_decay_tfs_lost=DEAD|PEAK|OPP|TFLOST cur=0.47 max=8.43 mfi3m=48 mfi15m=58_gain=0.01%_MANDATORY_REENTRY
ang,TNSRUSDT,SHORT,2026-04-14T14:58:02+00:00,2026-04-14T15:03:55+00:00,5.9,-0.0,,0.5101,0.6376,1.7853,2.1678,221,5,-0.2353,60.0,DELTA_EXIT_DELTA,DELTA_EXIT_DELTA_EXIT_speed_decay_tfs_lost=DEAD|DECEL|PEAK|TFLOST cur=0.00 max=9.16 mfi3m=41 mfi15m=59_gain=-0.25%_MANDATORY_REENTRY
ang,TNSRUSDT,SHORT,2026-04-14T15:05:30+00:00,2026-04-14T15:20:59+00:00,15.5,0.0,,0.2297,0.7657,1.7101,2.0929,204,4,0.7617,75.0,DELTA_EXIT_DELTA,DELTA_EXIT_DELTA_EXIT_speed_decay_tfs_lost=DEAD|DECEL|PEAK|OPP|TFLOST|WT1_3M_UP cur=0.00 max=13.43 mfi3m=55 mfi15m=56_gain=0.26%_MANDATORY_REENTRY
ang,TRBUSDT,SHORT,2026-03-28T21:15:55+00:00,2026-03-29T01:20:51+00:00,244.9,0.0,,0.9859,1.0125,1.0125,1.1524,234,0,0.0,0,QUICK_AUGMENTED_DC,QUICK_AUGMENTED_DC_BREAK_REDUCE_TO_MIN_0.92%
ang,TRBUSDT,SHORT,2026-03-29T11:26:50+00:00,2026-03-29T18:20:44+00:00,413.9,1.3725,,1.2733,1.5715,1.68,1.68,69,4,-0.5484,50.0,QUICK_AUGMENTED_DC,QUICK_AUGMENTED_DC_BREAK_REDUCE_TO_MIN_1.57%
ang,TRBUSDT,SHORT,2026-03-29T19:46:23+00:00,2026-03-29T23:02:18+00:00,195.9,0.3045,,0.279,0.279,0.279,0.279,12,2,-2.5961,0.0,QUICK_HEDGE_BAL,QUICK_HEDGE_BAL_REDUCE_SENT-2_RATIO1.00_REDUCE
ang,TRUUSDT,LONG,2026-04-07T10:24:12+00:00,2026-04-07T10:45:59+00:00,21.8,0.3627,,-0.8324,-0.8324,-0.8324,2.0212,224,6,0.1973,50.0,QUICK_HEDGE_ORPHAN,QUICK_HEDGE_ORPHAN_KILL_no_original
ang,TRUUSDT,LONG,2026-04-08T01:05:44+00:00,2026-04-08T04:07:32+00:00,181.8,-16.568,,-16.0162,-16.0162,-16.0162,-16.0162,7,6,-5.0866,16.7,QUICK_HEDGE_SAME,QUICK_HEDGE_SAME_SYM_LAST_RESORT
ang,TRUUSDT,SHORT,2026-04-07T10:32:01+00:00,2026-04-07T11:07:37+00:00,35.6,1.9432,,2.3925,3.3155,3.8377,3.8377,67,7,1.5762,57.1,QUICK_REDUCE_STRONG,QUICK_REDUCE_STRONG_REDUCE_k_1m:3/d_1m:10/k_3m:16/d_3m:25_SIMPLE_TP_0.00%_wt=declining_bc112_REDUCE
ang,USUALUSDT,LONG,2026-03-28T06:14:56+00:00,2026-03-28T17:53:05+00:00,698.1,0.0,,0.6628,0.9114,0.9114,0.9114,36,2,-1.4019,0.0,QUICK_HEDGE_KILL,QUICK_HEDGE_KILL_PEAK_DECAY_max2.15%->cur0.53%_REDUCE
ang,USUALUSDT,LONG,2026-03-28T17:55:05+00:00,2026-03-28T18:09:47+00:00,14.7,-0.0,,0.3678,0.3678,0.3678,0.3678,20,3,-0.4935,33.3,QUICK_HEDGE_KILL,QUICK_HEDGE_KILL_PEAK_DECAY_max2.15%->cur0.24%_REDUCE
ang,VVVUSDT,LONG,2026-03-28T21:23:45+00:00,2026-03-28T21:38:18+00:00,14.6,0.0,,0.1694,0.1694,0.1694,0.1694,6,5,-3.2776,20.0,QUICK_BANDAID_OFF,QUICK_BANDAID_OFF_wt_favor_3of5_hgain-0.32%
ang,VVVUSDT,LONG,2026-03-28T21:38:53+00:00,2026-03-28T21:45:08+00:00,6.2,0.4444,,-0.7006,-0.7006,-0.7006,-0.7006,14,6,-2.5489,33.3,QUICK_BANDAID_OFF,QUICK_BANDAID_OFF_wt_favor_3of5_hgain-0.32%
ang,VVVUSDT,SHORT,2026-03-28T22:05:13+00:00,2026-03-29T01:48:55+00:00,223.7,2.0093,,2.3993,2.3993,2.3993,2.4187,176,4,0.1476,50.0,QUICK_BANDAID_OFF,QUICK_BANDAID_OFF_wt_favor_3of5_hgain2.04%
ang,XPLUSDT,LONG,2026-04-07T13:39:12+00:00,2026-04-07T13:45:40+00:00,6.5,0.0,,1.7195,2.2117,3.8523,3.8523,104,7,1.5847,71.4,FORCE_REDUCE_OVERSIZE,FORCE_REDUCE_OVERSIZE_106>$20
ang,XPLUSDT,SHORT,2026-04-03T00:48:05+00:00,2026-04-03T01:50:21+00:00,62.3,1.6662,,1.7614,2.6962,3.801,3.801,84,7,-2.8801,28.6,WT_4H_VEL,WT_4H_VEL_EXIT_vel=11.2_g=-0.38%_MANDATORY_REENTRY
ang,ZILUSDT,LONG,2026-03-29T06:32:58+00:00,2026-04-02T00:15:19+00:00,5382.4,2.6206,,3.1662,3.1662,3.1662,3.1662,14,6,-1.5424,33.3,QUICK_REDUCE_STRONG,QUICK_REDUCE_STRONG_REDUCE_k_1m:81/d_1m:82/k_3m:85/d_3m:69_SIMPLE_TP_0.00%_wt=deep_tp_bc112_REDUCE
ang,ZKUSDT,SHORT,2026-04-15T02:51:28+00:00,2026-04-15T03:48:48+00:00,57.3,-0.2026,,-0.172,-0.1062,0.2229,0.5519,131,4,0.392,75.0,PROC_SINGLE_REENTRY]: full,PROC_SINGLE_REENTRY]: full_reentry_qty_394.6605064546726_stoch3m_crossover_above_dc15m
ang,ZKUSDT,SHORT,2026-04-15T03:54:07+00:00,2026-04-15T04:09:47+00:00,15.7,0.0979,,-0.0336,-0.0336,0.6241,0.6241,110,5,-0.1371,60.0,QUICK_BREAKEVEN_GAIN,QUICK_BREAKEVEN_GAIN_EROSION_STOP_age61053m_gain-0.03%
ang,ZKUSDT,SHORT,2026-04-15T04:15:03+00:00,2026-04-15T04:30:35+00:00,15.5,0.0305,,-0.1971,0.3285,0.7227,0.7227,89,5,-0.0721,60.0,DELTA_EXIT_DELTA,DELTA_EXIT_DELTA_EXIT_speed_decay_tfs_lost=DEAD|PEAK|TFLOST cur=0.00 max=17.40 mfi3m=54 mfi15m=40_gain=0.04%_MANDATORY_REENTRY
