ts,pkey,sym,side,block_reason,px_at_block,gain_15m_pct,gain_1h_pct,gain_4h_pct,gain_D_pct
20:27:29,fin:AIAUSDT_LONG,AIAUSDT,LONG,BLOCKED_ALREADY_AUGMENTED_fin:AIAUSDT_LONG,0.05918,-0.69,-0.05,-0.05,-12.67
20:37:35,fin:AIAUSDT_LONG,AIAUSDT,LONG,BLOCKED_ALREADY_AUGMENTED_fin:AIAUSDT_LONG,0.05877,+0.03,+0.65,+0.65,-12.06
20:47:39,fin:AIAUSDT_LONG,AIAUSDT,LONG,BLOCKED_ALREADY_AUGMENTED_fin:AIAUSDT_LONG,0.05879,+0.02,+0.61,+0.61,-12.09
20:57:44,fin:AIAUSDT_LONG,AIAUSDT,LONG,BLOCKED_ALREADY_AUGMENTED_fin:AIAUSDT_LONG,0.05879,+0.02,+0.61,+0.61,-12.09
21:07:48,fin:AIAUSDT_LONG,AIAUSDT,LONG,BLOCKED_ALREADY_AUGMENTED_fin:AIAUSDT_LONG,0.0588,+0.12,+0.60,+0.60,-12.11
21:17:53,fin:AIAUSDT_LONG,AIAUSDT,LONG,BLOCKED_ALREADY_AUGMENTED_fin:AIAUSDT_LONG,0.05887,+0.07,+0.48,+0.48,-12.21
21:27:58,fin:AIAUSDT_LONG,AIAUSDT,LONG,BLOCKED_ALREADY_AUGMENTED_fin:AIAUSDT_LONG,0.05887,+0.07,+0.48,+0.48,-12.21
21:38:04,fin:AIAUSDT_LONG,AIAUSDT,LONG,BLOCKED_ALREADY_AUGMENTED_fin:AIAUSDT_LONG,0.05891,+0.00,+0.41,+0.41,-12.27
20:27:29,fin:MORPHOUSDT_LONG,MORPHOUSDT,LONG,BLOCKED_NON_TRADEABLE_POSITION_KEY,2.1241,-0.33,-0.52,+0.77,-1.30
20:37:35,fin:MORPHOUSDT_LONG,MORPHOUSDT,LONG,BLOCKED_NON_TRADEABLE_POSITION_KEY,2.117,-0.17,-0.19,+1.11,-0.97
20:47:39,fin:MORPHOUSDT_LONG,MORPHOUSDT,LONG,BLOCKED_NON_TRADEABLE_POSITION_KEY,2.1135,-0.02,-0.02,+1.27,-0.80
20:57:44,fin:MORPHOUSDT_LONG,MORPHOUSDT,LONG,BLOCKED_NON_TRADEABLE_POSITION_KEY,2.1135,-0.02,-0.02,+1.27,-0.80
21:07:48,fin:MORPHOUSDT_LONG,MORPHOUSDT,LONG,BLOCKED_NON_TRADEABLE_POSITION_KEY,2.113,+0.01,+0.00,+1.30,-0.78
21:17:53,fin:MORPHOUSDT_LONG,MORPHOUSDT,LONG,BLOCKED_NON_TRADEABLE_POSITION_KEY,2.1133,-0.26,-0.01,+1.28,-0.79
21:27:58,fin:MORPHOUSDT_LONG,MORPHOUSDT,LONG,BLOCKED_NON_TRADEABLE_POSITION_KEY,2.1133,-0.26,-0.01,+1.28,-0.79
21:38:04,fin:MORPHOUSDT_LONG,MORPHOUSDT,LONG,BLOCKED_NON_TRADEABLE_POSITION_KEY,2.1078,+0.00,+0.25,+1.55,-0.54
20:54:59,fin:SKYUSDT_LONG,SKYUSDT,LONG,fin:SKYUSDT_LONG_BLOCKED_DELTA_NO_SIGNAL_htf=4h_D,0.08186,+0.07,+0.15,-0.28,-2.30
20:56:02,fin:SKYUSDT_LONG,SKYUSDT,LONG,fin:SKYUSDT_LONG_BLOCKED_DELTA_NO_SIGNAL_htf=4h_D,0.08186,+0.07,+0.15,-0.28,-2.30
21:12:00,fin:SKYUSDT_LONG,SKYUSDT,LONG,fin:SKYUSDT_LONG_BLOCKED_DELTA_NO_SIGNAL_htf=4h_D,0.08192,+0.09,+0.07,-0.35,-2.37
21:14:58,fin:SKYUSDT_LONG,SKYUSDT,LONG,fin:SKYUSDT_LONG_BLOCKED_DELTA_NO_SIGNAL_htf=4h_D,0.08192,+0.09,+0.07,-0.35,-2.37
21:12:06,fin:ZROUSDT_LONG,ZROUSDT,LONG,fin:ZROUSDT_LONG_BLOCKED_ENTRY_VET_NO_STRUCT_OR_BREAKOUT,1.4519,+0.10,-0.19,+0.45,+2.90
21:12:35,fin:KSMUSDT_SHORT,KSMUSDT,SHORT,BLOCKED_NON_TRADEABLE_POSITION_KEY,5.926,-0.46,-0.27,+0.56,+4.39
21:12:35,fin:ORDIUSDC_SHORT,ORDIUSDC,SHORT,BLOCKED_NON_TRADEABLE_POSITION_KEY,5.576,+0.09,-0.59,+0.97,+7.80
21:12:39,fin:OPUSDT_SHORT,OPUSDT,SHORT,BLOCKED_NON_TRADEABLE_POSITION_KEY,0.1688,+0.65,-0.00,+3.32,+12.38
21:12:44,fin:FILUSDC_SHORT,FILUSDC,SHORT,BLOCKED_NON_TRADEABLE_POSITION_KEY,1.216,-1.48,-0.33,+0.90,+10.12
21:33:30,fin:AVAXUSDC_SHORT,AVAXUSDC,SHORT,BLOCKED_NON_TRADEABLE_POSITION_KEY,9.909,-0.00,+0.23,+0.01,+4.12
21:33:36,fin:DOTUSDT_SHORT,DOTUSDT,SHORT,BLOCKED_NON_TRADEABLE_POSITION_KEY,1.389,-0.00,+0.79,+1.15,+5.83
20:29:11,fin:BTCDOMUSDT_SHORT,BTCDOMUSDT,SHORT,BLOCKED_STALE_MARK_PRICE_age82.9s,5473.6,-0.02,-0.12,+0.16,-1.47
20:23:29,fin:1000PEPEUSDC_SHORT,1000PEPEUSDC,SHORT,fin:1000PEPEUSDC_SHORT_BLOCKED_DELTA_NO_SIGNAL_htf=4h_D,0.0043384,+0.31,+0.35,+0.07,+4.26
20:28:06,fin:1000PEPEUSDC_SHORT,1000PEPEUSDC,SHORT,fin:1000PEPEUSDC_SHORT_BLOCKED_DELTA_NO_SIGNAL_htf=4h_D,0.0043384,+0.31,+0.35,+0.07,+4.26
20:28:51,fin:1000PEPEUSDC_SHORT,1000PEPEUSDC,SHORT,fin:1000PEPEUSDC_SHORT_BLOCKED_DELTA_NO_SIGNAL_htf=4h_D,0.0043384,+0.31,+0.35,+0.07,+4.26
20:35:33,fin:1000PEPEUSDC_SHORT,1000PEPEUSDC,SHORT,fin:1000PEPEUSDC_SHORT_BLOCKED_DELTA_NO_SIGNAL_htf=4h_D,0.0043249,+0.18,+0.03,-0.24,+3.96
20:45:56,fin:1000PEPEUSDC_SHORT,1000PEPEUSDC,SHORT,fin:1000PEPEUSDC_SHORT_BLOCKED_DELTA_NO_SIGNAL_htf=4h_D,0.004317,-0.15,-0.15,-0.42,+3.79
20:55:38,fin:1000PEPEUSDC_SHORT,1000PEPEUSDC,SHORT,fin:1000PEPEUSDC_SHORT_BLOCKED_DELTA_NO_SIGNAL_htf=4h_D,0.004317,-0.15,-0.15,-0.42,+3.79
20:56:14,fin:1000PEPEUSDC_SHORT,1000PEPEUSDC,SHORT,fin:1000PEPEUSDC_SHORT_BLOCKED_DELTA_NO_SIGNAL_htf=4h_D,0.004317,-0.15,-0.15,-0.42,+3.79
21:22:37,fin:1000PEPEUSDC_SHORT,1000PEPEUSDC,SHORT,fin:1000PEPEUSDC_SHORT_BLOCKED_DELTA_NO_SIGNAL_htf=4h_D,0.0043148,-0.00,-0.20,-0.47,+3.74
21:42:37,fin:1000PEPEUSDC_SHORT,1000PEPEUSDC,SHORT,fin:1000PEPEUSDC_SHORT_BLOCKED_DELTA_NO_SIGNAL_htf=4h_D,0.0043148,-0.00,-0.20,-0.47,+3.74
21:43:45,fin:1000PEPEUSDC_SHORT,1000PEPEUSDC,SHORT,fin:1000PEPEUSDC_SHORT_BLOCKED_DELTA_NO_SIGNAL_htf=4h_D,0.0043148,-0.00,-0.20,-0.47,+3.74
20:46:01,fin:1000SHIBUSDC_SHORT,1000SHIBUSDC,SHORT,fin:1000SHIBUSDC_SHORT_BLOCKED_DELTA_NO_SIGNAL_htf=4h_D,0.006446,-0.06,-0.03,+0.06,+2.73
20:55:30,fin:1000SHIBUSDC_SHORT,1000SHIBUSDC,SHORT,fin:1000SHIBUSDC_SHORT_BLOCKED_DELTA_NO_SIGNAL_htf=4h_D,0.006446,-0.06,-0.03,+0.06,+2.73
20:56:22,fin:1000SHIBUSDC_SHORT,1000SHIBUSDC,SHORT,fin:1000SHIBUSDC_SHORT_BLOCKED_DELTA_NO_SIGNAL_htf=4h_D,0.006446,-0.06,-0.03,+0.06,+2.73
21:15:42,fin:1000SHIBUSDC_SHORT,1000SHIBUSDC,SHORT,fin:1000SHIBUSDC_SHORT_BLOCKED_DELTA_NO_SIGNAL_htf=4h_D,0.006445,-0.37,-0.05,+0.05,+2.72
21:42:41,fin:1000SHIBUSDC_SHORT,1000SHIBUSDC,SHORT,fin:1000SHIBUSDC_SHORT_BLOCKED_ENTRY_VET_NO_STRUCT_OR_BREAKOUT,0.006469,-0.00,+0.32,+0.42,+3.08
21:43:43,fin:1000SHIBUSDC_SHORT,1000SHIBUSDC,SHORT,fin:1000SHIBUSDC_SHORT_BLOCKED_ENTRY_VET_NO_STRUCT_OR_BREAKOUT,0.006469,-0.00,+0.32,+0.42,+3.08
20:45:58,fin:1INCHUSDT_SHORT,1INCHUSDT,SHORT,fin:1INCHUSDT_SHORT_BLOCKED_DELTA_NO_SIGNAL_htf=4h_D,0.0999,-0.20,-0.20,-0.00,+3.10
21:05:47,fin:1INCHUSDT_SHORT,1INCHUSDT,SHORT,fin:1INCHUSDT_SHORT_BLOCKED_DELTA_NO_SIGNAL_htf=4h_D,0.1001,+0.20,-0.00,+0.20,+3.30
21:07:01,fin:1INCHUSDT_SHORT,1INCHUSDT,SHORT,fin:1INCHUSDT_SHORT_BLOCKED_DELTA_NO_SIGNAL_htf=4h_D,0.1001,+0.20,-0.00,+0.20,+3.30
21:12:04,fin:1INCHUSDT_SHORT,1INCHUSDT,SHORT,fin:1INCHUSDT_SHORT_BLOCKED_DELTA_NO_SIGNAL_htf=4h_D,0.1001,+0.20,-0.00,+0.20,+3.30
21:22:41,fin:1INCHUSDT_SHORT,1INCHUSDT,SHORT,fin:1INCHUSDT_SHORT_BLOCKED_DELTA_NO_SIGNAL_htf=4h_D,0.0999,-0.40,-0.20,-0.00,+3.10
21:28:09,fin:1INCHUSDT_SHORT,1INCHUSDT,SHORT,fin:1INCHUSDT_SHORT_BLOCKED_DELTA_NO_SIGNAL_htf=4h_D,0.0999,-0.40,-0.20,-0.00,+3.10
21:33:39,fin:1INCHUSDT_SHORT,1INCHUSDT,SHORT,fin:1INCHUSDT_SHORT_BLOCKED_DELTA_NO_SIGNAL_htf=4h_D,0.1003,-0.00,+0.20,+0.40,+3.49
20:23:25,fin:1INCHUSDT_SHORT,1INCHUSDT,SHORT,fin:1INCHUSDT_SHORT_BLOCKED_ENTRY_VET_NO_STRUCT_OR_BREAKOUT,0.1,-0.00,-0.10,+0.10,+3.20
20:28:02,fin:1INCHUSDT_SHORT,1INCHUSDT,SHORT,fin:1INCHUSDT_SHORT_BLOCKED_ENTRY_VET_NO_STRUCT_OR_BREAKOUT,0.1,-0.00,-0.10,+0.10,+3.20
20:29:09,fin:1INCHUSDT_SHORT,1INCHUSDT,SHORT,fin:1INCHUSDT_SHORT_BLOCKED_ENTRY_VET_NO_STRUCT_OR_BREAKOUT,0.1,-0.00,-0.10,+0.10,+3.20
20:35:45,fin:1INCHUSDT_SHORT,1INCHUSDT,SHORT,fin:1INCHUSDT_SHORT_BLOCKED_ENTRY_VET_NO_STRUCT_OR_BREAKOUT,0.1,+0.10,-0.10,+0.10,+3.20
20:55:36,fin:1INCHUSDT_SHORT,1INCHUSDT,SHORT,fin:1INCHUSDT_SHORT_BLOCKED_ENTRY_VET_NO_STRUCT_OR_BREAKOUT,0.0999,-0.20,-0.20,-0.00,+3.10
20:56:16,fin:1INCHUSDT_SHORT,1INCHUSDT,SHORT,fin:1INCHUSDT_SHORT_BLOCKED_ENTRY_VET_NO_STRUCT_OR_BREAKOUT,0.0999,-0.20,-0.20,-0.00,+3.10
21:15:46,fin:1INCHUSDT_SHORT,1INCHUSDT,SHORT,fin:1INCHUSDT_SHORT_BLOCKED_ENTRY_VET_NO_STRUCT_OR_BREAKOUT,0.0999,-0.40,-0.20,-0.00,+3.10
21:42:39,fin:1INCHUSDT_SHORT,1INCHUSDT,SHORT,fin:1INCHUSDT_SHORT_BLOCKED_ENTRY_VET_NO_STRUCT_OR_BREAKOUT,0.1003,-0.00,+0.20,+0.40,+3.49
21:43:40,fin:1INCHUSDT_SHORT,1INCHUSDT,SHORT,fin:1INCHUSDT_SHORT_BLOCKED_ENTRY_VET_NO_STRUCT_OR_BREAKOUT,0.1003,-0.00,+0.20,+0.40,+3.49
20:55:28,fin:AAVEUSDC_SHORT,AAVEUSDC,SHORT,fin:AAVEUSDC_SHORT_BLOCKED_DELTA_HTF_4h_AGAINST,95.26,-0.10,-0.08,+0.01,+3.22
20:56:24,fin:AAVEUSDC_SHORT,AAVEUSDC,SHORT,fin:AAVEUSDC_SHORT_BLOCKED_DELTA_HTF_4h_AGAINST,95.26,-0.10,-0.08,+0.01,+3.22
21:15:44,fin:AAVEUSDC_SHORT,AAVEUSDC,SHORT,fin:AAVEUSDC_SHORT_BLOCKED_DELTA_HTF_4h_AGAINST,95.41,-0.75,+0.07,+0.17,+3.37
20:35:47,fin:AAVEUSDC_SHORT,AAVEUSDC,SHORT,fin:AAVEUSDC_SHORT_BLOCKED_DELTA_NO_SIGNAL_htf=4h_D,95.29,+0.03,-0.05,+0.04,+3.25
21:43:35,fin:AAVEUSDC_SHORT,AAVEUSDC,SHORT,fin:AAVEUSDC_SHORT_BLOCKED_ENTRY_VET_NO_STRUCT_OR_BREAKOUT,96.13,-0.00,+0.82,+0.92,+4.10
20:45:50,fin:AVAXUSDC_SHORT,AVAXUSDC,SHORT,fin:AVAXUSDC_SHORT_BLOCKED_DELTA_NO_SIGNAL_htf=4h_D,9.89,-0.09,+0.04,-0.18,+3.93
20:55:01,fin:AVAXUSDC_SHORT,AVAXUSDC,SHORT,fin:AVAXUSDC_SHORT_BLOCKED_DELTA_NO_SIGNAL_htf=4h_D,9.89,-0.09,+0.04,-0.18,+3.93
20:56:00,fin:AVAXUSDC_SHORT,AVAXUSDC,SHORT,fin:AVAXUSDC_SHORT_BLOCKED_DELTA_NO_SIGNAL_htf=4h_D,9.89,-0.09,+0.04,-0.18,+3.93
21:12:21,fin:AVAXUSDC_SHORT,AVAXUSDC,SHORT,fin:AVAXUSDC_SHORT_BLOCKED_DELTA_NO_SIGNAL_htf=4h_D,9.899,-0.10,+0.13,-0.09,+4.02
21:14:56,fin:AVAXUSDC_SHORT,AVAXUSDC,SHORT,fin:AVAXUSDC_SHORT_BLOCKED_DELTA_NO_SIGNAL_htf=4h_D,9.899,-0.10,+0.13,-0.09,+4.02
21:22:27,fin:AVAXUSDC_SHORT,AVAXUSDC,SHORT,fin:AVAXUSDC_SHORT_BLOCKED_DELTA_NO_SIGNAL_htf=4h_D,9.909,-0.00,+0.23,+0.01,+4.12
21:28:05,fin:AVAXUSDC_SHORT,AVAXUSDC,SHORT,fin:AVAXUSDC_SHORT_BLOCKED_DELTA_NO_SIGNAL_htf=4h_D,9.909,-0.00,+0.23,+0.01,+4.12
20:23:41,fin:BSVUSDT_SHORT,BSVUSDT,SHORT,fin:BSVUSDT_SHORT_BLOCKED_DELTA_NO_SIGNAL_htf=4h_D,16.38,+0.18,+0.31,-0.12,+2.26
20:28:41,fin:BSVUSDT_SHORT,BSVUSDT,SHORT,fin:BSVUSDT_SHORT_BLOCKED_DELTA_NO_SIGNAL_htf=4h_D,16.38,+0.18,+0.31,-0.12,+2.26
20:29:25,fin:BSVUSDT_SHORT,BSVUSDT,SHORT,fin:BSVUSDT_SHORT_BLOCKED_DELTA_NO_SIGNAL_htf=4h_D,16.38,+0.18,+0.31,-0.12,+2.26
20:46:32,fin:BSVUSDT_SHORT,BSVUSDT,SHORT,fin:BSVUSDT_SHORT_BLOCKED_DELTA_NO_SIGNAL_htf=4h_D,16.35,+0.12,+0.12,-0.31,+2.08
20:56:51,fin:BSVUSDT_SHORT,BSVUSDT,SHORT,fin:BSVUSDT_SHORT_BLOCKED_DELTA_NO_SIGNAL_htf=4h_D,16.35,+0.12,+0.12,-0.31,+2.08
21:28:47,fin:BSVUSDT_SHORT,BSVUSDT,SHORT,fin:BSVUSDT_SHORT_BLOCKED_DELTA_NO_SIGNAL_htf=4h_D,16.34,-0.00,+0.06,-0.37,+2.02
21:34:13,fin:BSVUSDT_SHORT,BSVUSDT,SHORT,fin:BSVUSDT_SHORT_BLOCKED_DELTA_NO_SIGNAL_htf=4h_D,16.34,-0.00,+0.06,-0.37,+2.02
21:42:43,fin:BSVUSDT_SHORT,BSVUSDT,SHORT,fin:BSVUSDT_SHORT_BLOCKED_DELTA_NO_SIGNAL_htf=4h_D,16.34,-0.00,+0.06,-0.37,+2.02
21:43:29,fin:BSVUSDT_SHORT,BSVUSDT,SHORT,fin:BSVUSDT_SHORT_BLOCKED_ENTRY_VET_NO_STRUCT_OR_BREAKOUT,16.34,-0.00,+0.06,-0.37,+2.02
20:23:39,fin:BTCDOMUSDT_SHORT,BTCDOMUSDT,SHORT,fin:BTCDOMUSDT_SHORT_BLOCKED_DELTA_NO_SIGNAL_htf=4h_D,5473.6,-0.02,-0.12,+0.16,-1.47
20:28:37,fin:BTCDOMUSDT_SHORT,BTCDOMUSDT,SHORT,fin:BTCDOMUSDT_SHORT_BLOCKED_DELTA_NO_SIGNAL_htf=4h_D,5473.6,-0.02,-0.12,+0.16,-1.47
20:35:55,fin:BTCDOMUSDT_SHORT,BTCDOMUSDT,SHORT,fin:BTCDOMUSDT_SHORT_BLOCKED_DELTA_NO_SIGNAL_htf=4h_D,5474.9,-0.01,-0.10,+0.18,-1.44
20:23:37,fin:BTCUSDC_SHORT,BTCUSDC,SHORT,fin:BTCUSDC_SHORT_BLOCKED_ENTRY_VET_NO_STRUCT_OR_BREAKOUT,80224.3,+0.01,+0.11,+0.10,+0.29
20:28:31,fin:BTCUSDC_SHORT,BTCUSDC,SHORT,fin:BTCUSDC_SHORT_BLOCKED_ENTRY_VET_NO_STRUCT_OR_BREAKOUT,80224.3,+0.01,+0.11,+0.10,+0.29
20:29:07,fin:BTCUSDC_SHORT,BTCUSDC,SHORT,fin:BTCUSDC_SHORT_BLOCKED_ENTRY_VET_NO_STRUCT_OR_BREAKOUT,80224.3,+0.01,+0.11,+0.10,+0.29
20:36:03,fin:BTCUSDC_SHORT,BTCUSDC,SHORT,fin:BTCUSDC_SHORT_BLOCKED_ENTRY_VET_NO_STRUCT_OR_BREAKOUT,80218.5,-0.00,+0.10,+0.09,+0.29
20:23:43,fin:COMPUSDT_SHORT,COMPUSDT,SHORT,fin:COMPUSDT_SHORT_BLOCKED_DELTA_NO_SIGNAL_htf=4h_D,22.63,-0.66,-1.19,-0.35,-1.06
20:28:33,fin:COMPUSDT_SHORT,COMPUSDT,SHORT,fin:COMPUSDT_SHORT_BLOCKED_DELTA_NO_SIGNAL_htf=4h_D,22.63,-0.66,-1.19,-0.35,-1.06
20:29:21,fin:COMPUSDT_SHORT,COMPUSDT,SHORT,fin:COMPUSDT_SHORT_BLOCKED_DELTA_NO_SIGNAL_htf=4h_D,22.63,-0.66,-1.19,-0.35,-1.06
21:22:39,fin:COTIUSDT_SHORT,COTIUSDT,SHORT,fin:COTIUSDT_SHORT_BLOCKED_DELTA_HTF_4h_AGAINST,0.01495,-0.20,+0.27,-0.20,+3.55
20:35:29,fin:COTIUSDT_SHORT,COTIUSDT,SHORT,fin:COTIUSDT_SHORT_BLOCKED_DELTA_NO_SIGNAL_htf=4h_D,0.01488,-0.00,-0.20,-0.67,+3.09
20:56:10,fin:COTIUSDT_SHORT,COTIUSDT,SHORT,fin:COTIUSDT_SHORT_BLOCKED_DELTA_NO_SIGNAL_htf=4h_D,0.01488,-0.60,-0.20,-0.67,+3.09
21:05:39,fin:COTIUSDT_SHORT,COTIUSDT,SHORT,fin:COTIUSDT_SHORT_BLOCKED_DELTA_NO_SIGNAL_htf=4h_D,0.01497,+0.13,+0.40,-0.07,+3.67
21:06:48,fin:COTIUSDT_SHORT,COTIUSDT,SHORT,fin:COTIUSDT_SHORT_BLOCKED_DELTA_NO_SIGNAL_htf=4h_D,0.01497,+0.13,+0.40,-0.07,+3.67
21:12:08,fin:COTIUSDT_SHORT,COTIUSDT,SHORT,fin:COTIUSDT_SHORT_BLOCKED_DELTA_NO_SIGNAL_htf=4h_D,0.01497,+0.13,+0.40,-0.07,+3.67
21:15:10,fin:COTIUSDT_SHORT,COTIUSDT,SHORT,fin:COTIUSDT_SHORT_BLOCKED_DELTA_NO_SIGNAL_htf=4h_D,0.01495,-0.20,+0.27,-0.20,+3.55
21:28:13,fin:COTIUSDT_SHORT,COTIUSDT,SHORT,fin:COTIUSDT_SHORT_BLOCKED_DELTA_NO_SIGNAL_htf=4h_D,0.01495,-0.20,+0.27,-0.20,+3.55
21:33:36,fin:COTIUSDT_SHORT,COTIUSDT,SHORT,fin:COTIUSDT_SHORT_BLOCKED_DELTA_NO_SIGNAL_htf=4h_D,0.01498,-0.00,+0.47,-0.00,+3.74
21:42:35,fin:COTIUSDT_SHORT,COTIUSDT,SHORT,fin:COTIUSDT_SHORT_BLOCKED_ENTRY_VET_NO_STRUCT_OR_BREAKOUT,0.01498,-0.00,+0.47,-0.00,+3.74
21:43:49,fin:COTIUSDT_SHORT,COTIUSDT,SHORT,fin:COTIUSDT_SHORT_BLOCKED_ENTRY_VET_NO_STRUCT_OR_BREAKOUT,0.01498,-0.00,+0.47,-0.00,+3.74
21:12:17,fin:DOTUSDT_SHORT,DOTUSDT,SHORT,fin:DOTUSDT_SHORT_BLOCKED_DELTA_NO_SIGNAL_htf=4h_D,1.378,-0.36,-0.00,+0.36,+5.08
21:15:02,fin:DOTUSDT_SHORT,DOTUSDT,SHORT,fin:DOTUSDT_SHORT_BLOCKED_DELTA_NO_SIGNAL_htf=4h_D,1.383,-0.43,+0.36,+0.72,+5.42
21:22:43,fin:DOTUSDT_SHORT,DOTUSDT,SHORT,fin:DOTUSDT_SHORT_BLOCKED_DELTA_NO_SIGNAL_htf=4h_D,1.383,-0.43,+0.36,+0.72,+5.42
20:23:07,fin:DOTUSDT_SHORT,DOTUSDT,SHORT,fin:DOTUSDT_SHORT_BLOCKED_ENTRY_VET_NO_STRUCT_OR_BREAKOUT,1.376,-0.07,-0.15,+0.22,+4.94
20:28:08,fin:DOTUSDT_SHORT,DOTUSDT,SHORT,fin:DOTUSDT_SHORT_BLOCKED_ENTRY_VET_NO_STRUCT_OR_BREAKOUT,1.376,-0.07,-0.15,+0.22,+4.94
20:29:27,fin:DOTUSDT_SHORT,DOTUSDT,SHORT,fin:DOTUSDT_SHORT_BLOCKED_ENTRY_VET_NO_STRUCT_OR_BREAKOUT,1.376,-0.07,-0.15,+0.22,+4.94
20:35:39,fin:DOTUSDT_SHORT,DOTUSDT,SHORT,fin:DOTUSDT_SHORT_BLOCKED_ENTRY_VET_NO_STRUCT_OR_BREAKOUT,1.377,-0.00,-0.07,+0.29,+5.01
21:28:45,fin:DOTUSDT_SHORT,DOTUSDT,SHORT,fin:DOTUSDT_SHORT_BLOCKED_ENTRY_VET_NO_STRUCT_OR_BREAKOUT,1.383,-0.43,+0.36,+0.72,+5.42
21:42:33,fin:DOTUSDT_SHORT,DOTUSDT,SHORT,fin:DOTUSDT_SHORT_BLOCKED_ENTRY_VET_NO_STRUCT_OR_BREAKOUT,1.389,-0.00,+0.79,+1.15,+5.83
21:43:38,fin:DOTUSDT_SHORT,DOTUSDT,SHORT,fin:DOTUSDT_SHORT_BLOCKED_ENTRY_VET_NO_STRUCT_OR_BREAKOUT,1.389,-0.00,+0.79,+1.15,+5.83
20:46:16,fin:ETHFIUSDC_SHORT,ETHFIUSDC,SHORT,fin:ETHFIUSDC_SHORT_BLOCKED_DELTA_HTF_4h_AGAINST,0.451,-0.20,-0.20,-0.33,+5.25
20:55:13,fin:ETHFIUSDC_SHORT,ETHFIUSDC,SHORT,fin:ETHFIUSDC_SHORT_BLOCKED_DELTA_HTF_4h_AGAINST,0.451,-0.20,-0.20,-0.33,+5.25
20:56:47,fin:ETHFIUSDC_SHORT,ETHFIUSDC,SHORT,fin:ETHFIUSDC_SHORT_BLOCKED_DELTA_NO_SIGNAL_htf=4h_D,0.451,-0.20,-0.20,-0.33,+5.25
21:05:29,fin:ETHFIUSDC_SHORT,ETHFIUSDC,SHORT,fin:ETHFIUSDC_SHORT_BLOCKED_DELTA_NO_SIGNAL_htf=4h_D,0.4519,+0.44,-0.00,-0.13,+5.44
21:06:40,fin:ETHFIUSDC_SHORT,ETHFIUSDC,SHORT,fin:ETHFIUSDC_SHORT_BLOCKED_DELTA_NO_SIGNAL_htf=4h_D,0.4519,+0.44,-0.00,-0.13,+5.44
21:12:31,fin:ETHFIUSDC_SHORT,ETHFIUSDC,SHORT,fin:ETHFIUSDC_SHORT_BLOCKED_DELTA_NO_SIGNAL_htf=4h_D,0.4519,+0.44,-0.00,-0.13,+5.44
21:15:40,fin:ETHFIUSDC_SHORT,ETHFIUSDC,SHORT,fin:ETHFIUSDC_SHORT_BLOCKED_DELTA_NO_SIGNAL_htf=4h_D,0.4499,-0.33,-0.44,-0.58,+5.02
21:22:47,fin:ETHFIUSDC_SHORT,ETHFIUSDC,SHORT,fin:ETHFIUSDC_SHORT_BLOCKED_DELTA_NO_SIGNAL_htf=4h_D,0.4499,-0.33,-0.44,-0.58,+5.02
20:23:11,fin:ETHFIUSDC_SHORT,ETHFIUSDC,SHORT,fin:ETHFIUSDC_SHORT_BLOCKED_ENTRY_VET_NO_STRUCT_OR_BREAKOUT,0.4497,-0.38,-0.49,-0.62,+4.98
20:28:19,fin:ETHFIUSDC_SHORT,ETHFIUSDC,SHORT,fin:ETHFIUSDC_SHORT_BLOCKED_ENTRY_VET_NO_STRUCT_OR_BREAKOUT,0.4497,-0.38,-0.49,-0.62,+4.98
20:29:01,fin:ETHFIUSDC_SHORT,ETHFIUSDC,SHORT,fin:ETHFIUSDC_SHORT_BLOCKED_ENTRY_VET_NO_STRUCT_OR_BREAKOUT,0.4497,-0.38,-0.49,-0.62,+4.98
21:28:22,fin:FARTCOINUSDT_SHORT,FARTCOINUSDT,SHORT,fin:FARTCOINUSDT_SHORT_BLOCKED_DELTA_HTF_4h_AGAINST,0.2524,-0.63,+0.16,-0.04,+3.13
21:28:43,fin:FILUSDC_SHORT,FILUSDC,SHORT,fin:FILUSDC_SHORT_BLOCKED_ENTRY_VET_NO_STRUCT_OR_BREAKOUT,1.234,-0.00,+1.13,+2.35,+11.43
20:23:45,fin:FLOWUSDT_SHORT,FLOWUSDT,SHORT,fin:FLOWUSDT_SHORT_BLOCKED_DELTA_HTF_4h_AGAINST,0.04135,-0.17,-0.77,-0.36,-0.58
20:28:39,fin:FLOWUSDT_SHORT,FLOWUSDT,SHORT,fin:FLOWUSDT_SHORT_BLOCKED_DELTA_HTF_4h_AGAINST,0.04135,-0.17,-0.77,-0.36,-0.58
20:29:19,fin:FLOWUSDT_SHORT,FLOWUSDT,SHORT,fin:FLOWUSDT_SHORT_BLOCKED_DELTA_HTF_4h_AGAINST,0.04135,-0.17,-0.77,-0.36,-0.58
21:22:59,fin:FLOWUSDT_SHORT,FLOWUSDT,SHORT,fin:FLOWUSDT_SHORT_BLOCKED_DELTA_HTF_4h_AGAINST,0.0416,-0.00,-0.17,+0.24,+0.02
20:46:35,fin:FLOWUSDT_SHORT,FLOWUSDT,SHORT,fin:FLOWUSDT_SHORT_BLOCKED_DELTA_NO_SIGNAL_htf=4h_D,0.04139,-0.68,-0.68,-0.27,-0.48
20:55:46,fin:FLOWUSDT_SHORT,FLOWUSDT,SHORT,fin:FLOWUSDT_SHORT_BLOCKED_DELTA_NO_SIGNAL_htf=4h_D,0.04139,-0.68,-0.68,-0.27,-0.48
20:56:49,fin:FLOWUSDT_SHORT,FLOWUSDT,SHORT,fin:FLOWUSDT_SHORT_BLOCKED_DELTA_NO_SIGNAL_htf=4h_D,0.04139,-0.68,-0.68,-0.27,-0.48
21:05:49,fin:FLOWUSDT_SHORT,FLOWUSDT,SHORT,fin:FLOWUSDT_SHORT_BLOCKED_DELTA_NO_SIGNAL_htf=4h_D,0.04167,+0.17,-0.00,+0.41,+0.19
21:06:55,fin:FLOWUSDT_SHORT,FLOWUSDT,SHORT,fin:FLOWUSDT_SHORT_BLOCKED_DELTA_NO_SIGNAL_htf=4h_D,0.04167,+0.17,-0.00,+0.41,+0.19
21:28:36,fin:FLOWUSDT_SHORT,FLOWUSDT,SHORT,fin:FLOWUSDT_SHORT_BLOCKED_DELTA_NO_SIGNAL_htf=4h_D,0.0416,-0.00,-0.17,+0.24,+0.02
21:34:08,fin:FLOWUSDT_SHORT,FLOWUSDT,SHORT,fin:FLOWUSDT_SHORT_BLOCKED_DELTA_NO_SIGNAL_htf=4h_D,0.0416,-0.00,-0.17,+0.24,+0.02
21:12:44,fin:FLOWUSDT_SHORT,FLOWUSDT,SHORT,fin:FLOWUSDT_SHORT_BLOCKED_ENTRY_VET_NO_STRUCT_OR_BREAKOUT,0.04167,+0.17,-0.00,+0.41,+0.19
21:15:21,fin:FLOWUSDT_SHORT,FLOWUSDT,SHORT,fin:FLOWUSDT_SHORT_BLOCKED_ENTRY_VET_NO_STRUCT_OR_BREAKOUT,0.0416,-0.00,-0.17,+0.24,+0.02
21:43:04,fin:FLOWUSDT_SHORT,FLOWUSDT,SHORT,fin:FLOWUSDT_SHORT_BLOCKED_ENTRY_VET_NO_STRUCT_OR_BREAKOUT,0.0416,-0.00,-0.17,+0.24,+0.02
21:43:17,fin:FLOWUSDT_SHORT,FLOWUSDT,SHORT,fin:FLOWUSDT_SHORT_BLOCKED_ENTRY_VET_NO_STRUCT_OR_BREAKOUT,0.0416,-0.00,-0.17,+0.24,+0.02
20:35:49,fin:GALAUSDT_SHORT,GALAUSDT,SHORT,fin:GALAUSDT_SHORT_BLOCKED_DELTA_HTF_4h_AGAINST,0.004191,-0.26,-0.57,+1.98,+10.86
20:46:26,fin:GALAUSDT_SHORT,GALAUSDT,SHORT,fin:GALAUSDT_SHORT_BLOCKED_DELTA_NO_SIGNAL_htf=4h_D,0.004202,-0.31,-0.31,+2.24,+11.09
21:42:47,fin:GALAUSDT_SHORT,GALAUSDT,SHORT,fin:GALAUSDT_SHORT_BLOCKED_DELTA_NO_SIGNAL_htf=4h_D,0.004189,-0.00,-0.62,+1.93,+10.81
21:43:19,fin:GALAUSDT_SHORT,GALAUSDT,SHORT,fin:GALAUSDT_SHORT_BLOCKED_DELTA_NO_SIGNAL_htf=4h_D,0.004189,-0.00,-0.62,+1.93,+10.81
20:23:35,fin:GALAUSDT_SHORT,GALAUSDT,SHORT,fin:GALAUSDT_SHORT_BLOCKED_ENTRY_VET_NO_STRUCT_OR_BREAKOUT,0.004183,-0.19,-0.77,+1.79,+10.69
20:28:29,fin:GALAUSDT_SHORT,GALAUSDT,SHORT,fin:GALAUSDT_SHORT_BLOCKED_ENTRY_VET_NO_STRUCT_OR_BREAKOUT,0.004183,-0.19,-0.77,+1.79,+10.69
20:29:17,fin:GALAUSDT_SHORT,GALAUSDT,SHORT,fin:GALAUSDT_SHORT_BLOCKED_ENTRY_VET_NO_STRUCT_OR_BREAKOUT,0.004183,-0.19,-0.77,+1.79,+10.69
20:55:44,fin:GALAUSDT_SHORT,GALAUSDT,SHORT,fin:GALAUSDT_SHORT_BLOCKED_ENTRY_VET_NO_STRUCT_OR_BREAKOUT,0.004202,-0.31,-0.31,+2.24,+11.09
20:56:58,fin:GALAUSDT_SHORT,GALAUSDT,SHORT,fin:GALAUSDT_SHORT_BLOCKED_ENTRY_VET_NO_STRUCT_OR_BREAKOUT,0.004202,-0.31,-0.31,+2.24,+11.09
21:05:37,fin:GALAUSDT_SHORT,GALAUSDT,SHORT,fin:GALAUSDT_SHORT_BLOCKED_ENTRY_VET_NO_STRUCT_OR_BREAKOUT,0.004215,-0.26,-0.00,+2.54,+11.36
21:06:57,fin:GALAUSDT_SHORT,GALAUSDT,SHORT,fin:GALAUSDT_SHORT_BLOCKED_ENTRY_VET_NO_STRUCT_OR_BREAKOUT,0.004215,-0.26,-0.00,+2.54,+11.36
21:12:37,fin:GALAUSDT_SHORT,GALAUSDT,SHORT,fin:GALAUSDT_SHORT_BLOCKED_ENTRY_VET_NO_STRUCT_OR_BREAKOUT,0.004215,-0.26,-0.00,+2.54,+11.36
21:15:13,fin:GALAUSDT_SHORT,GALAUSDT,SHORT,fin:GALAUSDT_SHORT_BLOCKED_ENTRY_VET_NO_STRUCT_OR_BREAKOUT,0.004226,+0.88,+0.26,+2.79,+11.59
21:23:10,fin:GALAUSDT_SHORT,GALAUSDT,SHORT,fin:GALAUSDT_SHORT_BLOCKED_ENTRY_VET_NO_STRUCT_OR_BREAKOUT,0.004226,+0.88,+0.26,+2.79,+11.59
21:28:24,fin:GALAUSDT_SHORT,GALAUSDT,SHORT,fin:GALAUSDT_SHORT_BLOCKED_ENTRY_VET_NO_STRUCT_OR_BREAKOUT,0.004226,+0.88,+0.26,+2.79,+11.59
21:33:51,fin:GALAUSDT_SHORT,GALAUSDT,SHORT,fin:GALAUSDT_SHORT_BLOCKED_ENTRY_VET_NO_STRUCT_OR_BREAKOUT,0.004189,-0.00,-0.62,+1.93,+10.81
20:23:19,fin:INXUSDT_SHORT,INXUSDT,SHORT,fin:INXUSDT_SHORT_BLOCKED_DELTA_HTF_4h_AGAINST,0.009614,-1.56,-2.65,+0.24,-1.67
20:28:23,fin:INXUSDT_SHORT,INXUSDT,SHORT,fin:INXUSDT_SHORT_BLOCKED_DELTA_HTF_4h_AGAINST,0.009614,-1.56,-2.65,+0.24,-1.67
20:29:36,fin:INXUSDT_SHORT,INXUSDT,SHORT,fin:INXUSDT_SHORT_BLOCKED_DELTA_NO_SIGNAL_htf=4h_D,0.009614,-1.56,-2.65,+0.24,-1.67
20:35:51,fin:INXUSDT_SHORT,INXUSDT,SHORT,fin:INXUSDT_SHORT_BLOCKED_DELTA_NO_SIGNAL_htf=4h_D,0.009764,-0.23,-1.08,+1.77,-0.11
20:46:20,fin:INXUSDT_SHORT,INXUSDT,SHORT,fin:INXUSDT_SHORT_BLOCKED_DELTA_NO_SIGNAL_htf=4h_D,0.009786,-0.85,-0.85,+1.99,+0.11
20:55:24,fin:INXUSDT_SHORT,INXUSDT,SHORT,fin:INXUSDT_SHORT_BLOCKED_DELTA_NO_SIGNAL_htf=4h_D,0.009786,-0.85,-0.85,+1.99,+0.11
20:56:31,fin:INXUSDT_SHORT,INXUSDT,SHORT,fin:INXUSDT_SHORT_BLOCKED_DELTA_NO_SIGNAL_htf=4h_D,0.009786,-0.85,-0.85,+1.99,+0.11
21:05:33,fin:INXUSDT_SHORT,INXUSDT,SHORT,fin:INXUSDT_SHORT_BLOCKED_DELTA_NO_SIGNAL_htf=4h_D,0.009869,+0.35,-0.00,+2.82,+0.95
21:06:34,fin:INXUSDT_SHORT,INXUSDT,SHORT,fin:INXUSDT_SHORT_BLOCKED_DELTA_NO_SIGNAL_htf=4h_D,0.009869,+0.35,-0.00,+2.82,+0.95
21:12:23,fin:INXUSDT_SHORT,INXUSDT,SHORT,fin:INXUSDT_SHORT_BLOCKED_DELTA_NO_SIGNAL_htf=4h_D,0.009869,+0.35,-0.00,+2.82,+0.95
21:15:15,fin:INXUSDT_SHORT,INXUSDT,SHORT,fin:INXUSDT_SHORT_BLOCKED_DELTA_NO_SIGNAL_htf=4h_D,0.009834,-0.00,-0.36,+2.47,+0.60
21:06:44,fin:IOTXUSDT_SHORT,IOTXUSDT,SHORT,fin:IOTXUSDT_SHORT_BLOCKED_DELTA_HTF_4h_AGAINST,0.0049,-0.20,-0.00,-0.82,+1.63
21:12:12,fin:IOTXUSDT_SHORT,IOTXUSDT,SHORT,fin:IOTXUSDT_SHORT_BLOCKED_DELTA_HTF_4h_AGAINST,0.0049,-0.20,-0.00,-0.82,+1.63
20:23:01,fin:IOTXUSDT_SHORT,IOTXUSDT,SHORT,fin:IOTXUSDT_SHORT_BLOCKED_DELTA_NO_SIGNAL_htf=4h_D,0.00492,-0.00,+0.41,-0.41,+2.03
20:27:58,fin:IOTXUSDT_SHORT,IOTXUSDT,SHORT,fin:IOTXUSDT_SHORT_BLOCKED_DELTA_NO_SIGNAL_htf=4h_D,0.00492,-0.00,+0.41,-0.41,+2.03
20:28:53,fin:IOTXUSDT_SHORT,IOTXUSDT,SHORT,fin:IOTXUSDT_SHORT_BLOCKED_DELTA_NO_SIGNAL_htf=4h_D,0.00492,-0.00,+0.41,-0.41,+2.03
20:36:23,fin:IOTXUSDT_SHORT,IOTXUSDT,SHORT,fin:IOTXUSDT_SHORT_BLOCKED_DELTA_NO_SIGNAL_htf=4h_D,0.00492,-0.20,+0.41,-0.41,+2.03
21:05:25,fin:IOTXUSDT_SHORT,IOTXUSDT,SHORT,fin:IOTXUSDT_SHORT_BLOCKED_DELTA_NO_SIGNAL_htf=4h_D,0.0049,-0.20,-0.00,-0.82,+1.63
21:15:00,fin:IOTXUSDT_SHORT,IOTXUSDT,SHORT,fin:IOTXUSDT_SHORT_BLOCKED_DELTA_NO_SIGNAL_htf=4h_D,0.00491,-0.00,+0.20,-0.61,+1.83
21:22:25,fin:IOTXUSDT_SHORT,IOTXUSDT,SHORT,fin:IOTXUSDT_SHORT_BLOCKED_DELTA_NO_SIGNAL_htf=4h_D,0.00491,-0.00,+0.20,-0.61,+1.83
21:33:34,fin:IOTXUSDT_SHORT,IOTXUSDT,SHORT,fin:IOTXUSDT_SHORT_BLOCKED_DELTA_NO_SIGNAL_htf=4h_D,0.00491,-0.00,+0.20,-0.61,+1.83
21:42:30,fin:IOTXUSDT_SHORT,IOTXUSDT,SHORT,fin:IOTXUSDT_SHORT_BLOCKED_DELTA_NO_SIGNAL_htf=4h_D,0.00491,-0.00,+0.20,-0.61,+1.83
21:43:51,fin:IOTXUSDT_SHORT,IOTXUSDT,SHORT,fin:IOTXUSDT_SHORT_BLOCKED_DELTA_NO_SIGNAL_htf=4h_D,0.00491,-0.00,+0.20,-0.61,+1.83
20:56:06,fin:IOTXUSDT_SHORT,IOTXUSDT,SHORT,fin:IOTXUSDT_SHORT_BLOCKED_ENTRY_VET_NO_STRUCT_OR_BREAKOUT,0.00493,+0.61,+0.61,-0.20,+2.23
20:23:17,fin:LINKUSDC_SHORT,LINKUSDC,SHORT,fin:LINKUSDC_SHORT_BLOCKED_DELTA_NO_SIGNAL_htf=4h_D,10.322,+0.15,+0.24,-0.45,+4.63
20:28:14,fin:LINKUSDC_SHORT,LINKUSDC,SHORT,fin:LINKUSDC_SHORT_BLOCKED_DELTA_NO_SIGNAL_htf=4h_D,10.322,+0.15,+0.24,-0.45,+4.63
20:29:15,fin:LINKUSDC_SHORT,LINKUSDC,SHORT,fin:LINKUSDC_SHORT_BLOCKED_DELTA_NO_SIGNAL_htf=4h_D,10.322,+0.15,+0.24,-0.45,+4.63
20:56:33,fin:LINKUSDC_SHORT,LINKUSDC,SHORT,fin:LINKUSDC_SHORT_BLOCKED_DELTA_NO_SIGNAL_htf=4h_D,10.297,-0.10,-0.00,-0.69,+4.40
21:12:25,fin:LINKUSDC_SHORT,LINKUSDC,SHORT,fin:LINKUSDC_SHORT_BLOCKED_DELTA_NO_SIGNAL_htf=4h_D,10.307,-0.24,+0.10,-0.59,+4.49
21:15:38,fin:LINKUSDC_SHORT,LINKUSDC,SHORT,fin:LINKUSDC_SHORT_BLOCKED_DELTA_NO_SIGNAL_htf=4h_D,10.332,-0.03,+0.34,-0.35,+4.72
21:22:53,fin:LINKUSDC_SHORT,LINKUSDC,SHORT,fin:LINKUSDC_SHORT_BLOCKED_DELTA_NO_SIGNAL_htf=4h_D,10.332,-0.03,+0.34,-0.35,+4.72
21:28:32,fin:LINKUSDC_SHORT,LINKUSDC,SHORT,fin:LINKUSDC_SHORT_BLOCKED_DELTA_NO_SIGNAL_htf=4h_D,10.332,-0.03,+0.34,-0.35,+4.72
21:33:47,fin:LINKUSDC_SHORT,LINKUSDC,SHORT,fin:LINKUSDC_SHORT_BLOCKED_DELTA_NO_SIGNAL_htf=4h_D,10.335,-0.00,+0.37,-0.32,+4.75
21:42:57,fin:LINKUSDC_SHORT,LINKUSDC,SHORT,fin:LINKUSDC_SHORT_BLOCKED_DELTA_NO_SIGNAL_htf=4h_D,10.335,-0.00,+0.37,-0.32,+4.75
21:43:31,fin:LINKUSDC_SHORT,LINKUSDC,SHORT,fin:LINKUSDC_SHORT_BLOCKED_DELTA_NO_SIGNAL_htf=4h_D,10.335,-0.00,+0.37,-0.32,+4.75
20:22:54,fin:LPTUSDT_SHORT,LPTUSDT,SHORT,fin:LPTUSDT_SHORT_BLOCKED_DELTA_NO_SIGNAL_htf=4h_D,2.319,+0.22,+0.13,+0.17,+2.59
20:28:00,fin:LPTUSDT_SHORT,LPTUSDT,SHORT,fin:LPTUSDT_SHORT_BLOCKED_DELTA_NO_SIGNAL_htf=4h_D,2.319,+0.22,+0.13,+0.17,+2.59
20:29:03,fin:LPTUSDT_SHORT,LPTUSDT,SHORT,fin:LPTUSDT_SHORT_BLOCKED_DELTA_NO_SIGNAL_htf=4h_D,2.319,+0.22,+0.13,+0.17,+2.59
20:36:17,fin:LPTUSDT_SHORT,LPTUSDT,SHORT,fin:LPTUSDT_SHORT_BLOCKED_DELTA_NO_SIGNAL_htf=4h_D,2.314,-0.09,-0.09,-0.04,+2.38
20:45:52,fin:LPTUSDT_SHORT,LPTUSDT,SHORT,fin:LPTUSDT_SHORT_BLOCKED_DELTA_NO_SIGNAL_htf=4h_D,2.316,+0.04,-0.00,+0.04,+2.46
20:56:08,fin:LPTUSDT_SHORT,LPTUSDT,SHORT,fin:LPTUSDT_SHORT_BLOCKED_DELTA_NO_SIGNAL_htf=4h_D,2.316,+0.04,-0.00,+0.04,+2.46
21:22:33,fin:LPTUSDT_SHORT,LPTUSDT,SHORT,fin:LPTUSDT_SHORT_BLOCKED_DELTA_NO_SIGNAL_htf=4h_D,2.316,-0.47,-0.00,+0.04,+2.46
21:28:07,fin:LPTUSDT_SHORT,LPTUSDT,SHORT,fin:LPTUSDT_SHORT_BLOCKED_ENTRY_VET_NO_STRUCT_OR_BREAKOUT,2.316,-0.47,-0.00,+0.04,+2.46
21:42:26,fin:LPTUSDT_SHORT,LPTUSDT,SHORT,fin:LPTUSDT_SHORT_BLOCKED_ENTRY_VET_NO_STRUCT_OR_BREAKOUT,2.327,-0.00,+0.47,+0.52,+2.92
21:43:55,fin:LPTUSDT_SHORT,LPTUSDT,SHORT,fin:LPTUSDT_SHORT_BLOCKED_ENTRY_VET_NO_STRUCT_OR_BREAKOUT,2.327,-0.00,+0.47,+0.52,+2.92
21:43:53,fin:LTCUSDC_SHORT,LTCUSDC,SHORT,fin:LTCUSDC_SHORT_BLOCKED_DELTA_HTF_4h_AGAINST,58.2,-0.00,+0.22,-0.33,+3.04
20:22:59,fin:LTCUSDC_SHORT,LTCUSDC,SHORT,fin:LTCUSDC_SHORT_BLOCKED_DELTA_NO_SIGNAL_htf=4h_D,58.15,+0.09,+0.14,-0.41,+2.96
20:36:09,fin:LTCUSDC_SHORT,LTCUSDC,SHORT,fin:LTCUSDC_SHORT_BLOCKED_DELTA_NO_SIGNAL_htf=4h_D,58.1,+0.15,+0.05,-0.50,+2.87
20:55:05,fin:LTCUSDC_SHORT,LTCUSDC,SHORT,fin:LTCUSDC_SHORT_BLOCKED_DELTA_NO_SIGNAL_htf=4h_D,58.01,-0.00,-0.10,-0.66,+2.72
20:56:04,fin:LTCUSDC_SHORT,LTCUSDC,SHORT,fin:LTCUSDC_SHORT_BLOCKED_DELTA_NO_SIGNAL_htf=4h_D,58.01,-0.00,-0.10,-0.66,+2.72
21:12:14,fin:LTCUSDC_SHORT,LTCUSDC,SHORT,fin:LTCUSDC_SHORT_BLOCKED_DELTA_NO_SIGNAL_htf=4h_D,58.01,-0.33,-0.10,-0.66,+2.72
21:15:04,fin:LTCUSDC_SHORT,LTCUSDC,SHORT,fin:LTCUSDC_SHORT_BLOCKED_DELTA_NO_SIGNAL_htf=4h_D,58.2,-0.00,+0.22,-0.33,+3.04
21:22:31,fin:LTCUSDC_SHORT,LTCUSDC,SHORT,fin:LTCUSDC_SHORT_BLOCKED_DELTA_NO_SIGNAL_htf=4h_D,58.2,-0.00,+0.22,-0.33,+3.04
21:28:03,fin:LTCUSDC_SHORT,LTCUSDC,SHORT,fin:LTCUSDC_SHORT_BLOCKED_DELTA_NO_SIGNAL_htf=4h_D,58.2,-0.00,+0.22,-0.33,+3.04
21:33:32,fin:LTCUSDC_SHORT,LTCUSDC,SHORT,fin:LTCUSDC_SHORT_BLOCKED_DELTA_NO_SIGNAL_htf=4h_D,58.2,-0.00,+0.22,-0.33,+3.04
21:42:24,fin:LTCUSDC_SHORT,LTCUSDC,SHORT,fin:LTCUSDC_SHORT_BLOCKED_DELTA_NO_SIGNAL_htf=4h_D,58.2,-0.00,+0.22,-0.33,+3.04
20:22:57,fin:LUNA2USDT_SHORT,LUNA2USDT,SHORT,fin:LUNA2USDT_SHORT_BLOCKED_DELTA_NO_SIGNAL_htf=4h_D,0.07117,+0.21,+0.03,-0.17,+2.56
20:28:04,fin:LUNA2USDT_SHORT,LUNA2USDT,SHORT,fin:LUNA2USDT_SHORT_BLOCKED_DELTA_NO_SIGNAL_htf=4h_D,0.07117,+0.21,+0.03,-0.17,+2.56
20:28:59,fin:LUNA2USDT_SHORT,LUNA2USDT,SHORT,fin:LUNA2USDT_SHORT_BLOCKED_DELTA_NO_SIGNAL_htf=4h_D,0.07117,+0.21,+0.03,-0.17,+2.56
20:36:13,fin:LUNA2USDT_SHORT,LUNA2USDT,SHORT,fin:LUNA2USDT_SHORT_BLOCKED_DELTA_NO_SIGNAL_htf=4h_D,0.07102,-0.11,-0.18,-0.38,+2.35
20:45:54,fin:LUNA2USDT_SHORT,LUNA2USDT,SHORT,fin:LUNA2USDT_SHORT_BLOCKED_DELTA_NO_SIGNAL_htf=4h_D,0.0711,-0.07,-0.07,-0.27,+2.46
20:55:07,fin:LUNA2USDT_SHORT,LUNA2USDT,SHORT,fin:LUNA2USDT_SHORT_BLOCKED_DELTA_NO_SIGNAL_htf=4h_D,0.0711,-0.07,-0.07,-0.27,+2.46
20:56:12,fin:LUNA2USDT_SHORT,LUNA2USDT,SHORT,fin:LUNA2USDT_SHORT_BLOCKED_DELTA_NO_SIGNAL_htf=4h_D,0.0711,-0.07,-0.07,-0.27,+2.46
21:05:27,fin:LUNA2USDT_SHORT,LUNA2USDT,SHORT,fin:LUNA2USDT_SHORT_BLOCKED_DELTA_NO_SIGNAL_htf=4h_D,0.07115,-0.04,-0.00,-0.20,+2.53
21:06:38,fin:LUNA2USDT_SHORT,LUNA2USDT,SHORT,fin:LUNA2USDT_SHORT_BLOCKED_DELTA_NO_SIGNAL_htf=4h_D,0.07115,-0.04,-0.00,-0.20,+2.53
21:12:10,fin:LUNA2USDT_SHORT,LUNA2USDT,SHORT,fin:LUNA2USDT_SHORT_BLOCKED_DELTA_NO_SIGNAL_htf=4h_D,0.07115,-0.04,-0.00,-0.20,+2.53
21:15:06,fin:LUNA2USDT_SHORT,LUNA2USDT,SHORT,fin:LUNA2USDT_SHORT_BLOCKED_DELTA_NO_SIGNAL_htf=4h_D,0.07118,-0.13,+0.04,-0.15,+2.57
21:22:35,fin:LUNA2USDT_SHORT,LUNA2USDT,SHORT,fin:LUNA2USDT_SHORT_BLOCKED_DELTA_NO_SIGNAL_htf=4h_D,0.07118,-0.13,+0.04,-0.15,+2.57
21:28:11,fin:LUNA2USDT_SHORT,LUNA2USDT,SHORT,fin:LUNA2USDT_SHORT_BLOCKED_DELTA_NO_SIGNAL_htf=4h_D,0.07118,-0.13,+0.04,-0.15,+2.57
21:33:41,fin:LUNA2USDT_SHORT,LUNA2USDT,SHORT,fin:LUNA2USDT_SHORT_BLOCKED_DELTA_NO_SIGNAL_htf=4h_D,0.07127,-0.00,+0.17,-0.03,+2.69
21:42:28,fin:LUNA2USDT_SHORT,LUNA2USDT,SHORT,fin:LUNA2USDT_SHORT_BLOCKED_DELTA_NO_SIGNAL_htf=4h_D,0.07127,-0.00,+0.17,-0.03,+2.69
21:43:47,fin:LUNA2USDT_SHORT,LUNA2USDT,SHORT,fin:LUNA2USDT_SHORT_BLOCKED_DELTA_NO_SIGNAL_htf=4h_D,0.07127,-0.00,+0.17,-0.03,+2.69
21:06:50,fin:MAGICUSDT_SHORT,MAGICUSDT,SHORT,fin:MAGICUSDT_SHORT_BLOCKED_DELTA_HTF_4h_AGAINST,0.07035,-0.00,-0.00,+0.10,+3.24
20:23:33,fin:MAGICUSDT_SHORT,MAGICUSDT,SHORT,fin:MAGICUSDT_SHORT_BLOCKED_DELTA_NO_SIGNAL_htf=4h_D,0.07012,-0.41,-0.33,-0.23,+2.92
20:36:21,fin:MAGICUSDT_SHORT,MAGICUSDT,SHORT,fin:MAGICUSDT_SHORT_BLOCKED_DELTA_NO_SIGNAL_htf=4h_D,0.07041,+0.13,+0.09,+0.18,+3.32
20:46:30,fin:MAGICUSDT_SHORT,MAGICUSDT,SHORT,fin:MAGICUSDT_SHORT_BLOCKED_DELTA_NO_SIGNAL_htf=4h_D,0.07032,-0.04,-0.04,+0.06,+3.20
20:55:40,fin:MAGICUSDT_SHORT,MAGICUSDT,SHORT,fin:MAGICUSDT_SHORT_BLOCKED_DELTA_NO_SIGNAL_htf=4h_D,0.07032,-0.04,-0.04,+0.06,+3.20
20:56:54,fin:MAGICUSDT_SHORT,MAGICUSDT,SHORT,fin:MAGICUSDT_SHORT_BLOCKED_DELTA_NO_SIGNAL_htf=4h_D,0.07032,-0.04,-0.04,+0.06,+3.20
21:05:35,fin:MAGICUSDT_SHORT,MAGICUSDT,SHORT,fin:MAGICUSDT_SHORT_BLOCKED_DELTA_NO_SIGNAL_htf=4h_D,0.07035,-0.00,-0.00,+0.10,+3.24
21:12:46,fin:MAGICUSDT_SHORT,MAGICUSDT,SHORT,fin:MAGICUSDT_SHORT_BLOCKED_DELTA_NO_SIGNAL_htf=4h_D,0.07035,-0.00,-0.00,+0.10,+3.24
21:15:36,fin:MAGICUSDT_SHORT,MAGICUSDT,SHORT,fin:MAGICUSDT_SHORT_BLOCKED_DELTA_NO_SIGNAL_htf=4h_D,0.07035,-0.47,-0.00,+0.10,+3.24
21:23:05,fin:MAGICUSDT_SHORT,MAGICUSDT,SHORT,fin:MAGICUSDT_SHORT_BLOCKED_DELTA_NO_SIGNAL_htf=4h_D,0.07035,-0.47,-0.00,+0.10,+3.24
21:28:28,fin:MAGICUSDT_SHORT,MAGICUSDT,SHORT,fin:MAGICUSDT_SHORT_BLOCKED_DELTA_NO_SIGNAL_htf=4h_D,0.07035,-0.47,-0.00,+0.10,+3.24
20:46:24,fin:MANAUSDT_SHORT,MANAUSDT,SHORT,fin:MANAUSDT_SHORT_BLOCKED_DELTA_NO_SIGNAL_htf=4h_D,0.0969,-0.41,-0.41,+0.52,+5.16
20:56:26,fin:MANAUSDT_SHORT,MANAUSDT,SHORT,fin:MANAUSDT_SHORT_BLOCKED_DELTA_NO_SIGNAL_htf=4h_D,0.0969,-0.41,-0.41,+0.52,+5.16
21:12:19,fin:MANAUSDT_SHORT,MANAUSDT,SHORT,fin:MANAUSDT_SHORT_BLOCKED_DELTA_NO_SIGNAL_htf=4h_D,0.0973,-0.21,-0.00,+0.92,+5.55
21:15:19,fin:MANAUSDT_SHORT,MANAUSDT,SHORT,fin:MANAUSDT_SHORT_BLOCKED_DELTA_NO_SIGNAL_htf=4h_D,0.0975,-0.10,+0.21,+1.13,+5.74
20:23:21,fin:MANAUSDT_SHORT,MANAUSDT,SHORT,fin:MANAUSDT_SHORT_BLOCKED_ENTRY_VET_NO_STRUCT_OR_BREAKOUT,0.0962,-0.73,-1.14,-0.21,+4.47
20:28:17,fin:MANAUSDT_SHORT,MANAUSDT,SHORT,fin:MANAUSDT_SHORT_BLOCKED_ENTRY_VET_NO_STRUCT_OR_BREAKOUT,0.0962,-0.73,-1.14,-0.21,+4.47
20:29:32,fin:MANAUSDT_SHORT,MANAUSDT,SHORT,fin:MANAUSDT_SHORT_BLOCKED_ENTRY_VET_NO_STRUCT_OR_BREAKOUT,0.0962,-0.73,-1.14,-0.21,+4.47
20:36:19,fin:MANAUSDT_SHORT,MANAUSDT,SHORT,fin:MANAUSDT_SHORT_BLOCKED_ENTRY_VET_NO_STRUCT_OR_BREAKOUT,0.0969,-0.00,-0.41,+0.52,+5.16
20:23:13,fin:MEMEUSDT_SHORT,MEMEUSDT,SHORT,fin:MEMEUSDT_SHORT_BLOCKED_DELTA_NO_SIGNAL_htf=4h_D,0.0006368,-0.13,-0.06,-0.44,+3.89
20:28:25,fin:MEMEUSDT_SHORT,MEMEUSDT,SHORT,fin:MEMEUSDT_SHORT_BLOCKED_DELTA_NO_SIGNAL_htf=4h_D,0.0006368,-0.13,-0.06,-0.44,+3.89
20:28:55,fin:MEMEUSDT_SHORT,MEMEUSDT,SHORT,fin:MEMEUSDT_SHORT_BLOCKED_DELTA_NO_SIGNAL_htf=4h_D,0.0006368,-0.13,-0.06,-0.44,+3.89
20:36:11,fin:MEMEUSDT_SHORT,MEMEUSDT,SHORT,fin:MEMEUSDT_SHORT_BLOCKED_DELTA_NO_SIGNAL_htf=4h_D,0.0006376,+0.03,+0.06,-0.31,+4.02
20:46:13,fin:MEMEUSDT_SHORT,MEMEUSDT,SHORT,fin:MEMEUSDT_SHORT_BLOCKED_DELTA_NO_SIGNAL_htf=4h_D,0.0006374,+0.03,+0.03,-0.35,+3.98
20:55:15,fin:MEMEUSDT_SHORT,MEMEUSDT,SHORT,fin:MEMEUSDT_SHORT_BLOCKED_DELTA_NO_SIGNAL_htf=4h_D,0.0006374,+0.03,+0.03,-0.35,+3.98
20:56:41,fin:MEMEUSDT_SHORT,MEMEUSDT,SHORT,fin:MEMEUSDT_SHORT_BLOCKED_DELTA_NO_SIGNAL_htf=4h_D,0.0006374,+0.03,+0.03,-0.35,+3.98
21:22:55,fin:MEMEUSDT_SHORT,MEMEUSDT,SHORT,fin:MEMEUSDT_SHORT_BLOCKED_DELTA_NO_SIGNAL_htf=4h_D,0.0006358,-0.35,-0.22,-0.60,+3.74
21:28:41,fin:OPUSDT_SHORT,OPUSDT,SHORT,fin:OPUSDT_SHORT_BLOCKED_DELTA_NO_SIGNAL_htf=4h_D,0.1677,-3.04,-0.66,+2.68,+11.81
21:28:17,fin:ORDIUSDC_SHORT,ORDIUSDC,SHORT,fin:ORDIUSDC_SHORT_BLOCKED_DELTA_NO_SIGNAL_htf=4h_D,5.571,-0.63,-0.68,+0.88,+7.72
20:28:35,fin:QTUMUSDT_SHORT,QTUMUSDT,SHORT,fin:QTUMUSDT_SHORT_BLOCKED_DELTA_NO_SIGNAL_htf=4h_D,0.968,+0.21,-0.21,+0.31,+4.96
20:29:29,fin:QTUMUSDT_SHORT,QTUMUSDT,SHORT,fin:QTUMUSDT_SHORT_BLOCKED_DELTA_NO_SIGNAL_htf=4h_D,0.968,+0.21,-0.21,+0.31,+4.96
20:35:57,fin:QTUMUSDT_SHORT,QTUMUSDT,SHORT,fin:QTUMUSDT_SHORT_BLOCKED_DELTA_NO_SIGNAL_htf=4h_D,0.966,-0.21,-0.41,+0.10,+4.76
20:46:37,fin:QTUMUSDT_SHORT,QTUMUSDT,SHORT,fin:QTUMUSDT_SHORT_BLOCKED_DELTA_NO_SIGNAL_htf=4h_D,0.968,-0.10,-0.21,+0.31,+4.96
20:55:48,fin:QTUMUSDT_SHORT,QTUMUSDT,SHORT,fin:QTUMUSDT_SHORT_BLOCKED_DELTA_NO_SIGNAL_htf=4h_D,0.968,-0.10,-0.21,+0.31,+4.96
21:23:01,fin:QTUMUSDT_SHORT,QTUMUSDT,SHORT,fin:QTUMUSDT_SHORT_BLOCKED_DELTA_NO_SIGNAL_htf=4h_D,0.972,-0.21,+0.21,+0.72,+5.35
21:28:38,fin:QTUMUSDT_SHORT,QTUMUSDT,SHORT,fin:QTUMUSDT_SHORT_BLOCKED_DELTA_NO_SIGNAL_htf=4h_D,0.972,-0.21,+0.21,+0.72,+5.35
20:57:00,fin:QTUMUSDT_SHORT,QTUMUSDT,SHORT,fin:QTUMUSDT_SHORT_BLOCKED_ENTRY_VET_NO_STRUCT_OR_BREAKOUT,0.968,-0.10,-0.21,+0.31,+4.96
21:05:41,fin:QTUMUSDT_SHORT,QTUMUSDT,SHORT,fin:QTUMUSDT_SHORT_BLOCKED_ENTRY_VET_NO_STRUCT_OR_BREAKOUT,0.969,-0.31,-0.10,+0.41,+5.06
21:06:46,fin:QTUMUSDT_SHORT,QTUMUSDT,SHORT,fin:QTUMUSDT_SHORT_BLOCKED_ENTRY_VET_NO_STRUCT_OR_BREAKOUT,0.969,-0.31,-0.10,+0.41,+5.06
21:12:48,fin:QTUMUSDT_SHORT,QTUMUSDT,SHORT,fin:QTUMUSDT_SHORT_BLOCKED_ENTRY_VET_NO_STRUCT_OR_BREAKOUT,0.969,-0.31,-0.10,+0.41,+5.06
21:15:32,fin:QTUMUSDT_SHORT,QTUMUSDT,SHORT,fin:QTUMUSDT_SHORT_BLOCKED_ENTRY_VET_NO_STRUCT_OR_BREAKOUT,0.972,-0.21,+0.21,+0.72,+5.35
21:34:10,fin:QTUMUSDT_SHORT,QTUMUSDT,SHORT,fin:QTUMUSDT_SHORT_BLOCKED_ENTRY_VET_NO_STRUCT_OR_BREAKOUT,0.974,-0.00,+0.41,+0.92,+5.54
21:42:45,fin:QTUMUSDT_SHORT,QTUMUSDT,SHORT,fin:QTUMUSDT_SHORT_BLOCKED_ENTRY_VET_NO_STRUCT_OR_BREAKOUT,0.974,-0.00,+0.41,+0.92,+5.54
21:43:15,fin:QTUMUSDT_SHORT,QTUMUSDT,SHORT,fin:QTUMUSDT_SHORT_BLOCKED_ENTRY_VET_NO_STRUCT_OR_BREAKOUT,0.974,-0.00,+0.41,+0.92,+5.54
21:05:43,fin:RLCUSDT_SHORT,RLCUSDT,SHORT,fin:RLCUSDT_SHORT_BLOCKED_DELTA_HTF_4h_AGAINST,0.4924,-0.00,-0.16,+0.41,+3.74
21:06:53,fin:RLCUSDT_SHORT,RLCUSDT,SHORT,fin:RLCUSDT_SHORT_BLOCKED_DELTA_HTF_4h_AGAINST,0.4924,-0.00,-0.16,+0.41,+3.74
20:29:34,fin:RLCUSDT_SHORT,RLCUSDT,SHORT,fin:RLCUSDT_SHORT_BLOCKED_DELTA_NO_SIGNAL_htf=4h_D,0.492,-0.10,-0.24,+0.33,+3.66
20:36:00,fin:RLCUSDT_SHORT,RLCUSDT,SHORT,fin:RLCUSDT_SHORT_BLOCKED_DELTA_NO_SIGNAL_htf=4h_D,0.4925,-0.00,-0.14,+0.43,+3.76
20:55:42,fin:RLCUSDT_SHORT,RLCUSDT,SHORT,fin:RLCUSDT_SHORT_BLOCKED_DELTA_NO_SIGNAL_htf=4h_D,0.4925,+0.02,-0.14,+0.43,+3.76
20:57:02,fin:RLCUSDT_SHORT,RLCUSDT,SHORT,fin:RLCUSDT_SHORT_BLOCKED_DELTA_NO_SIGNAL_htf=4h_D,0.4925,+0.02,-0.14,+0.43,+3.76
21:23:07,fin:RLCUSDT_SHORT,RLCUSDT,SHORT,fin:RLCUSDT_SHORT_BLOCKED_DELTA_NO_SIGNAL_htf=4h_D,0.4924,-0.10,-0.16,+0.41,+3.74
21:28:26,fin:RLCUSDT_SHORT,RLCUSDT,SHORT,fin:RLCUSDT_SHORT_BLOCKED_DELTA_NO_SIGNAL_htf=4h_D,0.4924,-0.10,-0.16,+0.41,+3.74
20:23:31,fin:RLCUSDT_SHORT,RLCUSDT,SHORT,fin:RLCUSDT_SHORT_BLOCKED_ENTRY_VET_NO_STRUCT_OR_BREAKOUT,0.492,-0.10,-0.24,+0.33,+3.66
20:46:28,fin:RLCUSDT_SHORT,RLCUSDT,SHORT,fin:RLCUSDT_SHORT_BLOCKED_ENTRY_VET_NO_STRUCT_OR_BREAKOUT,0.4925,+0.02,-0.14,+0.43,+3.76
21:12:39,fin:RLCUSDT_SHORT,RLCUSDT,SHORT,fin:RLCUSDT_SHORT_BLOCKED_ENTRY_VET_NO_STRUCT_OR_BREAKOUT,0.4924,-0.00,-0.16,+0.41,+3.74
21:15:08,fin:RLCUSDT_SHORT,RLCUSDT,SHORT,fin:RLCUSDT_SHORT_BLOCKED_ENTRY_VET_NO_STRUCT_OR_BREAKOUT,0.4924,-0.10,-0.16,+0.41,+3.74
20:23:03,fin:RSRUSDT_SHORT,RSRUSDT,SHORT,fin:RSRUSDT_SHORT_BLOCKED_DELTA_NO_SIGNAL_htf=4h_D,0.002173,-0.23,+0.32,+1.43,+8.56
20:28:10,fin:RSRUSDT_SHORT,RSRUSDT,SHORT,fin:RSRUSDT_SHORT_BLOCKED_DELTA_NO_SIGNAL_htf=4h_D,0.002173,-0.23,+0.32,+1.43,+8.56
20:28:57,fin:RSRUSDT_SHORT,RSRUSDT,SHORT,fin:RSRUSDT_SHORT_BLOCKED_DELTA_NO_SIGNAL_htf=4h_D,0.002173,-0.23,+0.32,+1.43,+8.56
20:35:37,fin:RSRUSDT_SHORT,RSRUSDT,SHORT,fin:RSRUSDT_SHORT_BLOCKED_DELTA_NO_SIGNAL_htf=4h_D,0.002178,+0.64,+0.55,+1.65,+8.77
20:46:03,fin:RSRUSDT_SHORT,RSRUSDT,SHORT,fin:RSRUSDT_SHORT_BLOCKED_DELTA_NO_SIGNAL_htf=4h_D,0.002164,-0.18,-0.09,+1.02,+8.18
20:55:34,fin:RSRUSDT_SHORT,RSRUSDT,SHORT,fin:RSRUSDT_SHORT_BLOCKED_DELTA_NO_SIGNAL_htf=4h_D,0.002164,-0.18,-0.09,+1.02,+8.18
20:56:20,fin:RSRUSDT_SHORT,RSRUSDT,SHORT,fin:RSRUSDT_SHORT_BLOCKED_DELTA_NO_SIGNAL_htf=4h_D,0.002164,-0.18,-0.09,+1.02,+8.18
21:33:49,fin:RSRUSDT_SHORT,RSRUSDT,SHORT,fin:RSRUSDT_SHORT_BLOCKED_DELTA_NO_SIGNAL_htf=4h_D,0.002193,-0.00,+1.23,+2.33,+9.39
20:35:35,fin:SANDUSDT_SHORT,SANDUSDT,SHORT,fin:SANDUSDT_SHORT_BLOCKED_DELTA_NO_SIGNAL_htf=4h_D,0.08174,+0.09,-0.65,+0.17,+5.30
20:55:21,fin:SANDUSDT_SHORT,SANDUSDT,SHORT,fin:SANDUSDT_SHORT_BLOCKED_DELTA_NO_SIGNAL_htf=4h_D,0.08167,-0.09,-0.73,+0.09,+5.22
20:56:35,fin:SANDUSDT_SHORT,SANDUSDT,SHORT,fin:SANDUSDT_SHORT_BLOCKED_DELTA_NO_SIGNAL_htf=4h_D,0.08167,-0.09,-0.73,+0.09,+5.22
21:43:00,fin:SANDUSDT_SHORT,SANDUSDT,SHORT,fin:SANDUSDT_SHORT_BLOCKED_DELTA_NO_SIGNAL_htf=4h_D,0.08215,-0.00,-0.15,+0.67,+5.77
21:43:27,fin:SANDUSDT_SHORT,SANDUSDT,SHORT,fin:SANDUSDT_SHORT_BLOCKED_DELTA_NO_SIGNAL_htf=4h_D,0.08215,-0.00,-0.15,+0.67,+5.77
20:23:15,fin:SANDUSDT_SHORT,SANDUSDT,SHORT,fin:SANDUSDT_SHORT_BLOCKED_ENTRY_VET_NO_STRUCT_OR_BREAKOUT,0.0815,-0.29,-0.94,-0.12,+5.02
21:22:51,fin:SANDUSDT_SHORT,SANDUSDT,SHORT,fin:SANDUSDT_SHORT_BLOCKED_ENTRY_VET_NO_STRUCT_OR_BREAKOUT,0.08215,-0.00,-0.15,+0.67,+5.77
20:36:07,fin:SNXUSDT_SHORT,SNXUSDT,SHORT,fin:SNXUSDT_SHORT_BLOCKED_DELTA_NO_SIGNAL_htf=4h_D,0.3664,-0.16,-0.14,+0.82,+6.39
20:56:37,fin:SNXUSDT_SHORT,SNXUSDT,SHORT,fin:SNXUSDT_SHORT_BLOCKED_DELTA_NO_SIGNAL_htf=4h_D,0.367,+0.08,+0.03,+0.98,+6.54
21:05:58,fin:SNXUSDT_SHORT,SNXUSDT,SHORT,fin:SNXUSDT_SHORT_BLOCKED_DELTA_NO_SIGNAL_htf=4h_D,0.3667,+0.25,-0.05,+0.90,+6.46
21:06:36,fin:SNXUSDT_SHORT,SNXUSDT,SHORT,fin:SNXUSDT_SHORT_BLOCKED_DELTA_NO_SIGNAL_htf=4h_D,0.3667,+0.25,-0.05,+0.90,+6.46
21:12:27,fin:SNXUSDT_SHORT,SNXUSDT,SHORT,fin:SNXUSDT_SHORT_BLOCKED_DELTA_NO_SIGNAL_htf=4h_D,0.3667,+0.25,-0.05,+0.90,+6.46
21:15:23,fin:SNXUSDT_SHORT,SNXUSDT,SHORT,fin:SNXUSDT_SHORT_BLOCKED_DELTA_NO_SIGNAL_htf=4h_D,0.3658,-0.05,-0.30,+0.66,+6.23
21:22:57,fin:SNXUSDT_SHORT,SNXUSDT,SHORT,fin:SNXUSDT_SHORT_BLOCKED_DELTA_NO_SIGNAL_htf=4h_D,0.3658,-0.05,-0.30,+0.66,+6.23
21:33:45,fin:SNXUSDT_SHORT,SNXUSDT,SHORT,fin:SNXUSDT_SHORT_BLOCKED_DELTA_NO_SIGNAL_htf=4h_D,0.366,-0.00,-0.25,+0.71,+6.28
21:42:53,fin:SNXUSDT_SHORT,SNXUSDT,SHORT,fin:SNXUSDT_SHORT_BLOCKED_DELTA_NO_SIGNAL_htf=4h_D,0.366,-0.00,-0.25,+0.71,+6.28
21:43:23,fin:SNXUSDT_SHORT,SNXUSDT,SHORT,fin:SNXUSDT_SHORT_BLOCKED_DELTA_NO_SIGNAL_htf=4h_D,0.366,-0.00,-0.25,+0.71,+6.28
20:46:22,fin:SNXUSDT_SHORT,SNXUSDT,SHORT,fin:SNXUSDT_SHORT_BLOCKED_ENTRY_VET_NO_STRUCT_OR_BREAKOUT,0.367,+0.08,+0.03,+0.98,+6.54
20:55:17,fin:SNXUSDT_SHORT,SNXUSDT,SHORT,fin:SNXUSDT_SHORT_BLOCKED_ENTRY_VET_NO_STRUCT_OR_BREAKOUT,0.367,+0.08,+0.03,+0.98,+6.54
20:35:53,fin:SOLUSDC_SHORT,SOLUSDC,SHORT,fin:SOLUSDC_SHORT_BLOCKED_DELTA_NO_SIGNAL_htf=4h_D,92.29,+0.25,+0.55,-0.12,+4.21
20:56:29,fin:SOLUSDC_SHORT,SOLUSDC,SHORT,fin:SOLUSDC_SHORT_BLOCKED_DELTA_NO_SIGNAL_htf=4h_D,92.06,-0.02,+0.30,-0.37,+3.98
21:05:53,fin:SOLUSDC_SHORT,SOLUSDC,SHORT,fin:SOLUSDC_SHORT_BLOCKED_DELTA_NO_SIGNAL_htf=4h_D,92.08,+0.17,+0.33,-0.35,+4.00
21:15:17,fin:SOLUSDC_SHORT,SOLUSDC,SHORT,fin:SOLUSDC_SHORT_BLOCKED_DELTA_NO_SIGNAL_htf=4h_D,91.92,-0.41,+0.15,-0.52,+3.83
21:28:15,fin:SOLUSDC_SHORT,SOLUSDC,SHORT,fin:SOLUSDC_SHORT_BLOCKED_DELTA_NO_SIGNAL_htf=4h_D,91.92,-0.41,+0.15,-0.52,+3.83
21:33:43,fin:SOLUSDC_SHORT,SOLUSDC,SHORT,fin:SOLUSDC_SHORT_BLOCKED_DELTA_NO_SIGNAL_htf=4h_D,92.3,-0.00,+0.56,-0.11,+4.23
21:43:02,fin:SOLUSDC_SHORT,SOLUSDC,SHORT,fin:SOLUSDC_SHORT_BLOCKED_DELTA_NO_SIGNAL_htf=4h_D,92.3,-0.00,+0.56,-0.11,+4.23
21:43:33,fin:SOLUSDC_SHORT,SOLUSDC,SHORT,fin:SOLUSDC_SHORT_BLOCKED_DELTA_NO_SIGNAL_htf=4h_D,92.3,-0.00,+0.56,-0.11,+4.23
20:23:27,fin:SOLUSDC_SHORT,SOLUSDC,SHORT,fin:SOLUSDC_SHORT_BLOCKED_ENTRY_VET_NO_STRUCT_OR_BREAKOUT,92.43,+0.15,+0.70,+0.03,+4.36
20:46:18,fin:SOLUSDC_SHORT,SOLUSDC,SHORT,fin:SOLUSDC_SHORT_BLOCKED_ENTRY_VET_NO_STRUCT_OR_BREAKOUT,92.06,-0.02,+0.30,-0.37,+3.98
20:55:26,fin:SOLUSDC_SHORT,SOLUSDC,SHORT,fin:SOLUSDC_SHORT_BLOCKED_ENTRY_VET_NO_STRUCT_OR_BREAKOUT,92.06,-0.02,+0.30,-0.37,+3.98
20:36:15,fin:SUIUSDC_SHORT,SUIUSDC,SHORT,fin:SUIUSDC_SHORT_BLOCKED_DELTA_NO_SIGNAL_htf=4h_D,1.022,+0.22,+0.68,-0.09,+5.27
20:46:11,fin:SUIUSDC_SHORT,SUIUSDC,SHORT,fin:SUIUSDC_SHORT_BLOCKED_DELTA_NO_SIGNAL_htf=4h_D,1.0198,+0.28,+0.46,-0.30,+5.07
20:55:19,fin:SUIUSDC_SHORT,SUIUSDC,SHORT,fin:SUIUSDC_SHORT_BLOCKED_DELTA_NO_SIGNAL_htf=4h_D,1.0198,+0.28,+0.46,-0.30,+5.07
20:56:39,fin:SUIUSDC_SHORT,SUIUSDC,SHORT,fin:SUIUSDC_SHORT_BLOCKED_DELTA_NO_SIGNAL_htf=4h_D,1.0198,+0.28,+0.46,-0.30,+5.07
21:12:29,fin:SUIUSDC_SHORT,SUIUSDC,SHORT,fin:SUIUSDC_SHORT_BLOCKED_DELTA_NO_SIGNAL_htf=4h_D,1.0169,-0.22,+0.18,-0.59,+4.80
21:15:25,fin:SUIUSDC_SHORT,SUIUSDC,SHORT,fin:SUIUSDC_SHORT_BLOCKED_DELTA_NO_SIGNAL_htf=4h_D,1.0191,-0.05,+0.39,-0.37,+5.00
21:34:06,fin:SUIUSDC_SHORT,SUIUSDC,SHORT,fin:SUIUSDC_SHORT_BLOCKED_DELTA_NO_SIGNAL_htf=4h_D,1.0196,-0.00,+0.44,-0.32,+5.05
21:42:51,fin:SUIUSDC_SHORT,SUIUSDC,SHORT,fin:SUIUSDC_SHORT_BLOCKED_DELTA_NO_SIGNAL_htf=4h_D,1.0196,-0.00,+0.44,-0.32,+5.05
21:43:25,fin:SUIUSDC_SHORT,SUIUSDC,SHORT,fin:SUIUSDC_SHORT_BLOCKED_DELTA_NO_SIGNAL_htf=4h_D,1.0196,-0.00,+0.44,-0.32,+5.05
20:28:12,fin:SUIUSDC_SHORT,SUIUSDC,SHORT,fin:SUIUSDC_SHORT_BLOCKED_ENTRY_VET_NO_STRUCT_OR_BREAKOUT,1.0244,+0.23,+0.91,+0.15,+5.50
20:29:23,fin:SUIUSDC_SHORT,SUIUSDC,SHORT,fin:SUIUSDC_SHORT_BLOCKED_ENTRY_VET_NO_STRUCT_OR_BREAKOUT,1.0244,+0.23,+0.91,+0.15,+5.50
20:23:23,fin:VETUSDT_SHORT,VETUSDT,SHORT,fin:VETUSDT_SHORT_BLOCKED_DELTA_NO_SIGNAL_htf=4h_D,0.007805,-0.09,-0.29,+0.44,+2.43
20:28:21,fin:VETUSDT_SHORT,VETUSDT,SHORT,fin:VETUSDT_SHORT_BLOCKED_DELTA_NO_SIGNAL_htf=4h_D,0.007805,-0.09,-0.29,+0.44,+2.43
20:29:05,fin:VETUSDT_SHORT,VETUSDT,SHORT,fin:VETUSDT_SHORT_BLOCKED_DELTA_NO_SIGNAL_htf=4h_D,0.007805,-0.09,-0.29,+0.44,+2.43
20:35:31,fin:VETUSDT_SHORT,VETUSDT,SHORT,fin:VETUSDT_SHORT_BLOCKED_DELTA_NO_SIGNAL_htf=4h_D,0.007812,-0.00,-0.20,+0.52,+2.52
20:46:07,fin:VETUSDT_SHORT,VETUSDT,SHORT,fin:VETUSDT_SHORT_BLOCKED_DELTA_NO_SIGNAL_htf=4h_D,0.007812,-0.13,-0.20,+0.52,+2.52
21:28:34,fin:VETUSDT_SHORT,VETUSDT,SHORT,fin:VETUSDT_SHORT_BLOCKED_DELTA_NO_SIGNAL_htf=4h_D,0.007837,-0.00,+0.11,+0.84,+2.83
20:55:11,fin:VETUSDT_SHORT,VETUSDT,SHORT,fin:VETUSDT_SHORT_BLOCKED_ENTRY_VET_NO_STRUCT_OR_BREAKOUT,0.007812,-0.13,-0.20,+0.52,+2.52
20:56:43,fin:VETUSDT_SHORT,VETUSDT,SHORT,fin:VETUSDT_SHORT_BLOCKED_ENTRY_VET_NO_STRUCT_OR_BREAKOUT,0.007812,-0.13,-0.20,+0.52,+2.52
21:05:56,fin:VETUSDT_SHORT,VETUSDT,SHORT,fin:VETUSDT_SHORT_BLOCKED_ENTRY_VET_NO_STRUCT_OR_BREAKOUT,0.007822,-0.19,-0.08,+0.65,+2.65
21:06:59,fin:VETUSDT_SHORT,VETUSDT,SHORT,fin:VETUSDT_SHORT_BLOCKED_ENTRY_VET_NO_STRUCT_OR_BREAKOUT,0.007822,-0.19,-0.08,+0.65,+2.65
21:12:33,fin:VETUSDT_SHORT,VETUSDT,SHORT,fin:VETUSDT_SHORT_BLOCKED_ENTRY_VET_NO_STRUCT_OR_BREAKOUT,0.007822,-0.19,-0.08,+0.65,+2.65
21:15:30,fin:VETUSDT_SHORT,VETUSDT,SHORT,fin:VETUSDT_SHORT_BLOCKED_ENTRY_VET_NO_STRUCT_OR_BREAKOUT,0.007837,-0.00,+0.11,+0.84,+2.83
21:22:49,fin:VETUSDT_SHORT,VETUSDT,SHORT,fin:VETUSDT_SHORT_BLOCKED_ENTRY_VET_NO_STRUCT_OR_BREAKOUT,0.007837,-0.00,+0.11,+0.84,+2.83
21:42:55,fin:VETUSDT_SHORT,VETUSDT,SHORT,fin:VETUSDT_SHORT_BLOCKED_ENTRY_VET_NO_STRUCT_OR_BREAKOUT,0.007837,-0.00,+0.11,+0.84,+2.83
21:43:21,fin:VETUSDT_SHORT,VETUSDT,SHORT,fin:VETUSDT_SHORT_BLOCKED_ENTRY_VET_NO_STRUCT_OR_BREAKOUT,0.007837,-0.00,+0.11,+0.84,+2.83
20:36:05,fin:WLDUSDC_SHORT,WLDUSDC,SHORT,fin:WLDUSDC_SHORT_BLOCKED_DELTA_NO_SIGNAL_htf=4h_D,0.2725,+0.07,-0.04,+0.59,+7.63
20:55:50,fin:WLDUSDC_SHORT,WLDUSDC,SHORT,fin:WLDUSDC_SHORT_BLOCKED_DELTA_NO_SIGNAL_htf=4h_D,0.2723,-0.29,-0.11,+0.51,+7.57
20:56:56,fin:WLDUSDC_SHORT,WLDUSDC,SHORT,fin:WLDUSDC_SHORT_BLOCKED_DELTA_NO_SIGNAL_htf=4h_D,0.2723,-0.29,-0.11,+0.51,+7.57
21:23:03,fin:WLDUSDC_SHORT,WLDUSDC,SHORT,fin:WLDUSDC_SHORT_BLOCKED_DELTA_NO_SIGNAL_htf=4h_D,0.272,-0.00,-0.22,+0.40,+7.46
21:34:04,fin:WLDUSDC_SHORT,WLDUSDC,SHORT,fin:WLDUSDC_SHORT_BLOCKED_DELTA_NO_SIGNAL_htf=4h_D,0.272,-0.00,-0.22,+0.40,+7.46
21:12:41,fin:WLDUSDC_SHORT,WLDUSDC,SHORT,fin:WLDUSDC_SHORT_BLOCKED_ENTRY_VET_NO_STRUCT_OR_BREAKOUT,0.2731,+0.40,+0.18,+0.81,+7.84
21:15:34,fin:WLDUSDC_SHORT,WLDUSDC,SHORT,fin:WLDUSDC_SHORT_BLOCKED_ENTRY_VET_NO_STRUCT_OR_BREAKOUT,0.272,-0.00,-0.22,+0.40,+7.46
21:11:58,fin:ZECUSDC_SHORT,ZECUSDC,SHORT,fin:ZECUSDC_SHORT_BLOCKED_DELTA_NO_SIGNAL_htf=4h_D,581.18,-1.28,-0.07,+1.62,+1.43
20:23:09,fin:ZENUSDT_SHORT,ZENUSDT,SHORT,fin:ZENUSDT_SHORT_BLOCKED_DELTA_NO_SIGNAL_htf=4h_D,7.086,+0.14,+0.08,+0.16,-0.07
20:28:27,fin:ZENUSDT_SHORT,ZENUSDT,SHORT,fin:ZENUSDT_SHORT_BLOCKED_DELTA_NO_SIGNAL_htf=4h_D,7.086,+0.14,+0.08,+0.16,-0.07
20:29:13,fin:ZENUSDT_SHORT,ZENUSDT,SHORT,fin:ZENUSDT_SHORT_BLOCKED_DELTA_NO_SIGNAL_htf=4h_D,7.086,+0.14,+0.08,+0.16,-0.07
20:35:43,fin:ZENUSDT_SHORT,ZENUSDT,SHORT,fin:ZENUSDT_SHORT_BLOCKED_DELTA_NO_SIGNAL_htf=4h_D,7.076,+0.16,-0.06,+0.01,-0.21
20:46:09,fin:ZENUSDT_SHORT,ZENUSDT,SHORT,fin:ZENUSDT_SHORT_BLOCKED_DELTA_NO_SIGNAL_htf=4h_D,7.065,+0.07,-0.21,-0.14,-0.37
20:55:09,fin:ZENUSDT_SHORT,ZENUSDT,SHORT,fin:ZENUSDT_SHORT_BLOCKED_DELTA_NO_SIGNAL_htf=4h_D,7.065,+0.07,-0.21,-0.14,-0.37
20:56:45,fin:ZENUSDT_SHORT,ZENUSDT,SHORT,fin:ZENUSDT_SHORT_BLOCKED_DELTA_NO_SIGNAL_htf=4h_D,7.065,+0.07,-0.21,-0.14,-0.37
21:05:51,fin:ZENUSDT_SHORT,ZENUSDT,SHORT,fin:ZENUSDT_SHORT_BLOCKED_DELTA_NO_SIGNAL_htf=4h_D,7.06,-0.75,-0.28,-0.21,-0.44
21:06:32,fin:ZENUSDT_SHORT,ZENUSDT,SHORT,fin:ZENUSDT_SHORT_BLOCKED_DELTA_NO_SIGNAL_htf=4h_D,7.06,-0.75,-0.28,-0.21,-0.44
21:12:35,fin:ZENUSDT_SHORT,ZENUSDT,SHORT,fin:ZENUSDT_SHORT_BLOCKED_DELTA_NO_SIGNAL_htf=4h_D,7.06,-0.75,-0.28,-0.21,-0.44
21:15:28,fin:ZENUSDT_SHORT,ZENUSDT,SHORT,fin:ZENUSDT_SHORT_BLOCKED_DELTA_NO_SIGNAL_htf=4h_D,7.113,-0.00,+0.46,+0.53,+0.31
21:22:45,fin:ZENUSDT_SHORT,ZENUSDT,SHORT,fin:ZENUSDT_SHORT_BLOCKED_DELTA_NO_SIGNAL_htf=4h_D,7.113,-0.00,+0.46,+0.53,+0.31
21:28:20,fin:ZENUSDT_SHORT,ZENUSDT,SHORT,fin:ZENUSDT_SHORT_BLOCKED_ENTRY_VET_NO_STRUCT_OR_BREAKOUT,7.113,-0.00,+0.46,+0.53,+0.31
21:34:02,fin:ZENUSDT_SHORT,ZENUSDT,SHORT,fin:ZENUSDT_SHORT_BLOCKED_ENTRY_VET_NO_STRUCT_OR_BREAKOUT,7.113,-0.00,+0.46,+0.53,+0.31
21:42:49,fin:ZENUSDT_SHORT,ZENUSDT,SHORT,fin:ZENUSDT_SHORT_BLOCKED_ENTRY_VET_NO_STRUCT_OR_BREAKOUT,7.113,-0.00,+0.46,+0.53,+0.31
21:43:59,fin:ZENUSDT_SHORT,ZENUSDT,SHORT,fin:ZENUSDT_SHORT_BLOCKED_ENTRY_VET_NO_STRUCT_OR_BREAKOUT,7.113,-0.00,+0.46,+0.53,+0.31
20:23:05,fin:ZILUSDT_SHORT,ZILUSDT,SHORT,fin:ZILUSDT_SHORT_BLOCKED_DELTA_NO_SIGNAL_htf=4h_D,0.00435,-0.23,-0.23,+0.23,+2.07
20:45:48,fin:ZILUSDT_SHORT,ZILUSDT,SHORT,fin:ZILUSDT_SHORT_BLOCKED_DELTA_NO_SIGNAL_htf=4h_D,0.00435,-0.23,-0.23,+0.23,+2.07
20:55:03,fin:ZILUSDT_SHORT,ZILUSDT,SHORT,fin:ZILUSDT_SHORT_BLOCKED_DELTA_NO_SIGNAL_htf=4h_D,0.00435,-0.23,-0.23,+0.23,+2.07
20:55:58,fin:ZILUSDT_SHORT,ZILUSDT,SHORT,fin:ZILUSDT_SHORT_BLOCKED_DELTA_NO_SIGNAL_htf=4h_D,0.00435,-0.23,-0.23,+0.23,+2.07
21:05:31,fin:ZILUSDT_SHORT,ZILUSDT,SHORT,fin:ZILUSDT_SHORT_BLOCKED_DELTA_NO_SIGNAL_htf=4h_D,0.00436,-0.23,-0.00,+0.46,+2.29
21:22:29,fin:ZILUSDT_SHORT,ZILUSDT,SHORT,fin:ZILUSDT_SHORT_BLOCKED_DELTA_NO_SIGNAL_htf=4h_D,0.00437,+0.23,+0.23,+0.69,+2.52
21:33:30,fin:ZILUSDT_SHORT,ZILUSDT,SHORT,fin:ZILUSDT_SHORT_BLOCKED_ENTRY_VET_NO_STRUCT_OR_BREAKOUT,0.00436,-0.00,-0.00,+0.46,+2.29
21:42:22,fin:ZILUSDT_SHORT,ZILUSDT,SHORT,fin:ZILUSDT_SHORT_BLOCKED_ENTRY_VET_NO_STRUCT_OR_BREAKOUT,0.00436,-0.00,-0.00,+0.46,+2.29
21:43:57,fin:ZILUSDT_SHORT,ZILUSDT,SHORT,fin:ZILUSDT_SHORT_BLOCKED_ENTRY_VET_NO_STRUCT_OR_BREAKOUT,0.00436,-0.00,-0.00,+0.46,+2.29
20:22:52,fin:ZRXUSDT_SHORT,ZRXUSDT,SHORT,fin:ZRXUSDT_SHORT_BLOCKED_DELTA_NO_SIGNAL_htf=4h_D,0.1208,+0.17,+0.25,+0.08,+4.55
20:35:41,fin:ZRXUSDT_SHORT,ZRXUSDT,SHORT,fin:ZRXUSDT_SHORT_BLOCKED_DELTA_NO_SIGNAL_htf=4h_D,0.1206,+0.25,+0.08,-0.08,+4.39
21:05:45,fin:ZRXUSDT_SHORT,ZRXUSDT,SHORT,fin:ZRXUSDT_SHORT_BLOCKED_DELTA_NO_SIGNAL_htf=4h_D,0.1205,+0.25,-0.00,-0.17,+4.32
21:06:42,fin:ZRXUSDT_SHORT,ZRXUSDT,SHORT,fin:ZRXUSDT_SHORT_BLOCKED_DELTA_NO_SIGNAL_htf=4h_D,0.1205,+0.25,-0.00,-0.17,+4.32
21:12:02,fin:ZRXUSDT_SHORT,ZRXUSDT,SHORT,fin:ZRXUSDT_SHORT_BLOCKED_DELTA_NO_SIGNAL_htf=4h_D,0.1205,+0.25,-0.00,-0.17,+4.32
21:28:30,fin:ZRXUSDT_SHORT,ZRXUSDT,SHORT,fin:ZRXUSDT_SHORT_BLOCKED_DELTA_NO_SIGNAL_htf=4h_D,0.1202,-0.00,-0.25,-0.42,+4.08
20:46:05,fin:ZRXUSDT_SHORT,ZRXUSDT,SHORT,fin:ZRXUSDT_SHORT_BLOCKED_ENTRY_VET_NO_STRUCT_OR_BREAKOUT,0.1203,-0.17,-0.17,-0.33,+4.16
20:55:32,fin:ZRXUSDT_SHORT,ZRXUSDT,SHORT,fin:ZRXUSDT_SHORT_BLOCKED_ENTRY_VET_NO_STRUCT_OR_BREAKOUT,0.1203,-0.17,-0.17,-0.33,+4.16
20:56:18,fin:ZRXUSDT_SHORT,ZRXUSDT,SHORT,fin:ZRXUSDT_SHORT_BLOCKED_ENTRY_VET_NO_STRUCT_OR_BREAKOUT,0.1203,-0.17,-0.17,-0.33,+4.16
