sym,side,window_days,window_months,window_is_1yr,gain_pct,bh_gain_pct,delta_vs_bh_pct,gain_per_mo_pct,bh_per_mo_pct,max_dd_pct,tim_pct,win_rate_pct,trades,closes_per_month,sharpe_per_trade,bars,capital_usd,venue,mode,run_id,source,finished_at
AAPL,LONG,NO_LIVE_DATA,,,,,,,,,,,,,,,,,,NO_LIVE_DATA,NO_LIVE_DATA,
AAPL,SHORT,365.67013889,12.01,,0.0,32.96992859,-32.96992859,0.0,2.744562707050854,0.0,0,,0,,0,365.67013889,10000,stocks,12,autonomous_v8_1786597776_88bac3aa292690ea,autonomous_direct_v8,2026-08-13T05:13:54.960787Z
ACN,SHORT,NO_LIVE_DATA,,,,,,,,,,,,,,,,,,NO_LIVE_DATA,NO_LIVE_DATA,
AEM,SHORT,NO_LIVE_DATA,,,,,,,,,,,,,,,,,,NO_LIVE_DATA,NO_LIVE_DATA,
AGCO,SHORT,NO_LIVE_DATA,,,,,,,,,,,,,,,,,,NO_LIVE_DATA,NO_LIVE_DATA,
AGI,SHORT,NO_LIVE_DATA,,,,,,,,,,,,,,,,,,NO_LIVE_DATA,NO_LIVE_DATA,
AG,SHORT,NO_LIVE_DATA,,,,,,,,,,,,,,,,,,NO_LIVE_DATA,NO_LIVE_DATA,
ALB,SHORT,NO_LIVE_DATA,,,,,,,,,,,,,,,,,,NO_LIVE_DATA,NO_LIVE_DATA,
AMAT,SHORT,NO_LIVE_DATA,,,,,,,,,,,,,,,,,,NO_LIVE_DATA,NO_LIVE_DATA,
AMD,LONG,NO_LIVE_DATA,,,,,,,,,,,,,,,,,,NO_LIVE_DATA,NO_LIVE_DATA,
AMZN,LONG,NO_LIVE_DATA,,,,,,,,,,,,,,,,,,NO_LIVE_DATA,NO_LIVE_DATA,
ARM,LONG,NO_LIVE_DATA,,,,,,,,,,,,,,,,,,NO_LIVE_DATA,NO_LIVE_DATA,
AR,LONG,NO_LIVE_DATA,,,,,,,,,,,,,,,,,,NO_LIVE_DATA,NO_LIVE_DATA,
AU,SHORT,NO_LIVE_DATA,,,,,,,,,,,,,,,,,,NO_LIVE_DATA,NO_LIVE_DATA,
AXON,SHORT,NO_LIVE_DATA,,,,,,,,,,,,,,,,,,NO_LIVE_DATA,NO_LIVE_DATA,
A,LONG,NO_LIVE_DATA,,,,,,,,,,,,,,,,,,NO_LIVE_DATA,NO_LIVE_DATA,
BG,LONG,NO_LIVE_DATA,,,,,,,,,,,,,,,,,,NO_LIVE_DATA,NO_LIVE_DATA,
BK,LONG,NO_LIVE_DATA,,,,,,,,,,,,,,,,,,NO_LIVE_DATA,NO_LIVE_DATA,
BNO,LONG,NO_LIVE_DATA,,,,,,,,,,,,,,,,,,NO_LIVE_DATA,NO_LIVE_DATA,
BOTZ,SHORT,NO_LIVE_DATA,,,,,,,,,,,,,,,,,,NO_LIVE_DATA,NO_LIVE_DATA,
CAT,LONG,NO_LIVE_DATA,,,,,,,,,,,,,,,,,,NO_LIVE_DATA,NO_LIVE_DATA,
CDE,SHORT,NO_LIVE_DATA,,,,,,,,,,,,,,,,,,NO_LIVE_DATA,NO_LIVE_DATA,
CDW,LONG,NO_LIVE_DATA,,,,,,,,,,,,,,,,,,NO_LIVE_DATA,NO_LIVE_DATA,
CF,LONG,NO_LIVE_DATA,,,,,,,,,,,,,,,,,,NO_LIVE_DATA,NO_LIVE_DATA,
CHRD,LONG,NO_LIVE_DATA,,,,,,,,,,,,,,,,,,NO_LIVE_DATA,NO_LIVE_DATA,
CIBR,LONG,NO_LIVE_DATA,,,,,,,,,,,,,,,,,,NO_LIVE_DATA,NO_LIVE_DATA,
CIEN,LONG,NO_LIVE_DATA,,,,,,,,,,,,,,,,,,NO_LIVE_DATA,NO_LIVE_DATA,
CIEN,SHORT,NO_LIVE_DATA,,,,,,,,,,,,,,,,,,NO_LIVE_DATA,NO_LIVE_DATA,
CLF,SHORT,NO_LIVE_DATA,,,,,,,,,,,,,,,,,,NO_LIVE_DATA,NO_LIVE_DATA,
CLX,SHORT,NO_LIVE_DATA,,,,,,,,,,,,,,,,,,NO_LIVE_DATA,NO_LIVE_DATA,
CMC,LONG,NO_LIVE_DATA,,,,,,,,,,,,,,,,,,NO_LIVE_DATA,NO_LIVE_DATA,
CMC,SHORT,NO_LIVE_DATA,,,,,,,,,,,,,,,,,,NO_LIVE_DATA,NO_LIVE_DATA,
COE,SHORT,NO_LIVE_DATA,,,,,,,,,,,,,,,,,,NO_LIVE_DATA,NO_LIVE_DATA,
COP,LONG,NO_LIVE_DATA,,,,,,,,,,,,,,,,,,NO_LIVE_DATA,NO_LIVE_DATA,
CRWD,SHORT,NO_LIVE_DATA,,,,,,,,,,,,,,,,,,NO_LIVE_DATA,NO_LIVE_DATA,
DAR,LONG,NO_LIVE_DATA,,,,,,,,,,,,,,,,,,NO_LIVE_DATA,NO_LIVE_DATA,
DELL,LONG,NO_LIVE_DATA,,,,,,,,,,,,,,,,,,NO_LIVE_DATA,NO_LIVE_DATA,
DINO,LONG,NO_LIVE_DATA,,,,,,,,,,,,,,,,,,NO_LIVE_DATA,NO_LIVE_DATA,
DIS,SHORT,NO_LIVE_DATA,,,,,,,,,,,,,,,,,,NO_LIVE_DATA,NO_LIVE_DATA,
DVN,LONG,NO_LIVE_DATA,,,,,,,,,,,,,,,,,,NO_LIVE_DATA,NO_LIVE_DATA,
EOG,LONG,NO_LIVE_DATA,,,,,,,,,,,,,,,,,,NO_LIVE_DATA,NO_LIVE_DATA,
EXEL,LONG,NO_LIVE_DATA,,,,,,,,,,,,,,,,,,NO_LIVE_DATA,NO_LIVE_DATA,
FANG,LONG,NO_LIVE_DATA,,,,,,,,,,,,,,,,,,NO_LIVE_DATA,NO_LIVE_DATA,
FCN,SHORT,NO_LIVE_DATA,,,,,,,,,,,,,,,,,,NO_LIVE_DATA,NO_LIVE_DATA,
FCX,SHORT,NO_LIVE_DATA,,,,,,,,,,,,,,,,,,NO_LIVE_DATA,NO_LIVE_DATA,
FIVN,LONG,NO_LIVE_DATA,,,,,,,,,,,,,,,,,,NO_LIVE_DATA,NO_LIVE_DATA,
FNV,SHORT,NO_LIVE_DATA,,,,,,,,,,,,,,,,,,NO_LIVE_DATA,NO_LIVE_DATA,
GDX,SHORT,NO_LIVE_DATA,,,,,,,,,,,,,,,,,,NO_LIVE_DATA,NO_LIVE_DATA,
GM,LONG,NO_LIVE_DATA,,,,,,,,,,,,,,,,,,NO_LIVE_DATA,NO_LIVE_DATA,
GOOGL,LONG,365.67013889,12.01,,0.0,63.52797226,-63.52797226,0.0,5.288349443748587,0.0,0,,0,,0,365.67013889,10000,stocks,12,autonomous_path_v8_1786597292_dde5d8f42220fe04,autonomous_direct_v8_path_probe,2026-08-13T05:05:29.292108Z
GOOGL,SHORT,365.67013889,12.01,,0.0,63.52797226,-63.52797226,0.0,5.288349443748587,0.0,0,,0,,0,365.67013889,10000,stocks,12,autonomous_path_v8_1786622810_feccc5d5ede9be7b,autonomous_direct_v8_path_probe,2026-08-13T12:10:56.508341Z
HAO,SHORT,NO_LIVE_DATA,,,,,,,,,,,,,,,,,,NO_LIVE_DATA,NO_LIVE_DATA,
HII,SHORT,NO_LIVE_DATA,,,,,,,,,,,,,,,,,,NO_LIVE_DATA,NO_LIVE_DATA,
HL,SHORT,NO_LIVE_DATA,,,,,,,,,,,,,,,,,,NO_LIVE_DATA,NO_LIVE_DATA,
IBIT,SHORT,365.67013889,12.01,,0.0,-46.06169724,46.06169724,0.0,-3.8343794443860286,0.0,0,,0,,0,365.67013889,10000,stocks,12,autonomous_path_v8_1786622833_4ca0d902c25b42d4,autonomous_direct_v8_path_probe,2026-08-13T12:11:08.505516Z
INTC,LONG,NO_LIVE_DATA,,,,,,,,,,,,,,,,,,NO_LIVE_DATA,NO_LIVE_DATA,
KGC,SHORT,NO_LIVE_DATA,,,,,,,,,,,,,,,,,,NO_LIVE_DATA,NO_LIVE_DATA,
LAC,SHORT,NO_LIVE_DATA,,,,,,,,,,,,,,,,,,NO_LIVE_DATA,NO_LIVE_DATA,
LDOS,SHORT,NO_LIVE_DATA,,,,,,,,,,,,,,,,,,NO_LIVE_DATA,NO_LIVE_DATA,
LEXX,LONG,NO_LIVE_DATA,,,,,,,,,,,,,,,,,,NO_LIVE_DATA,NO_LIVE_DATA,
LLY,LONG,NO_LIVE_DATA,,,,,,,,,,,,,,,,,,NO_LIVE_DATA,NO_LIVE_DATA,
LNG,LONG,NO_LIVE_DATA,,,,,,,,,,,,,,,,,,NO_LIVE_DATA,NO_LIVE_DATA,
LRCX,LONG,NO_LIVE_DATA,,,,,,,,,,,,,,,,,,NO_LIVE_DATA,NO_LIVE_DATA,
LSCC,LONG,NO_LIVE_DATA,,,,,,,,,,,,,,,,,,NO_LIVE_DATA,NO_LIVE_DATA,
MNTS,LONG,NO_LIVE_DATA,,,,,,,,,,,,,,,,,,NO_LIVE_DATA,NO_LIVE_DATA,
MOS,SHORT,NO_LIVE_DATA,,,,,,,,,,,,,,,,,,NO_LIVE_DATA,NO_LIVE_DATA,
MPC,LONG,NO_LIVE_DATA,,,,,,,,,,,,,,,,,,NO_LIVE_DATA,NO_LIVE_DATA,
MP,SHORT,NO_LIVE_DATA,,,,,,,,,,,,,,,,,,NO_LIVE_DATA,NO_LIVE_DATA,
MRVL,LONG,NO_LIVE_DATA,,,,,,,,,,,,,,,,,,NO_LIVE_DATA,NO_LIVE_DATA,
MSTR,SHORT,NO_LIVE_DATA,,,,,,,,,,,,,,,,,,NO_LIVE_DATA,NO_LIVE_DATA,
MU,LONG,NO_LIVE_DATA,,,,,,,,,,,,,,,,,,NO_LIVE_DATA,NO_LIVE_DATA,
NEM,SHORT,NO_LIVE_DATA,,,,,,,,,,,,,,,,,,NO_LIVE_DATA,NO_LIVE_DATA,
NKE,SHORT,365.67013889,12.01,,0.0,-45.5303299,45.5303299,0.0,-3.790146076360138,0.0,0,,0,,0,365.67013889,10000,stocks,12,autonomous_path_v8_1786622602_c8627323204b866a,autonomous_direct_v8_path_probe,2026-08-13T12:07:00.205093Z
NLR,SHORT,NO_LIVE_DATA,,,,,,,,,,,,,,,,,,NO_LIVE_DATA,NO_LIVE_DATA,
NOC,SHORT,NO_LIVE_DATA,,,,,,,,,,,,,,,,,,NO_LIVE_DATA,NO_LIVE_DATA,
NVDA,LONG,365.67013889,12.01,,0.0,22.6098056,-22.6098056,0.0,1.8821402386127994,0.0,0,,0,,0,365.67013889,10000,stocks,12,autonomous_path_v8_1786599405_d1b3c9b00e3ec83d,autonomous_direct_v8_path_probe,2026-08-13T05:40:33.038723Z
NVDA,SHORT,365.67013889,12.01,,0.0,22.6098056,-22.6098056,0.0,1.8821402386127994,0.0,0,,0,,0,365.67013889,10000,stocks,12,autonomous_v8_1786597792_c015f16d4cc227d2,autonomous_direct_v8,2026-08-13T05:14:45.115740Z
NXE,SHORT,NO_LIVE_DATA,,,,,,,,,,,,,,,,,,NO_LIVE_DATA,NO_LIVE_DATA,
OKE,LONG,NO_LIVE_DATA,,,,,,,,,,,,,,,,,,NO_LIVE_DATA,NO_LIVE_DATA,
OLED,LONG,NO_LIVE_DATA,,,,,,,,,,,,,,,,,,NO_LIVE_DATA,NO_LIVE_DATA,
OLED,SHORT,NO_LIVE_DATA,,,,,,,,,,,,,,,,,,NO_LIVE_DATA,NO_LIVE_DATA,
ORCL,SHORT,NO_LIVE_DATA,,,,,,,,,,,,,,,,,,NO_LIVE_DATA,NO_LIVE_DATA,
PAAS,SHORT,NO_LIVE_DATA,,,,,,,,,,,,,,,,,,NO_LIVE_DATA,NO_LIVE_DATA,
PBF,LONG,NO_LIVE_DATA,,,,,,,,,,,,,,,,,,NO_LIVE_DATA,NO_LIVE_DATA,
PR,LONG,NO_LIVE_DATA,,,,,,,,,,,,,,,,,,NO_LIVE_DATA,NO_LIVE_DATA,
PSX,LONG,NO_LIVE_DATA,,,,,,,,,,,,,,,,,,NO_LIVE_DATA,NO_LIVE_DATA,
PWR,SHORT,NO_LIVE_DATA,,,,,,,,,,,,,,,,,,NO_LIVE_DATA,NO_LIVE_DATA,
QRVO,LONG,NO_LIVE_DATA,,,,,,,,,,,,,,,,,,NO_LIVE_DATA,NO_LIVE_DATA,
RBLX,SHORT,NO_LIVE_DATA,,,,,,,,,,,,,,,,,,NO_LIVE_DATA,NO_LIVE_DATA,
RDDT,SHORT,NO_LIVE_DATA,,,,,,,,,,,,,,,,,,NO_LIVE_DATA,NO_LIVE_DATA,
RGLD,SHORT,NO_LIVE_DATA,,,,,,,,,,,,,,,,,,NO_LIVE_DATA,NO_LIVE_DATA,
ROBO,LONG,NO_LIVE_DATA,,,,,,,,,,,,,,,,,,NO_LIVE_DATA,NO_LIVE_DATA,
ROKU,LONG,NO_LIVE_DATA,,,,,,,,,,,,,,,,,,NO_LIVE_DATA,NO_LIVE_DATA,
RRC,LONG,NO_LIVE_DATA,,,,,,,,,,,,,,,,,,NO_LIVE_DATA,NO_LIVE_DATA,
SCCO,SHORT,NO_LIVE_DATA,,,,,,,,,,,,,,,,,,NO_LIVE_DATA,NO_LIVE_DATA,
SNDK,LONG,NO_LIVE_DATA,,,,,,,,,,,,,,,,,,NO_LIVE_DATA,NO_LIVE_DATA,
SNDK,SHORT,365.67013889,12.01,,0.0,3224.80775269,-3224.80775269,0.0,268.4472631258874,0.0,0,,0,,0,365.67013889,10000,stocks,12,autonomous_path_v8_1786622855_58122b4b734794e3,autonomous_direct_v8_path_probe,2026-08-13T12:11:04.963996Z
SNOW,LONG,NO_LIVE_DATA,,,,,,,,,,,,,,,,,,NO_LIVE_DATA,NO_LIVE_DATA,
STLD,SHORT,NO_LIVE_DATA,,,,,,,,,,,,,,,,,,NO_LIVE_DATA,NO_LIVE_DATA,
TDG,SHORT,NO_LIVE_DATA,,,,,,,,,,,,,,,,,,NO_LIVE_DATA,NO_LIVE_DATA,
TECK,LONG,NO_LIVE_DATA,,,,,,,,,,,,,,,,,,NO_LIVE_DATA,NO_LIVE_DATA,
TECK,SHORT,NO_LIVE_DATA,,,,,,,,,,,,,,,,,,NO_LIVE_DATA,NO_LIVE_DATA,
TRGP,LONG,NO_LIVE_DATA,,,,,,,,,,,,,,,,,,NO_LIVE_DATA,NO_LIVE_DATA,
TSLA,SHORT,NO_LIVE_DATA,,,,,,,,,,,,,,,,,,NO_LIVE_DATA,NO_LIVE_DATA,
TTD,SHORT,NO_LIVE_DATA,,,,,,,,,,,,,,,,,,NO_LIVE_DATA,NO_LIVE_DATA,
TXN,LONG,NO_LIVE_DATA,,,,,,,,,,,,,,,,,,NO_LIVE_DATA,NO_LIVE_DATA,
USAR,LONG,NO_LIVE_DATA,,,,,,,,,,,,,,,,,,NO_LIVE_DATA,NO_LIVE_DATA,
USAR,SHORT,NO_LIVE_DATA,,,,,,,,,,,,,,,,,,NO_LIVE_DATA,NO_LIVE_DATA,
UUUU,SHORT,NO_LIVE_DATA,,,,,,,,,,,,,,,,,,NO_LIVE_DATA,NO_LIVE_DATA,
VALE,LONG,NO_LIVE_DATA,,,,,,,,,,,,,,,,,,NO_LIVE_DATA,NO_LIVE_DATA,
VALE,SHORT,NO_LIVE_DATA,,,,,,,,,,,,,,,,,,NO_LIVE_DATA,NO_LIVE_DATA,
VICR,SHORT,NO_LIVE_DATA,,,,,,,,,,,,,,,,,,NO_LIVE_DATA,NO_LIVE_DATA,
VLO,LONG,NO_LIVE_DATA,,,,,,,,,,,,,,,,,,NO_LIVE_DATA,NO_LIVE_DATA,
VT,LONG,NO_LIVE_DATA,,,,,,,,,,,,,,,,,,NO_LIVE_DATA,NO_LIVE_DATA,
WDAY,SHORT,NO_LIVE_DATA,,,,,,,,,,,,,,,,,,NO_LIVE_DATA,NO_LIVE_DATA,
WPM,SHORT,NO_LIVE_DATA,,,,,,,,,,,,,,,,,,NO_LIVE_DATA,NO_LIVE_DATA,
XLE,LONG,NO_LIVE_DATA,,,,,,,,,,,,,,,,,,NO_LIVE_DATA,NO_LIVE_DATA,
XOP,LONG,NO_LIVE_DATA,,,,,,,,,,,,,,,,,,NO_LIVE_DATA,NO_LIVE_DATA,
