sym_side,live_delta,live_gain,live_tim,live_dd,live_trades,live_source,overrides_json
SNDK_SHORT,423.7969,137.0139,,,4153,promoter_backtest_tradier:trb_validated_2026-08-14T00:49:41Z,"{""BREAKOUT_TF_SIZE_MULT_D"": 4.0, ""SWING_EXIT_TFS"": ""D"", ""WT_3M_FORCE_OPEN_USE_SMA200"": false}"
ARM_SHORT,199.95510612609587,286.658,39.85,8.47,5722,continuous_baseline_daemon tradier:trb validated 2026-08-13T21:05:36Z,"{""AUGMENTATION_COOLDOWN_MINUTES"": 0, ""AUGMENTATION_COOLDOWN_SECONDS"": 0, ""BB_RECOVERY_EXIT_ENABLED_TRADIER"": true, ""BOUNCE_TOP_MIN_HOLD_MINUTES"": 0, ""BREAKOUT_TF_SIZE_ENABLED"": true, ""BREAKOUT_TF_SIZE_MULT_15M"": 1.0, ""COOLDOWN_BARS"": 10, ""COOLDOWN_BARS_TRADIER"": 10, ""DELTA_ENTRY_ENABLED"": true, ""DELTA_EXIT_MIN_TF_LOST"": 2, ""ENTRY_SCORE_THRESHOLD"": 0, ""EXIT_CONV_FAIL_ENABLED"": true, ""EXIT_MAX_HOLD_ENABLED"": true, ""EXIT_SCORER_DC_EXTREME"": 1.2, ""GOLDEN_RULE_HTF_MIN_TFS"": 0, ""GOLDEN_RULE_MIN_IND"": 0, ""GR_HTF_DIRECT_ENTRY_SCORE_MIN"": 0, ""HTF_ALIGN_REQUIRED_TRADIER"": 0, ""LIVE_ENTRY_ENGINE_MIN_SCORE"": 0, ""LOCAL_EXTREMES_MIN_SCORE"": 0, ""LR_BAND_E02_EXIT_ENABLED"": false, ""LR_BAND_ENTRY_ENABLED"": true, ""LR_BAND_LADDER_ORDINARY_PARITY_ENABLED"": false, ""MAX_ALLOWED_DRAWDOWN_PCT"": 100, ""MIN_HOLD_BARS_BEFORE_EXIT"": 1, ""MIN_HOLD_MINUTES_TRADIER"": 0, ""R1_USE_DC_4BAR"": false, ""REENTRY_MANDATORY"": false, ""RSI_EXIT_LONG_TRADIER"": 42.5, ""RSI_EXIT_SHORT_TRADIER"": 58.0, ""SRS_K_EXIT_1H"": 127.5, ""STDEV_MACRO_R4_EXIT_ENABLED"": true, ""STRUCTURAL_EXIT_GATE_ENABLED"": true, ""TRADIER_DC_DAYTRADE_STOP_PCT"": 0.005, ""TRADIER_DC_DAYTRADE_TARGET_PCT"": 0.005, ""TRADIER_ENTRY_SCORE_THRESHOLD"": 0, ""TRA_MIN_HOLD_MINUTES"": 0, ""TRA_WT_DC_ENTRY_THRESHOLD"": 0, ""WT_DC_ENTRY_K5M_MAX_LONG"": 100, ""WT_DC_ENTRY_K5M_MIN_SHORT"": 0, ""WT_DC_ENTRY_THRESHOLD"": 0, ""WT_DC_EXIT_THRESHOLD"": 75, ""WT_DC_HTF_GATE"": ""none""}"
ACN_SHORT,178.85968463892004,122.77,46.67,8.01,2919,continuous_baseline_daemon tradier:trb validated 2026-08-14T12:12:03Z,"{""AUGMENTATION_COOLDOWN_MINUTES"": 0, ""AUGMENTATION_COOLDOWN_SECONDS"": 0, ""BB_RECOVERY_EXIT_ENABLED_TRADIER"": ""True"", ""BOUNCE_TOP_MIN_HOLD_MINUTES"": 0, ""BREAKOUT_TF_SIZE_ENABLED"": ""True"", ""BREAKOUT_TF_SIZE_MULT_15M"": 1.0, ""COOLDOWN_BARS"": 10, ""COOLDOWN_BARS_TRADIER"": 10, ""DELTA_ENTRY_ENABLED"": ""True"", ""DELTA_EXIT_MIN_TF_LOST"": 2, ""ENTRY_SCORE_THRESHOLD"": 0, ""EXIT_CONV_FAIL_ENABLED"": ""True"", ""EXIT_MAX_HOLD_ENABLED"": ""True"", ""EXIT_SCORER_DC_EXTREME"": 1.2, ""GOLDEN_RULE_HTF_MIN_TFS"": 0, ""GOLDEN_RULE_MIN_IND"": 0, ""GR_HTF_DIRECT_ENTRY_SCORE_MIN"": 0, ""HEDGE_TRIGGER_LOSS_PCT"": -0.025, ""HTF_ALIGN_REQUIRED_TRADIER"": 0, ""LIVE_ENTRY_ENGINE_MIN_SCORE"": 0, ""LOCAL_EXTREMES_MIN_SCORE"": 0, ""LR_BAND_E02_EXIT_ENABLED"": ""False"", ""LR_BAND_ENTRY_ENABLED"": ""True"", ""LR_BAND_LADDER_ORDINARY_PARITY_ENABLED"": ""False"", ""MAX_ALLOWED_DRAWDOWN_PCT"": 100, ""MIN_HOLD_BARS_BEFORE_EXIT"": 1, ""MIN_HOLD_MINUTES_TRADIER"": 0, ""R1_USE_DC_4BAR"": ""False"", ""REENTRY_MANDATORY"": ""False"", ""RSI_EXIT_LONG_TRADIER"": 42.5, ""RSI_EXIT_SHORT_TRADIER"": 58.0, ""STRUCTURAL_EXIT_GATE_ENABLED"": ""True"", ""TRADIER_DC_DAYTRADE_STOP_PCT"": 0.005, ""TRADIER_DC_DAYTRADE_TARGET_PCT"": 0.005, ""TRADIER_ENTRY_SCORE_THRESHOLD"": 0, ""TRA_MIN_HOLD_MINUTES"": 0, ""TRA_WT_DC_ENTRY_THRESHOLD"": 0, ""WT_DC_ENTRY_K5M_MAX_LONG"": 100, ""WT_DC_ENTRY_K5M_MIN_SHORT"": 0, ""WT_DC_ENTRY_THRESHOLD"": 0, ""WT_DC_EXIT_THRESHOLD"": 75, ""WT_DC_HTF_GATE"": ""none""}"
AGI_LONG,176.32155656238035,296.2629,39.62,4.23,3731,continuous_baseline_daemon tradier:trb validated 2026-08-14T12:07:37Z,"{""AUGMENTATION_COOLDOWN_MINUTES"": 0, ""AUGMENTATION_COOLDOWN_SECONDS"": 0, ""BB_RECOVERY_EXIT_ENABLED_TRADIER"": ""True"", ""BOUNCE_TOP_MIN_HOLD_MINUTES"": 0, ""BREAKOUT_TF_SIZE_ENABLED"": ""True"", ""BREAKOUT_TF_SIZE_MULT_15M"": 1.0, ""COOLDOWN_BARS"": 10, ""COOLDOWN_BARS_TRADIER"": 10, ""DELTA_ENTRY_ENABLED"": ""True"", ""DELTA_EXIT_MIN_TF_LOST"": 2, ""EMA_DIST_LONG_THRESHOLD"": -0.5, ""ENTRY_SCORE_THRESHOLD"": 0, ""EXIT_CONV_FAIL_ENABLED"": ""True"", ""EXIT_MAX_HOLD_ENABLED"": ""True"", ""EXIT_SCORER_DC_EXTREME"": 1.2, ""GOLDEN_RULE_HTF_MIN_TFS"": 0, ""GOLDEN_RULE_MIN_IND"": 0, ""GR_HTF_DIRECT_ENTRY_SCORE_MIN"": 0, ""HTF_ALIGN_REQUIRED_TRADIER"": 0, ""LIVE_ENTRY_ENGINE_MIN_SCORE"": 0, ""LOCAL_EXTREMES_MIN_SCORE"": 0, ""LR_BAND_E02_EXIT_ENABLED"": ""False"", ""LR_BAND_ENTRY_ENABLED"": ""True"", ""LR_BAND_LADDER_ORDINARY_PARITY_ENABLED"": ""False"", ""MAX_ALLOWED_DRAWDOWN_PCT"": 100, ""MIN_HOLD_BARS_BEFORE_EXIT"": 1, ""MIN_HOLD_MINUTES_TRADIER"": 0, ""R1_USE_DC_4BAR"": ""False"", ""REENTRY_MANDATORY"": ""False"", ""RSI_EXIT_LONG_TRADIER"": 42.5, ""RSI_EXIT_SHORT_TRADIER"": 58.0, ""SQUEEZE_FIRE_BONUS_SCORE"": 11.25, ""STRUCTURAL_EXIT_GATE_ENABLED"": ""True"", ""TIME_ZONE_ENABLED"": false, ""TRADIER_DC_DAYTRADE_STOP_PCT"": 0.005, ""TRADIER_DC_DAYTRADE_TARGET_PCT"": 0.005, ""TRADIER_ENTRY_SCORE_THRESHOLD"": 0, ""TRA_MIN_HOLD_MINUTES"": 0, ""TRA_WT_DC_ENTRY_THRESHOLD"": 0, ""WT_DC_ENTRY_K5M_MAX_LONG"": 100, ""WT_DC_ENTRY_K5M_MIN_SHORT"": 0, ""WT_DC_ENTRY_THRESHOLD"": 0, ""WT_DC_EXIT_THRESHOLD"": 75, ""WT_DC_HTF_GATE"": ""none""}"
ASTS_SHORT,171.9728,346.3865,,,7831,central_db_vector_GOAL_20260813,"{""CONFLUENCE_MIN_BLOCKS"": 3}"
ACN_LONG,170.82328463892003,114.7336,46.03,7.82,2955,continuous_baseline_daemon tradier:trb validated 2026-08-17T11:58:51Z,"{""AUGMENTATION_COOLDOWN_MINUTES"": 0, ""AUGMENTATION_COOLDOWN_SECONDS"": 0, ""BB_RECOVERY_EXIT_ENABLED_TRADIER"": ""True"", ""BOUNCE_TOP_MIN_HOLD_MINUTES"": 0, ""BREAKOUT_TF_SIZE_ENABLED"": ""True"", ""BREAKOUT_TF_SIZE_MULT_15M"": 1.0, ""COOLDOWN_BARS"": 10, ""COOLDOWN_BARS_TRADIER"": 10, ""DC_WIDTH_MAX_MULT"": 5.0, ""DELTA_ENTRY_ENABLED"": ""True"", ""DELTA_EXIT_MIN_TF_LOST"": 2, ""ENTRY_SCORE_THRESHOLD"": 0, ""EXIT_CONV_FAIL_ENABLED"": ""True"", ""EXIT_MAX_HOLD_ENABLED"": ""True"", ""EXIT_SCORER_DC_EXTREME"": 1.2, ""GOLDEN_RULE_HTF_MIN_TFS"": 0, ""GOLDEN_RULE_MIN_IND"": 0, ""GR_HTF_DIRECT_ENTRY_SCORE_MIN"": 0, ""HTF_ALIGN_REQUIRED_TRADIER"": 0, ""HTF_REGIME_EXIT_TF"": ""5m"", ""LIVE_ENTRY_ENGINE_MIN_SCORE"": 0, ""LOCAL_EXTREMES_MIN_SCORE"": 0, ""LR_BAND_E02_EXIT_ENABLED"": ""False"", ""LR_BAND_ENTRY_ENABLED"": ""True"", ""LR_BAND_LADDER_ORDINARY_PARITY_ENABLED"": ""False"", ""MAX_ALLOWED_DRAWDOWN_PCT"": 100, ""MIN_HOLD_BARS_BEFORE_EXIT"": 1, ""MIN_HOLD_MINUTES_TRADIER"": 0, ""R1_USE_DC_4BAR"": ""False"", ""REENTRY_MANDATORY"": ""False"", ""RSI_EXIT_LONG_TRADIER"": 42.5, ""RSI_EXIT_SHORT_TRADIER"": 58.0, ""STRUCTURAL_EXIT_GATE_ENABLED"": ""True"", ""TRADIER_DC_DAYTRADE_STOP_PCT"": 0.005, ""TRADIER_DC_DAYTRADE_TARGET_PCT"": 0.005, ""TRADIER_ENTRY_SCORE_THRESHOLD"": 0, ""TRA_MIN_HOLD_MINUTES"": 0, ""TRA_WT_DC_ENTRY_THRESHOLD"": 0, ""WT_DC_ENTRY_K5M_MAX_LONG"": 100, ""WT_DC_ENTRY_K5M_MIN_SHORT"": 0, ""WT_DC_ENTRY_THRESHOLD"": 0, ""WT_DC_EXIT_THRESHOLD"": 75, ""WT_DC_HTF_GATE"": ""none""}"
ABT_LONG,143.3868756267862,137.1339,49.02,6.37,2807,continuous_baseline_daemon tradier:trb validated 2026-08-14T01:07:25Z,"{""AUGMENTATION_COOLDOWN_MINUTES"": 0, ""AUGMENTATION_COOLDOWN_SECONDS"": 0, ""BB_RECOVERY_EXIT_ENABLED_TRADIER"": true, ""BOUNCE_TOP_MIN_HOLD_MINUTES"": 0, ""BREAKOUT_TF_SIZE_ENABLED"": true, ""BREAKOUT_TF_SIZE_MULT_15M"": 1.0, ""COOLDOWN_BARS"": 10, ""COOLDOWN_BARS_TRADIER"": 10, ""DELTA_ENTRY_ENABLED"": true, ""DELTA_EXIT_MIN_TF_LOST"": 2, ""ENTRY_SCORE_THRESHOLD"": 0, ""EXIT_CONV_FAIL_ENABLED"": true, ""EXIT_MAX_HOLD_ENABLED"": true, ""EXIT_SCORER_DC_EXTREME"": 1.2, ""GOLDEN_RULE_HTF_MIN_TFS"": 0, ""GOLDEN_RULE_MIN_IND"": 0, ""GR_HTF_DIRECT_ENTRY_SCORE_MIN"": 0, ""HTF_ALIGN_REQUIRED_TRADIER"": 0, ""LIVE_ENTRY_ENGINE_MIN_SCORE"": 0, ""LOCAL_EXTREMES_MIN_SCORE"": 0, ""LR_BAND_E02_EXIT_ENABLED"": false, ""LR_BAND_ENTRY_ENABLED"": true, ""LR_BAND_LADDER_ORDINARY_PARITY_ENABLED"": false, ""MAX_ALLOWED_DRAWDOWN_PCT"": 100, ""MIN_HOLD_BARS_BEFORE_EXIT"": 1, ""MIN_HOLD_MINUTES_TRADIER"": 0, ""R1_USE_DC_4BAR"": false, ""REENTRY_MANDATORY"": false, ""RSI_EXIT_LONG_TRADIER"": 42.5, ""RSI_EXIT_SHORT_TRADIER"": 58.0, ""STRUCTURAL_EXIT_GATE_ENABLED"": true, ""TRADIER_DC_DAYTRADE_STOP_PCT"": 0.005, ""TRADIER_DC_DAYTRADE_TARGET_PCT"": 0.005, ""TRADIER_ENTRY_SCORE_THRESHOLD"": 0, ""TRA_MIN_HOLD_MINUTES"": 0, ""TRA_WT_DC_ENTRY_THRESHOLD"": 0, ""TRC_SMFI_POSITION_SIZE"": 2475.0, ""WT_DC_ENTRY_K5M_MAX_LONG"": 100, ""WT_DC_ENTRY_K5M_MIN_SHORT"": 0, ""WT_DC_ENTRY_THRESHOLD"": 0, ""WT_DC_EXIT_THRESHOLD"": 75, ""WT_DC_HTF_GATE"": ""none""}"
ARM_LONG,132.02380612609585,218.7267,40.39,14.94,5744,continuous_baseline_daemon tradier:trb validated 2026-08-17T11:58:55Z,"{""AUGMENTATION_COOLDOWN_MINUTES"": 0, ""AUGMENTATION_COOLDOWN_SECONDS"": 0, ""BB_RECOVERY_EXIT_ENABLED_TRADIER"": ""True"", ""BOUNCE_TOP_MIN_HOLD_MINUTES"": 0, ""BREAKOUT_TF_SIZE_ENABLED"": ""True"", ""BREAKOUT_TF_SIZE_MULT_15M"": 1.0, ""COOLDOWN_BARS"": 10, ""COOLDOWN_BARS_TRADIER"": 10, ""DELTA_ENTRY_ENABLED"": ""True"", ""DELTA_EXIT_MIN_TF_LOST"": 2, ""ENTRY_SCORE_THRESHOLD"": 0, ""EXIT_CONV_FAIL_ENABLED"": ""True"", ""EXIT_MAX_HOLD_ENABLED"": ""True"", ""EXIT_SCORER_DC_EXTREME"": 1.2, ""FORCE_REFRESH_SECONDS"": 5, ""GOLDEN_RULE_HTF_MIN_TFS"": 0, ""GOLDEN_RULE_MIN_IND"": 0, ""GR_HTF_DIRECT_ENTRY_SCORE_MIN"": 0, ""HTF_ALIGN_REQUIRED_TRADIER"": 0, ""LIVE_ENTRY_ENGINE_MIN_SCORE"": 0, ""LOCAL_EXTREMES_MIN_SCORE"": 0, ""LR_BAND_E02_EXIT_ENABLED"": ""False"", ""LR_BAND_ENTRY_ENABLED"": ""True"", ""LR_BAND_LADDER_ORDINARY_PARITY_ENABLED"": ""False"", ""MAX_ALLOWED_DRAWDOWN_PCT"": 100, ""MIN_HOLD_BARS_BEFORE_EXIT"": 1, ""MIN_HOLD_MINUTES_TRADIER"": 0, ""R1_USE_DC_4BAR"": ""False"", ""REENTRY_MANDATORY"": ""False"", ""RSI_EXIT_LONG_TRADIER"": 42.5, ""RSI_EXIT_SHORT_TRADIER"": 58.0, ""STRUCTURAL_EXIT_GATE_ENABLED"": ""True"", ""TRADIER_DC_DAYTRADE_STOP_PCT"": 0.005, ""TRADIER_DC_DAYTRADE_TARGET_PCT"": 0.005, ""TRADIER_ENTRY_SCORE_THRESHOLD"": 0, ""TRA_MIN_HOLD_MINUTES"": 0, ""TRA_WT_DC_ENTRY_THRESHOLD"": 0, ""WT_DC_ENTRY_K5M_MAX_LONG"": 100, ""WT_DC_ENTRY_K5M_MIN_SHORT"": 0, ""WT_DC_ENTRY_THRESHOLD"": 0, ""WT_DC_EXIT_THRESHOLD"": 75, ""WT_DC_HTF_GATE"": ""none""}"
NVDA_SHORT,131.28186843363153,243.2409,65.35,5.84,7069,continuous_baseline_daemon tradier:trb validated 2026-08-14T03:30:24Z,"{""AUGMENTATION_COOLDOWN_MINUTES"": 0, ""AUGMENTATION_COOLDOWN_SECONDS"": 0, ""BB_RECOVERY_EXIT_ENABLED_TRADIER"": true, ""BOUNCE_TOP_MIN_HOLD_MINUTES"": 0, ""BREAKOUT_TF_SIZE_ENABLED"": true, ""BREAKOUT_TF_SIZE_MULT_15M"": 1.0, ""COOLDOWN_BARS"": 10, ""COOLDOWN_BARS_TRADIER"": 4, ""DELTA_ENTRY_ENABLED"": true, ""DELTA_EXIT_MIN_TF_LOST"": 2, ""ENTRY_SCORE_THRESHOLD"": 0, ""EXIT_CONV_FAIL_ENABLED"": true, ""EXIT_MAX_HOLD_ENABLED"": true, ""EXIT_SCORER_DC_EXTREME"": 1.2, ""GOLDEN_RULE_HTF_MIN_TFS"": 0, ""GOLDEN_RULE_MIN_IND"": 0, ""GR_HTF_DIRECT_ENTRY_SCORE_MIN"": 0, ""HTF_ALIGN_REQUIRED_TRADIER"": 0, ""LIVE_ENTRY_ENGINE_MIN_SCORE"": 0, ""LOCAL_EXTREMES_MIN_SCORE"": 0, ""LR_BAND_E02_EXIT_ENABLED"": false, ""LR_BAND_ENTRY_ENABLED"": true, ""LR_BAND_LADDER_ORDINARY_PARITY_ENABLED"": false, ""MAX_ALLOWED_DRAWDOWN_PCT"": 100, ""MIN_HOLD_BARS_BEFORE_EXIT"": 1, ""MIN_HOLD_MINUTES_TRADIER"": 0, ""MITIGATOR_TIER1_DROP"": 0.12, ""R1_USE_DC_4BAR"": false, ""REENTRY_MANDATORY"": false, ""RSI_EXIT_LONG_TRADIER"": 42.5, ""RSI_EXIT_SHORT_TRADIER"": 58.0, ""STRUCTURAL_EXIT_GATE_ENABLED"": true, ""TRADIER_DC_DAYTRADE_STOP_PCT"": 0.005, ""TRADIER_DC_DAYTRADE_TARGET_PCT"": 0.005, ""TRADIER_ENTRY_SCORE_THRESHOLD"": 0, ""TRA_MIN_HOLD_MINUTES"": 0, ""TRA_WT_DC_ENTRY_THRESHOLD"": 0, ""WT_DC_ENTRY_K5M_MAX_LONG"": 100, ""WT_DC_ENTRY_K5M_MIN_SHORT"": 0, ""WT_DC_ENTRY_THRESHOLD"": 0, ""WT_DC_EXIT_THRESHOLD"": 75, ""WT_DC_HTF_GATE"": ""none""}"
ALMU_SHORT,123.40037914932483,82.343,76.22,16.07,1346,continuous_baseline_daemon tradier:trb validated 2026-08-13T20:38:54Z,"{""BREAKEVEN_EXIT_AFTER_BARS_TF"": ""15m"", ""GAP_FILL_STOP_MULT"": 0.375, ""MARKET_OPEN_MINUTE"": 45, ""MAX_POSITION_SIZE_MEN"": 10.0, ""RZ_EXIT_ENABLED"": true, ""SMFI_MAX_PER_SIDE"": 5, ""SWING_MAX_POSITION_SIZE"": 1100.0}"
ALMU_LONG,121.5377,38.7439,,,452,central_db_vector_GOAL_20260813,"{""CIRCUIT_BREAKER_SYMBOL_LOSSES"": 1, ""OPTIONS_SPREAD_MAX_CONCURRENT"": 7}"
AXTI_SHORT,118.55446395748275,54.3909,28.8,5.93,613,continuous_baseline_daemon tradier:trb validated 2026-08-14T11:44:30Z,"{""AUGMENTATION_COOLDOWN_MINUTES"": 0, ""AUGMENTATION_COOLDOWN_SECONDS"": 0, ""BB_RECOVERY_EXIT_ENABLED_TRADIER"": ""True"", ""BOUNCE_TOP_MIN_HOLD_MINUTES"": 0, ""BREAKOUT_TF_SIZE_ENABLED"": ""True"", ""BREAKOUT_TF_SIZE_MULT_15M"": 1.0, ""COOLDOWN_BARS"": 10, ""COOLDOWN_BARS_TRADIER"": 10, ""DELTA_ENTRY_ENABLED"": ""True"", ""DELTA_EXIT_MIN_TF_LOST"": 2, ""ENTRY_SCORE_THRESHOLD"": 0, ""EXIT_CONV_FAIL_ENABLED"": ""True"", ""EXIT_MAX_HOLD_ENABLED"": ""True"", ""EXIT_SCORER_DC_EXTREME"": 1.2, ""GOLDEN_RULE_HTF_MIN_TFS"": 0, ""GOLDEN_RULE_MIN_IND"": 0, ""GR_HTF_DIRECT_ENTRY_SCORE_MIN"": 0, ""HTF_ALIGN_REQUIRED_TRADIER"": 0, ""LIVE_ENTRY_ENGINE_MIN_SCORE"": 0, ""LOCAL_EXTREMES_MIN_SCORE"": 0, ""LR_BAND_E02_EXIT_ENABLED"": ""False"", ""LR_BAND_ENTRY_ENABLED"": ""True"", ""LR_BAND_LADDER_ORDINARY_PARITY_ENABLED"": ""False"", ""MAX_ALLOWED_DRAWDOWN_PCT"": 100, ""MIN_HOLD_BARS_BEFORE_EXIT"": 1, ""MIN_HOLD_MINUTES_TRADIER"": 0, ""MTF_DC_REJECT_EXIT_TF"": ""15m"", ""ORB_STOP_MIDPOINT"": true, ""R1_USE_DC_4BAR"": ""False"", ""REENTRY_MANDATORY"": ""False"", ""RSI_EXIT_LONG_TRADIER"": 42.5, ""RSI_EXIT_SHORT_TRADIER"": 58.0, ""STRUCTURAL_EXIT_GATE_ENABLED"": ""True"", ""TRADIER_DC_DAYTRADE_STOP_PCT"": 0.005, ""TRADIER_DC_DAYTRADE_TARGET_PCT"": 0.005, ""TRADIER_ENTRY_SCORE_THRESHOLD"": 0, ""TRA_MIN_HOLD_MINUTES"": 0, ""TRA_WT_DC_ENTRY_THRESHOLD"": 0, ""WT_15M_SAME_HEDGE_COOLDOWN_SEC"": 2700, ""WT_DC_ENTRY_K5M_MAX_LONG"": 100, ""WT_DC_ENTRY_K5M_MIN_SHORT"": 0, ""WT_DC_ENTRY_THRESHOLD"": 0, ""WT_DC_EXIT_THRESHOLD"": 75, ""WT_DC_HTF_GATE"": ""none""}"
AMD_LONG,116.64797078261145,306.4297,45.98,4.18,5671,continuous_baseline_daemon tradier:trb validated 2026-08-17T11:47:11Z,"{""AUGMENTATION_COOLDOWN_MINUTES"": 0, ""AUGMENTATION_COOLDOWN_SECONDS"": 0, ""BB_RECOVERY_EXIT_ENABLED_TRADIER"": ""True"", ""BOUNCE_TOP_MIN_HOLD_MINUTES"": 0, ""BREAKOUT_TF_SIZE_ENABLED"": ""True"", ""BREAKOUT_TF_SIZE_MULT_15M"": 1.0, ""COOLDOWN_BARS"": 10, ""COOLDOWN_BARS_TRADIER"": 10, ""DELTA_ENTRY_ENABLED"": ""True"", ""DELTA_EXIT_MIN_TF_LOST"": 2, ""ENTRY_SCORE_THRESHOLD"": 0, ""EXIT_CONV_FAIL_ENABLED"": ""True"", ""EXIT_MAX_HOLD_ENABLED"": ""True"", ""EXIT_SCORER_DC_EXTREME"": 1.2, ""GOLDEN_RULE_HTF_MIN_TFS"": 0, ""GOLDEN_RULE_MIN_IND"": 0, ""GR_HTF_DIRECT_ENTRY_SCORE_MIN"": 0, ""HTF_ALIGN_REQUIRED_TRADIER"": 0, ""LIVE_ENTRY_ENGINE_MIN_SCORE"": 0, ""LOCAL_EXTREMES_MIN_SCORE"": 0, ""LR_BAND_E02_EXIT_ENABLED"": ""False"", ""LR_BAND_ENTRY_ENABLED"": ""True"", ""LR_BAND_LADDER_ORDINARY_PARITY_ENABLED"": ""False"", ""MAX_ALLOWED_DRAWDOWN_PCT"": 100, ""MIN_HOLD_BARS_BEFORE_EXIT"": 1, ""MIN_HOLD_MINUTES_TRADIER"": 0, ""MIN_PERC_FROM_SMA_1"": 0.005, ""R1_USE_DC_4BAR"": ""False"", ""REENTRY_MANDATORY"": ""False"", ""RSI_EXIT_LONG_TRADIER"": 42.5, ""RSI_EXIT_SHORT_TRADIER"": 58.0, ""STRUCTURAL_EXIT_GATE_ENABLED"": ""True"", ""TRADIER_DC_DAYTRADE_STOP_PCT"": 0.005, ""TRADIER_DC_DAYTRADE_TARGET_PCT"": 0.005, ""TRADIER_ENTRY_SCORE_THRESHOLD"": 0, ""TRA_MIN_HOLD_MINUTES"": 0, ""TRA_WT_DC_ENTRY_THRESHOLD"": 0, ""WT_DC_ENTRY_K5M_MAX_LONG"": 100, ""WT_DC_ENTRY_K5M_MIN_SHORT"": 0, ""WT_DC_ENTRY_THRESHOLD"": 0, ""WT_DC_EXIT_THRESHOLD"": 75, ""WT_DC_HTF_GATE"": ""none""}"
AEM_LONG,93.43438127828333,250.4789,41.88,5.08,3518,continuous_baseline_daemon tradier:trb validated 2026-08-14T03:27:11Z,"{""AUGMENTATION_COOLDOWN_MINUTES"": 0, ""AUGMENTATION_COOLDOWN_SECONDS"": 0, ""BB_RECOVERY_EXIT_ENABLED_TRADIER"": true, ""BOUNCE_TOP_MIN_HOLD_MINUTES"": 0, ""BREAKOUT_TF_SIZE_ENABLED"": true, ""BREAKOUT_TF_SIZE_MULT_15M"": 1.0, ""COOLDOWN_BARS"": 10, ""COOLDOWN_BARS_TRADIER"": 10, ""DELTA_ENTRY_ENABLED"": true, ""DELTA_EXIT_MIN_TF_LOST"": 2, ""ENTRY_SCORE_THRESHOLD"": 0, ""EXIT_CONV_FAIL_ENABLED"": true, ""EXIT_MAX_HOLD_ENABLED"": true, ""EXIT_SCORER_DC_EXTREME"": 1.2, ""GOLDEN_RULE_HTF_MIN_TFS"": 0, ""GOLDEN_RULE_MIN_IND"": 0, ""GR_HTF_DIRECT_ENTRY_SCORE_MIN"": 0, ""HTF_ALIGN_REQUIRED_TRADIER"": 0, ""LIVE_ENTRY_ENGINE_MIN_SCORE"": 0, ""LOCAL_EXTREMES_MIN_SCORE"": 0, ""LR_BAND_E02_EXIT_ENABLED"": false, ""LR_BAND_ENTRY_ENABLED"": true, ""LR_BAND_LADDER_ORDINARY_PARITY_ENABLED"": false, ""MAX_ALLOWED_DRAWDOWN_PCT"": 100, ""MIN_HOLD_BARS_BEFORE_EXIT"": 1, ""MIN_HOLD_MINUTES_TRADIER"": 0, ""OPTIMAL_HOLD_BARS_15M"": 1498, ""R1_USE_DC_4BAR"": false, ""REENTRY_MANDATORY"": false, ""RSI_EXIT_LONG_TRADIER"": 42.5, ""RSI_EXIT_SHORT_TRADIER"": 58.0, ""STRUCTURAL_EXIT_GATE_ENABLED"": true, ""TRADIER_DC_DAYTRADE_STOP_PCT"": 0.005, ""TRADIER_DC_DAYTRADE_TARGET_PCT"": 0.005, ""TRADIER_ENTRY_SCORE_THRESHOLD"": 0, ""TRA_MIN_HOLD_MINUTES"": 0, ""TRA_WT_DC_ENTRY_THRESHOLD"": 0, ""WT_DC_ENTRY_K5M_MAX_LONG"": 100, ""WT_DC_ENTRY_K5M_MIN_SHORT"": 0, ""WT_DC_ENTRY_THRESHOLD"": 0, ""WT_DC_EXIT_THRESHOLD"": 75, ""WT_DC_HTF_GATE"": ""none""}"
AXTI_LONG,88.63226395748275,24.4687,31.07,7.53,594,continuous_baseline_daemon tradier:trb validated 2026-08-14T12:11:54Z,"{""AUGMENTATION_COOLDOWN_MINUTES"": 0, ""AUGMENTATION_COOLDOWN_SECONDS"": 0, ""BB_RECOVERY_EXIT_ENABLED_TRADIER"": ""True"", ""BOUNCE_TOP_MIN_HOLD_MINUTES"": 0, ""BREAKOUT_TF_SIZE_ENABLED"": ""True"", ""BREAKOUT_TF_SIZE_MULT_15M"": 1.0, ""COOLDOWN_BARS"": 10, ""COOLDOWN_BARS_TRADIER"": 10, ""DELTA_ENTRY_ENABLED"": ""True"", ""DELTA_EXIT_MIN_TF_LOST"": 2, ""ENTRY_BOUNCE_DEEP_TURN_COMPOSITE_V1_SIDE"": ""SHORT"", ""ENTRY_SCORE_THRESHOLD"": 0, ""EXIT_CONV_FAIL_ENABLED"": ""True"", ""EXIT_MAX_HOLD_ENABLED"": ""True"", ""EXIT_SCORER_DC_EXTREME"": 1.2, ""GOLDEN_RULE_HTF_MIN_TFS"": 0, ""GOLDEN_RULE_MIN_IND"": 0, ""GR_HTF_DIRECT_ENTRY_SCORE_MIN"": 0, ""HTF_ALIGN_REQUIRED_TRADIER"": 0, ""LIVE_ENTRY_ENGINE_MIN_SCORE"": 0, ""LOCAL_EXTREMES_MIN_SCORE"": 0, ""LR_BAND_E02_EXIT_ENABLED"": ""False"", ""LR_BAND_ENTRY_ENABLED"": ""True"", ""LR_BAND_LADDER_ORDINARY_PARITY_ENABLED"": ""False"", ""MAX_ALLOWED_DRAWDOWN_PCT"": 100, ""MIN_HOLD_BARS_BEFORE_EXIT"": 1, ""MIN_HOLD_MINUTES_TRADIER"": 0, ""R1_USE_DC_4BAR"": ""False"", ""REENTRY_MANDATORY"": ""False"", ""RSI_EXIT_LONG_TRADIER"": 42.5, ""RSI_EXIT_SHORT_TRADIER"": 58.0, ""STRUCTURAL_EXIT_GATE_ENABLED"": ""True"", ""TRADIER_DC_DAYTRADE_STOP_PCT"": 0.005, ""TRADIER_DC_DAYTRADE_TARGET_PCT"": 0.005, ""TRADIER_ENTRY_SCORE_THRESHOLD"": 0, ""TRA_MIN_HOLD_MINUTES"": 0, ""TRA_WT_DC_ENTRY_THRESHOLD"": 0, ""WT_DC_ENTRY_K5M_MAX_LONG"": 100, ""WT_DC_ENTRY_K5M_MIN_SHORT"": 0, ""WT_DC_ENTRY_THRESHOLD"": 0, ""WT_DC_EXIT_THRESHOLD"": 75, ""WT_DC_HTF_GATE"": ""none""}"
AGI_SHORT,81.03955656238033,200.9809,39.52,5.06,3737,continuous_baseline_daemon tradier:trb validated 2026-08-17T11:57:37Z,"{""AUGMENTATION_COOLDOWN_MINUTES"": 0, ""AUGMENTATION_COOLDOWN_SECONDS"": 0, ""BB_RECOVERY_DIRECT_ENABLED"": true, ""BB_RECOVERY_EXIT_ENABLED_TRADIER"": ""True"", ""BOUNCE_TOP_MIN_HOLD_MINUTES"": 0, ""BREAKOUT_TF_SIZE_ENABLED"": ""True"", ""BREAKOUT_TF_SIZE_MULT_15M"": 1.0, ""BROKER_PREFLIGHT_ENABLED"": true, ""COOLDOWN_BARS"": 10, ""COOLDOWN_BARS_TRADIER"": 10, ""DELTA_ENTRY_ENABLED"": ""True"", ""DELTA_EXIT_MIN_TF_LOST"": 2, ""ENTRY_SCORE_THRESHOLD"": 0, ""EXIT_CONV_FAIL_ENABLED"": ""True"", ""EXIT_MAX_HOLD_ENABLED"": ""True"", ""EXIT_SCORER_DC_EXTREME"": 1.2, ""GOLDEN_RULE_HTF_MIN_TFS"": 0, ""GOLDEN_RULE_MIN_IND"": 0, ""GR_HTF_DIRECT_ENTRY_SCORE_MIN"": 0, ""HTF_ALIGN_REQUIRED_TRADIER"": 0, ""LIVE_ENTRY_ENGINE_MIN_SCORE"": 0, ""LOCAL_EXTREMES_MIN_SCORE"": 0, ""LR_BAND_E02_EXIT_ENABLED"": ""False"", ""LR_BAND_ENTRY_ENABLED"": ""True"", ""LR_BAND_LADDER_ORDINARY_PARITY_ENABLED"": ""False"", ""MAX_ALLOWED_DRAWDOWN_PCT"": 100, ""MIN_HOLD_BARS_BEFORE_EXIT"": 1, ""MIN_HOLD_MINUTES_TRADIER"": 0, ""R1_USE_DC_4BAR"": ""False"", ""REENTRY_MANDATORY"": ""False"", ""RSI_EXIT_LONG_TRADIER"": 42.5, ""RSI_EXIT_SHORT_TRADIER"": 58.0, ""STRUCTURAL_EXIT_GATE_ENABLED"": ""True"", ""TRADIER_DC_DAYTRADE_STOP_PCT"": 0.005, ""TRADIER_DC_DAYTRADE_TARGET_PCT"": 0.005, ""TRADIER_ENTRY_SCORE_THRESHOLD"": 0, ""TRA_MIN_HOLD_MINUTES"": 0, ""TRA_WT_DC_ENTRY_THRESHOLD"": 0, ""WT_DC_ENTRY_K5M_MAX_LONG"": 100, ""WT_DC_ENTRY_K5M_MIN_SHORT"": 0, ""WT_DC_ENTRY_THRESHOLD"": 0, ""WT_DC_EXIT_THRESHOLD"": 75, ""WT_DC_HTF_GATE"": ""none""}"
ABT_SHORT,80.1108756267862,73.8579,49.06,8.79,2772,continuous_baseline_daemon tradier:trb validated 2026-08-14T00:28:50Z,"{""AUGMENTATION_COOLDOWN_MINUTES"": 0, ""AUGMENTATION_COOLDOWN_SECONDS"": 0, ""BB_RECOVERY_EXIT_ENABLED_TRADIER"": true, ""BOUNCE_TOP_MIN_HOLD_MINUTES"": 0, ""BREAKOUT_TF_SIZE_ENABLED"": true, ""BREAKOUT_TF_SIZE_MULT_15M"": 1.0, ""COOLDOWN_BARS"": 10, ""COOLDOWN_BARS_TRADIER"": 10, ""DELTA_ENTRY_ENABLED"": true, ""DELTA_EXIT_MIN_TF_LOST"": 2, ""ENTRY_SCORE_THRESHOLD"": 0, ""EXIT_CONV_FAIL_ENABLED"": true, ""EXIT_MAX_HOLD_ENABLED"": true, ""EXIT_SCORER_DC_EXTREME"": 1.2, ""GOLDEN_RULE_HTF_MIN_TFS"": 0, ""GOLDEN_RULE_MIN_IND"": 0, ""GR_HTF_DIRECT_ENTRY_SCORE_MIN"": 0, ""HEDGE_TRIGGER_LOSS_TRADIER"": -1.0, ""HTF_ALIGN_REQUIRED_TRADIER"": 0, ""LIVE_ENTRY_ENGINE_MIN_SCORE"": 0, ""LOCAL_EXTREMES_MIN_SCORE"": 0, ""LR_BAND_E02_EXIT_ENABLED"": false, ""LR_BAND_ENTRY_ENABLED"": true, ""LR_BAND_LADDER_ORDINARY_PARITY_ENABLED"": false, ""MAX_ALLOWED_DRAWDOWN_PCT"": 100, ""MIN_HOLD_BARS_BEFORE_EXIT"": 1, ""MIN_HOLD_MINUTES_TRADIER"": 0, ""R1_USE_DC_4BAR"": false, ""REENTRY_MANDATORY"": false, ""RSI_EXIT_LONG_TRADIER"": 42.5, ""RSI_EXIT_SHORT_TRADIER"": 58.0, ""STRUCTURAL_EXIT_GATE_ENABLED"": true, ""TRADIER_DC_DAYTRADE_STOP_PCT"": 0.005, ""TRADIER_DC_DAYTRADE_TARGET_PCT"": 0.005, ""TRADIER_ENTRY_SCORE_THRESHOLD"": 0, ""TRADIER_STOCH_EXTREME_LONG_TRADIER"": 7, ""TRA_MIN_HOLD_MINUTES"": 0, ""TRA_WT_DC_ENTRY_THRESHOLD"": 0, ""WT_DC_ENTRY_K5M_MAX_LONG"": 100, ""WT_DC_ENTRY_K5M_MIN_SHORT"": 0, ""WT_DC_ENTRY_THRESHOLD"": 0, ""WT_DC_EXIT_THRESHOLD"": 75, ""WT_DC_HTF_GATE"": ""none""}"
AAPL_LONG,70.9811895573727,165.9768,53.31,3.62,4624,continuous_baseline_daemon tradier:trb validated 2026-08-14T03:30:38Z,"{""AUGMENTATION_COOLDOWN_MINUTES"": 0, ""AUGMENTATION_COOLDOWN_SECONDS"": 0, ""BB_RECOVERY_EXIT_ENABLED_TRADIER"": true, ""BOUNCE_TOP_MIN_HOLD_MINUTES"": 0, ""BREAKOUT_TF_SIZE_ENABLED"": true, ""BREAKOUT_TF_SIZE_MULT_15M"": 1.0, ""COOLDOWN_BARS"": 10, ""COOLDOWN_BARS_TRADIER"": 10, ""DELTA_ENTRY_ENABLED"": true, ""DELTA_EXIT_MIN_TF_LOST"": 2, ""ENTRY_SCORE_THRESHOLD"": 0, ""EXIT_CONV_FAIL_ENABLED"": true, ""EXIT_MAX_HOLD_ENABLED"": true, ""EXIT_SCORER_DC_EXTREME"": 1.2, ""GOLDEN_RULE_HTF_MIN_TFS"": 0, ""GOLDEN_RULE_MIN_IND"": 0, ""GR_HTF_DIRECT_ENTRY_SCORE_MIN"": 0, ""HTF_ALIGN_REQUIRED_TRADIER"": 0, ""LIVE_ENTRY_ENGINE_MIN_SCORE"": 0, ""LOCAL_EXTREMES_MIN_SCORE"": 0, ""LR_BAND_E02_EXIT_ENABLED"": false, ""LR_BAND_ENTRY_ENABLED"": true, ""LR_BAND_LADDER_ORDINARY_PARITY_ENABLED"": false, ""MACD_ZERO_CROSS_TF"": ""5m"", ""MAX_ALLOWED_DRAWDOWN_PCT"": 100, ""MIN_HOLD_BARS_BEFORE_EXIT"": 1, ""MIN_HOLD_MINUTES_TRADIER"": 0, ""R1_USE_DC_4BAR"": false, ""REENTRY_MANDATORY"": false, ""RSI_EXIT_LONG_TRADIER"": 42.5, ""RSI_EXIT_SHORT_TRADIER"": 58.0, ""STRUCTURAL_EXIT_GATE_ENABLED"": true, ""TRADIER_DC_DAYTRADE_STOP_PCT"": 0.005, ""TRADIER_DC_DAYTRADE_TARGET_PCT"": 0.005, ""TRADIER_ENTRY_SCORE_THRESHOLD"": 0, ""TRA_MIN_HOLD_MINUTES"": 0, ""TRA_WT_DC_ENTRY_THRESHOLD"": 0, ""WT_DC_ENTRY_K5M_MAX_LONG"": 100, ""WT_DC_ENTRY_K5M_MIN_SHORT"": 0, ""WT_DC_ENTRY_THRESHOLD"": 0, ""WT_DC_EXIT_THRESHOLD"": 75, ""WT_DC_HTF_GATE"": ""none""}"
MSTR_SHORT,70.52671875867097,36.5868,27.98,2.32,287,continuous_baseline_daemon tradier:trb validated 2026-08-17T11:51:54Z,"{""AUGMENTATION_COOLDOWN_MINUTES"": 0, ""AUGMENTATION_COOLDOWN_SECONDS"": 0, ""BB_RECOVERY_EXIT_ENABLED_TRADIER"": ""True"", ""BOUNCE_TOP_MIN_HOLD_MINUTES"": 0, ""BREAKOUT_TF_SIZE_ENABLED"": ""True"", ""BREAKOUT_TF_SIZE_MULT_15M"": 1.0, ""COOLDOWN_BARS"": 10, ""COOLDOWN_BARS_TRADIER"": 10, ""DELTA_ENTRY_ENABLED"": ""True"", ""DELTA_EXIT_MIN_TF_LOST"": 2, ""EMA_DIST_LONG_THRESHOLD"": -0.5, ""ENTRY_SCORE_THRESHOLD"": 0, ""EXIT_CONV_FAIL_ENABLED"": ""True"", ""EXIT_MAX_HOLD_ENABLED"": ""True"", ""EXIT_SCORER_DC_EXTREME"": 1.2, ""GOLDEN_RULE_HTF_MIN_TFS"": 0, ""GOLDEN_RULE_MIN_IND"": 0, ""GR_HTF_DIRECT_ENTRY_SCORE_MIN"": 0, ""HOLD_BARS_MID"": 625, ""HTF_ALIGN_REQUIRED_TRADIER"": 0, ""LIVE_ENTRY_ENGINE_MIN_SCORE"": 0, ""LOCAL_EXTREMES_MIN_SCORE"": 0, ""LR_BAND_E02_EXIT_ENABLED"": ""False"", ""LR_BAND_ENTRY_ENABLED"": ""True"", ""LR_BAND_LADDER_ORDINARY_PARITY_ENABLED"": ""False"", ""MAX_ALLOWED_DRAWDOWN_PCT"": 100, ""MIN_HOLD_BARS_BEFORE_EXIT"": 1, ""MIN_HOLD_MINUTES_TRADIER"": 0, ""R1_USE_DC_4BAR"": ""False"", ""REENTRY_MANDATORY"": ""False"", ""RSI_EXIT_LONG_TRADIER"": 42.5, ""RSI_EXIT_SHORT_TRADIER"": 58.0, ""STRUCTURAL_EXIT_GATE_ENABLED"": ""True"", ""TRADIER_DC_DAYTRADE_STOP_PCT"": 0.005, ""TRADIER_DC_DAYTRADE_TARGET_PCT"": 0.005, ""TRADIER_ENTRY_SCORE_THRESHOLD"": 0, ""TRA_MIN_HOLD_MINUTES"": 0, ""TRA_WT_DC_ENTRY_THRESHOLD"": 0, ""WT_DC_ENTRY_K5M_MAX_LONG"": 100, ""WT_DC_ENTRY_K5M_MIN_SHORT"": 0, ""WT_DC_ENTRY_THRESHOLD"": 0, ""WT_DC_EXIT_THRESHOLD"": 75, ""WT_DC_HTF_GATE"": ""none""}"
AEM_SHORT,49.701181278283315,206.7457,41.66,6.86,3550,continuous_baseline_daemon tradier:trb validated 2026-08-14T03:19:20Z,"{""AUGMENTATION_COOLDOWN_MINUTES"": 0, ""AUGMENTATION_COOLDOWN_SECONDS"": 0, ""BB_RECOVERY_EXIT_ENABLED_TRADIER"": true, ""BOUNCE_TOP_MIN_HOLD_MINUTES"": 0, ""BREAKOUT_TF_SIZE_ENABLED"": true, ""BREAKOUT_TF_SIZE_MULT_15M"": 1.0, ""COOLDOWN_BARS"": 10, ""COOLDOWN_BARS_TRADIER"": 10, ""DELTA_ENTRY_ENABLED"": true, ""DELTA_EXIT_MIN_TF_LOST"": 2, ""ENTRY_SCORE_THRESHOLD"": 0, ""EXIT_CONV_FAIL_ENABLED"": true, ""EXIT_MAX_HOLD_ENABLED"": true, ""EXIT_SCORER_DC_EXTREME"": 1.2, ""GOLDEN_RULE_HTF_MIN_TFS"": 0, ""GOLDEN_RULE_MIN_IND"": 0, ""GR_HTF_DIRECT_ENTRY_SCORE_MIN"": 0, ""HTF_ALIGN_REQUIRED_TRADIER"": 0, ""LIVE_ENTRY_ENGINE_MIN_SCORE"": 0, ""LOCAL_EXTREMES_MIN_SCORE"": 0, ""LR_BAND_E02_EXIT_ENABLED"": false, ""LR_BAND_ENTRY_ENABLED"": true, ""LR_BAND_LADDER_ORDINARY_PARITY_ENABLED"": false, ""MAX_ALLOWED_DRAWDOWN_PCT"": 100, ""MIN_HOLD_BARS_BEFORE_EXIT"": 1, ""MIN_HOLD_MINUTES_TRADIER"": 0, ""R1_USE_DC_4BAR"": false, ""REENTRY_MANDATORY"": false, ""RSI2_MEAN_REVERSION_ENABLED"": true, ""RSI_EXIT_LONG_TRADIER"": 42.5, ""RSI_EXIT_SHORT_TRADIER"": 58.0, ""STRUCTURAL_EXIT_GATE_ENABLED"": true, ""TRADIER_DC_DAYTRADE_STOP_PCT"": 0.005, ""TRADIER_DC_DAYTRADE_TARGET_PCT"": 0.005, ""TRADIER_ENTRY_SCORE_THRESHOLD"": 0, ""TRA_MIN_HOLD_MINUTES"": 0, ""TRA_WT_DC_ENTRY_THRESHOLD"": 0, ""WT_DC_ENTRY_K5M_MAX_LONG"": 100, ""WT_DC_ENTRY_K5M_MIN_SHORT"": 0, ""WT_DC_ENTRY_THRESHOLD"": 0, ""WT_DC_EXIT_THRESHOLD"": 75, ""WT_DC_HTF_GATE"": ""none""}"
AAPL_SHORT,41.88818955737271,136.8838,51.53,4.12,4524,continuous_baseline_daemon tradier:trb validated 2026-08-14T03:28:40Z,"{""AUGMENTATION_COOLDOWN_MINUTES"": 0, ""AUGMENTATION_COOLDOWN_SECONDS"": 0, ""BB_RECOVERY_EXIT_ENABLED_TRADIER"": true, ""BOUNCE_TOP_MIN_HOLD_MINUTES"": 0, ""BREAKOUT_TF_SIZE_ENABLED"": true, ""BREAKOUT_TF_SIZE_MULT_15M"": 1.0, ""COOLDOWN_BARS"": 10, ""COOLDOWN_BARS_TRADIER"": 10, ""DC_MOMENT_ENABLED"": false, ""DELTA_ENTRY_ENABLED"": true, ""DELTA_EXIT_MIN_TF_LOST"": 2, ""ENTRY_SCORE_THRESHOLD"": 0, ""EXIT_CONV_FAIL_ENABLED"": true, ""EXIT_MAX_HOLD_ENABLED"": true, ""EXIT_SCORER_DC_EXTREME"": 1.2, ""FAST_CUT_LOSS_THRESHOLD"": -999.0, ""GOLDEN_RULE_HTF_MIN_TFS"": 0, ""GOLDEN_RULE_MIN_IND"": 0, ""GR_HTF_DIRECT_ENTRY_SCORE_MIN"": 0, ""HTF_ALIGN_REQUIRED_TRADIER"": 0, ""LIVE_ENTRY_ENGINE_MIN_SCORE"": 0, ""LOCAL_EXTREMES_MIN_SCORE"": 0, ""LR_BAND_E02_EXIT_ENABLED"": false, ""LR_BAND_ENTRY_ENABLED"": true, ""LR_BAND_LADDER_ORDINARY_PARITY_ENABLED"": false, ""MAX_ALLOWED_DRAWDOWN_PCT"": 100, ""MIN_HOLD_BARS_BEFORE_EXIT"": 1, ""MIN_HOLD_MINUTES_TRADIER"": 0, ""R1_USE_DC_4BAR"": false, ""REENTRY_MANDATORY"": false, ""RSI_EXIT_LONG_TRADIER"": 42.5, ""RSI_EXIT_SHORT_TRADIER"": 58.0, ""SATOSHIT_HTF_RVOL_1H_MIN_TRADIER"": 0.3, ""STRUCTURAL_EXIT_GATE_ENABLED"": true, ""TRADIER_DC_DAYTRADE_STOP_PCT"": 0.005, ""TRADIER_DC_DAYTRADE_TARGET_PCT"": 0.005, ""TRADIER_ENTRY_SCORE_THRESHOLD"": 0, ""TRA_MIN_HOLD_MINUTES"": 0, ""TRA_WT_DC_ENTRY_THRESHOLD"": 0, ""WT_DC_ENTRY_K5M_MAX_LONG"": 100, ""WT_DC_ENTRY_K5M_MIN_SHORT"": 0, ""WT_DC_ENTRY_THRESHOLD"": 0, ""WT_DC_EXIT_THRESHOLD"": 75, ""WT_DC_HTF_GATE"": ""none""}"
LAC_LONG,40.16844839928929,3.4497,28.58,8.34,319,continuous_baseline_daemon tradier:trb validated 2026-08-14T03:22:28Z,"{""AUGMENTATION_COOLDOWN_MINUTES"": 0, ""AUGMENTATION_COOLDOWN_SECONDS"": 0, ""BB_RECOVERY_EXIT_ENABLED_TRADIER"": true, ""BOUNCE_TOP_MIN_HOLD_MINUTES"": 0, ""BREAKOUT_TF_SIZE_ENABLED"": true, ""BREAKOUT_TF_SIZE_MULT_15M"": 1.0, ""COOLDOWN_BARS"": 10, ""COOLDOWN_BARS_TRADIER"": 10, ""DELTA_ENTRY_ENABLED"": true, ""DELTA_EXIT_MIN_TF_LOST"": 2, ""ENTRY_SCORE_THRESHOLD"": 0, ""EXIT_CONV_FAIL_ENABLED"": true, ""EXIT_MAX_HOLD_ENABLED"": true, ""EXIT_SCORER_DC_EXTREME"": 1.2, ""GOLDEN_RULE_HTF_MIN_TFS"": 0, ""GOLDEN_RULE_MIN_IND"": 0, ""GR_HTF_DIRECT_ENTRY_SCORE_MIN"": 0, ""HTF_ALIGN_REQUIRED_TRADIER"": 0, ""LIGHT_MODE"": false, ""LIVE_ENTRY_ENGINE_MIN_SCORE"": 0, ""LOCAL_EXTREMES_MIN_SCORE"": 0, ""LR_BAND_E02_EXIT_ENABLED"": false, ""LR_BAND_ENTRY_ENABLED"": true, ""LR_BAND_LADDER_ORDINARY_PARITY_ENABLED"": false, ""MAX_ALLOWED_DRAWDOWN_PCT"": 100, ""MIN_HOLD_BARS_BEFORE_EXIT"": 1, ""MIN_HOLD_MINUTES_TRADIER"": 0, ""R1_USE_DC_4BAR"": false, ""REDIS_CHANNEL_POSITIONS"": ""tradier_positions_channel"", ""REENTRY_MANDATORY"": false, ""RSI_EXIT_LONG_TRADIER"": 42.5, ""RSI_EXIT_SHORT_TRADIER"": 58.0, ""STRUCTURAL_EXIT_GATE_ENABLED"": true, ""TRADIER_DC_DAYTRADE_STOP_PCT"": 0.005, ""TRADIER_DC_DAYTRADE_TARGET_PCT"": 0.005, ""TRADIER_ENTRY_SCORE_THRESHOLD"": 0, ""TRA_MIN_HOLD_MINUTES"": 0, ""TRA_WT_DC_ENTRY_THRESHOLD"": 0, ""WT_DC_ENTRY_K5M_MAX_LONG"": 100, ""WT_DC_ENTRY_K5M_MIN_SHORT"": 0, ""WT_DC_ENTRY_THRESHOLD"": 0, ""WT_DC_EXIT_THRESHOLD"": 75, ""WT_DC_HTF_GATE"": ""none""}"
USAR_SHORT,32.216635146594015,3.5668,27.96,9.78,294,continuous_baseline_daemon tradier:trb validated 2026-08-14T12:02:07Z,"{""AI_PREMARKET_SIZE_MULT_MAX"": 2.25, ""AUGMENTATION_COOLDOWN_MINUTES"": 0, ""AUGMENTATION_COOLDOWN_SECONDS"": 0, ""BB_RECOVERY_EXIT_ENABLED_TRADIER"": ""True"", ""BB_SQUEEZE_THRESHOLD_1H"": 0.03, ""BOUNCE_TOP_MIN_HOLD_MINUTES"": 0, ""BREAKOUT_TF_SIZE_ENABLED"": ""True"", ""BREAKOUT_TF_SIZE_MULT_15M"": 1.0, ""COOLDOWN_BARS"": 10, ""COOLDOWN_BARS_TRADIER"": 10, ""DELTA_ENTRY_ENABLED"": ""True"", ""DELTA_EXIT_MIN_TF_LOST"": 2, ""ENTRY_SCORE_THRESHOLD"": 0, ""EXIT_CONV_FAIL_ENABLED"": ""True"", ""EXIT_MAX_HOLD_ENABLED"": ""True"", ""EXIT_SCORER_DC_EXTREME"": 1.2, ""GOLDEN_RULE_HTF_MIN_TFS"": 0, ""GOLDEN_RULE_MIN_IND"": 0, ""GR_HTF_DIRECT_ENTRY_SCORE_MIN"": 0, ""HTF_ALIGN_REQUIRED_TRADIER"": 0, ""LIVE_ENTRY_ENGINE_MIN_SCORE"": 0, ""LOCAL_EXTREMES_MIN_SCORE"": 0, ""LR_BAND_E02_EXIT_ENABLED"": ""False"", ""LR_BAND_ENTRY_ENABLED"": ""True"", ""LR_BAND_LADDER_ORDINARY_PARITY_ENABLED"": ""False"", ""MAX_ALLOWED_DRAWDOWN_PCT"": 100, ""MIN_HOLD_BARS_BEFORE_EXIT"": 1, ""MIN_HOLD_MINUTES_TRADIER"": 0, ""R1_USE_DC_4BAR"": ""False"", ""REENTRY_MANDATORY"": ""False"", ""RSI_EXIT_LONG_TRADIER"": 42.5, ""RSI_EXIT_SHORT_TRADIER"": 58.0, ""STRUCTURAL_EXIT_GATE_ENABLED"": ""True"", ""TRADIER_DC_DAYTRADE_STOP_PCT"": 0.005, ""TRADIER_DC_DAYTRADE_TARGET_PCT"": 0.005, ""TRADIER_ENTRY_SCORE_THRESHOLD"": 0, ""TRA_MIN_HOLD_MINUTES"": 0, ""TRA_WT_DC_ENTRY_THRESHOLD"": 0, ""WT_DC_ENTRY_K5M_MAX_LONG"": 100, ""WT_DC_ENTRY_K5M_MIN_SHORT"": 0, ""WT_DC_ENTRY_THRESHOLD"": 0, ""WT_DC_EXIT_THRESHOLD"": 75, ""WT_DC_HTF_GATE"": ""none""}"
QBTS_SHORT,28.405109184698045,12.0427,21.17,13.83,82,continuous_baseline_daemon tradier:trb validated 2026-08-14T03:22:37Z,"{""AUGMENTATION_COOLDOWN_MINUTES"": 0, ""AUGMENTATION_COOLDOWN_SECONDS"": 0, ""BB_RECOVERY_EXIT_ENABLED_TRADIER"": true, ""BOUNCE_TOP_MIN_HOLD_MINUTES"": 0, ""BREAKEVEN_EXIT_REQUIRE_WT15M_STRUCTURE"": false, ""BREAKOUT_TF_SIZE_ENABLED"": true, ""BREAKOUT_TF_SIZE_MULT_15M"": 1.0, ""COOLDOWN_BARS"": 10, ""COOLDOWN_BARS_TRADIER"": 10, ""DELTA_ENTRY_ENABLED"": true, ""DELTA_EXIT_MIN_TF_LOST"": 2, ""ENTRY_SCORE_THRESHOLD"": 0, ""EXIT_CONV_FAIL_ENABLED"": true, ""EXIT_MAX_HOLD_ENABLED"": true, ""EXIT_SCORER_DC_EXTREME"": 1.2, ""GOLDEN_RULE_HTF_MIN_TFS"": 0, ""GOLDEN_RULE_MIN_IND"": 0, ""GR_HTF_DIRECT_ENTRY_SCORE_MIN"": 0, ""HTF_ALIGN_REQUIRED_TRADIER"": 0, ""LIVE_ENTRY_ENGINE_MIN_SCORE"": 0, ""LOCAL_EXTREMES_MIN_SCORE"": 0, ""LR_BAND_E02_EXIT_ENABLED"": false, ""LR_BAND_ENTRY_ENABLED"": true, ""LR_BAND_LADDER_ORDINARY_PARITY_ENABLED"": false, ""MAX_ALLOWED_DRAWDOWN_PCT"": 100, ""MIN_HOLD_BARS_BEFORE_EXIT"": 1, ""MIN_HOLD_MINUTES_TRADIER"": 0, ""PEAK_GIVEBACK_PROTECTION_ENABLED"": true, ""R1_USE_DC_4BAR"": false, ""REENTRY_MANDATORY"": false, ""RSI_EXIT_LONG_TRADIER"": 42.5, ""RSI_EXIT_SHORT_TRADIER"": 58.0, ""STRUCTURAL_EXIT_GATE_ENABLED"": true, ""TRADIER_DC_DAYTRADE_STOP_PCT"": 0.005, ""TRADIER_DC_DAYTRADE_TARGET_PCT"": 0.005, ""TRADIER_ENTRY_SCORE_THRESHOLD"": 0, ""TRA_MIN_HOLD_MINUTES"": 0, ""TRA_WT_DC_ENTRY_THRESHOLD"": 0, ""WT_DC_ENTRY_K5M_MAX_LONG"": 100, ""WT_DC_ENTRY_K5M_MIN_SHORT"": 0, ""WT_DC_ENTRY_THRESHOLD"": 0, ""WT_DC_EXIT_THRESHOLD"": 75, ""WT_DC_HTF_GATE"": ""none""}"
NVDA_LONG,26.515500171515434,19.7069,79.64,8.27,435,continuous_baseline_daemon tradier:trb validated 2026-08-17T11:54:07Z,"{""FUNDING_GATE_TRADIER_NEAR_MONEY_PREFER"": true, ""LEGACY_REENTRY_GUARANTEED_BOTTOM"": true, ""MTF_ATR_TRAIL_TF_TRADIER"": ""5m_alt"", ""NEWS_SENTIMENT_ENABLED"": false, ""OPTIONS_CSP_DTE_MAX"": 135, ""PEAK_GIVEBACK_NEGATIVE_GAIN_FLOOR_PCT"": -0.375, ""RATIO_EMERGENCY_EXIT_COOLDOWN"": 1499998.5}"
GOOGL_SHORT,26.336002107024598,138.8069,51.38,9.94,4771,continuous_baseline_daemon tradier:trb validated 2026-08-14T04:39:54Z,"{""AUGMENTATION_COOLDOWN_MINUTES"": 0, ""AUGMENTATION_COOLDOWN_SECONDS"": 0, ""BASIS_CONDITION"": false, ""BB_RECOVERY_EXIT_ENABLED_TRADIER"": true, ""BB_RSI_STOCH_BB_MAX"": 0.375, ""BOUNCE_TOP_MIN_HOLD_MINUTES"": 0, ""BREAKOUT_TF_SIZE_ENABLED"": true, ""BREAKOUT_TF_SIZE_MULT_15M"": 1.0, ""COOLDOWN_BARS"": 10, ""COOLDOWN_BARS_TRADIER"": 10, ""DELTA_ENTRY_ENABLED"": true, ""DELTA_EXIT_MIN_TF_LOST"": 2, ""ENTRY_SCORE_THRESHOLD"": 0, ""EXIT_CONV_FAIL_ENABLED"": true, ""EXIT_MAX_HOLD_ENABLED"": true, ""EXIT_SCORER_DC_EXTREME"": 1.2, ""GOLDEN_RULE_HTF_MIN_TFS"": 0, ""GOLDEN_RULE_MIN_IND"": 0, ""GR_HTF_DIRECT_ENTRY_SCORE_MIN"": 0, ""HTF_ALIGN_REQUIRED_TRADIER"": 0, ""LIVE_ENTRY_ENGINE_MIN_SCORE"": 0, ""LOCAL_EXTREMES_MIN_SCORE"": 0, ""LR_BAND_E02_EXIT_ENABLED"": false, ""LR_BAND_ENTRY_ENABLED"": true, ""LR_BAND_LADDER_ORDINARY_PARITY_ENABLED"": false, ""MAX_ALLOWED_DRAWDOWN_PCT"": 100, ""MIN_HOLD_BARS_BEFORE_EXIT"": 1, ""MIN_HOLD_MINUTES_TRADIER"": 0, ""R1_USE_DC_4BAR"": false, ""REENTRY_MANDATORY"": false, ""RSI_EXIT_LONG_TRADIER"": 42.5, ""RSI_EXIT_SHORT_TRADIER"": 58.0, ""STRUCTURAL_EXIT_GATE_ENABLED"": true, ""TRADIER_DC_DAYTRADE_STOP_PCT"": 0.005, ""TRADIER_DC_DAYTRADE_TARGET_PCT"": 0.005, ""TRADIER_ENTRY_SCORE_THRESHOLD"": 0, ""TRA_MIN_HOLD_MINUTES"": 0, ""TRA_WT_DC_ENTRY_THRESHOLD"": 0, ""WT_DC_ENTRY_K5M_MAX_LONG"": 100, ""WT_DC_ENTRY_K5M_MIN_SHORT"": 0, ""WT_DC_ENTRY_THRESHOLD"": 0, ""WT_DC_EXIT_THRESHOLD"": 75, ""WT_DC_HTF_GATE"": ""none""}"
STZ_LONG,24.910702582538317,7.9603,33.58,5.87,255,continuous_baseline_daemon tradier:trb validated 2026-08-17T11:49:32Z,"{""AUGMENTATION_COOLDOWN_MINUTES"": 0, ""AUGMENTATION_COOLDOWN_SECONDS"": 0, ""BB_RECOVERY_EXIT_ENABLED_TRADIER"": ""True"", ""BOUNCE_TOP_MIN_HOLD_MINUTES"": 0, ""BREAKOUT_TF_SIZE_ENABLED"": ""True"", ""BREAKOUT_TF_SIZE_MULT_15M"": 1.0, ""CONVICTION_SHORT_THRESHOLD"": 20, ""COOLDOWN_BARS"": 10, ""COOLDOWN_BARS_TRADIER"": 10, ""DC_DAYTRADE_MAX_POSITION_SIZE"": 1000.0, ""DELTA_ENTRY_ENABLED"": ""True"", ""DELTA_EXIT_MIN_TF_LOST"": 2, ""ENTRY_SCORE_THRESHOLD"": 0, ""EXIT_CONV_FAIL_ENABLED"": ""True"", ""EXIT_MAX_HOLD_ENABLED"": ""True"", ""EXIT_SCORER_DC_EXTREME"": 1.2, ""GOLDEN_RULE_HTF_MIN_TFS"": 0, ""GOLDEN_RULE_MIN_IND"": 0, ""GR_HTF_DIRECT_ENTRY_SCORE_MIN"": 0, ""HTF_ALIGN_REQUIRED_TRADIER"": 0, ""LIVE_ENTRY_ENGINE_MIN_SCORE"": 0, ""LOCAL_EXTREMES_MIN_SCORE"": 0, ""LR_BAND_E02_EXIT_ENABLED"": ""False"", ""LR_BAND_ENTRY_ENABLED"": ""True"", ""LR_BAND_LADDER_ORDINARY_PARITY_ENABLED"": ""False"", ""MAX_ALLOWED_DRAWDOWN_PCT"": 100, ""MIN_HOLD_BARS_BEFORE_EXIT"": 1, ""MIN_HOLD_MINUTES_TRADIER"": 0, ""R1_USE_DC_4BAR"": ""False"", ""REENTRY_MANDATORY"": ""False"", ""RSI_EXIT_LONG_TRADIER"": 42.5, ""RSI_EXIT_SHORT_TRADIER"": 58.0, ""STRUCTURAL_EXIT_GATE_ENABLED"": ""True"", ""TRADIER_DC_DAYTRADE_STOP_PCT"": 0.005, ""TRADIER_DC_DAYTRADE_TARGET_PCT"": 0.005, ""TRADIER_ENTRY_SCORE_THRESHOLD"": 0, ""TRA_MIN_HOLD_MINUTES"": 0, ""TRA_WT_DC_ENTRY_THRESHOLD"": 0, ""WT_DC_ENTRY_K5M_MAX_LONG"": 100, ""WT_DC_ENTRY_K5M_MIN_SHORT"": 0, ""WT_DC_ENTRY_THRESHOLD"": 0, ""WT_DC_EXIT_THRESHOLD"": 75, ""WT_DC_HTF_GATE"": ""none""}"
TSLA_SHORT,21.530828170007428,2.1642,77.95,23.51,278,continuous_baseline_daemon tradier:trb validated 2026-08-14T12:02:13Z,"{""DELTA_REENTRY_REQUIRE_NOT_EXITING"": false, ""HEDGE_HTF_VETO_ENABLED"": false, ""TRAILING_AUG_ENABLED_TRADIER"": true}"
TXN_SHORT,20.53,5.7997,,,130,central_db_vector_GOAL_20260813,"{""BREAKOUT_TF_SIZE_MULT_D"": 6.0}"
CF_SHORT,18.852011939740898,10.4676,32.37,6.99,306,continuous_baseline_daemon tradier:trb validated 2026-08-13T21:14:07Z,"{""AUGMENTATION_COOLDOWN_MINUTES"": 0, ""AUGMENTATION_COOLDOWN_SECONDS"": 0, ""BAND_SLOPE_SIZING_V2_SLOPE_NORM_PCT_DAY"": 0.75, ""BB_RECOVERY_EXIT_ENABLED_TRADIER"": true, ""BOUNCE_TOP_MIN_HOLD_MINUTES"": 0, ""BREAKOUT_TF_SIZE_ENABLED"": true, ""BREAKOUT_TF_SIZE_MULT_15M"": 1.0, ""COOLDOWN_BARS"": 10, ""COOLDOWN_BARS_TRADIER"": 10, ""DELTA_ENTRY_ENABLED"": true, ""DELTA_EXIT_MIN_TF_LOST"": 2, ""ENTRY_SCORE_THRESHOLD"": 0, ""EXIT_CONV_FAIL_ENABLED"": true, ""EXIT_MAX_HOLD_ENABLED"": true, ""EXIT_SCORER_DC_EXTREME"": 1.2, ""GOLDEN_RULE_HTF_MIN_TFS"": 0, ""GOLDEN_RULE_MIN_IND"": 0, ""GR_HTF_DIRECT_ENTRY_SCORE_MIN"": 0, ""HTF_ALIGN_REQUIRED_TRADIER"": 0, ""LIVE_ENTRY_ENGINE_MIN_SCORE"": 0, ""LOCAL_EXTREMES_MIN_SCORE"": 0, ""LR_BAND_E02_EXIT_ENABLED"": false, ""LR_BAND_ENTRY_ENABLED"": true, ""LR_BAND_LADDER_ORDINARY_PARITY_ENABLED"": false, ""MAX_ALLOWED_DRAWDOWN_PCT"": 100, ""MIN_HOLD_BARS_BEFORE_EXIT"": 1, ""MIN_HOLD_MINUTES_TRADIER"": 0, ""R1_USE_DC_4BAR"": false, ""REENTRY_MANDATORY"": false, ""RSI_EXIT_LONG_TRADIER"": 42.5, ""RSI_EXIT_SHORT_TRADIER"": 58.0, ""STRUCTURAL_EXIT_GATE_ENABLED"": true, ""TRADIER_DC_DAYTRADE_STOP_PCT"": 0.005, ""TRADIER_DC_DAYTRADE_TARGET_PCT"": 0.005, ""TRADIER_ENTRY_SCORE_THRESHOLD"": 0, ""TRA_MIN_HOLD_MINUTES"": 0, ""TRA_WT_DC_ENTRY_THRESHOLD"": 0, ""WT_DC_ENTRY_K5M_MAX_LONG"": 100, ""WT_DC_ENTRY_K5M_MIN_SHORT"": 0, ""WT_DC_ENTRY_THRESHOLD"": 0, ""WT_DC_EXIT_THRESHOLD"": 75, ""WT_DC_HTF_GATE"": ""none""}"
AU_LONG,12.092642433202684,288.4835,40.59,5.21,4575,continuous_baseline_daemon tradier:trb validated 2026-08-14T12:00:50Z,"{""AUGMENTATION_COOLDOWN_MINUTES"": 0, ""AUGMENTATION_COOLDOWN_SECONDS"": 0, ""BB_RECOVERY_EXIT_ENABLED_TRADIER"": ""True"", ""BOUNCE_TOP_MIN_HOLD_MINUTES"": 0, ""BREAKOUT_TF_SIZE_ENABLED"": ""True"", ""BREAKOUT_TF_SIZE_MULT_15M"": 1.0, ""COOLDOWN_BARS"": 10, ""COOLDOWN_BARS_TRADIER"": 10, ""DELTA_ENTRY_ENABLED"": ""True"", ""DELTA_EXIT_MIN_TF_LOST"": 2, ""D_TREND_REQUIRED"": true, ""ENTRY_SCORE_THRESHOLD"": 0, ""EXIT_CONV_FAIL_ENABLED"": ""True"", ""EXIT_MAX_HOLD_ENABLED"": ""True"", ""EXIT_SCORER_DC_EXTREME"": 1.2, ""GOLDEN_RULE_HTF_MIN_TFS"": 0, ""GOLDEN_RULE_MIN_IND"": 0, ""GR_HTF_DIRECT_ENTRY_SCORE_MIN"": 0, ""HTF_ALIGN_REQUIRED_TRADIER"": 0, ""LIVE_ENTRY_ENGINE_MIN_SCORE"": 0, ""LOCAL_EXTREMES_MIN_SCORE"": 0, ""LR_BAND_E02_EXIT_ENABLED"": ""False"", ""LR_BAND_ENTRY_ENABLED"": ""True"", ""LR_BAND_LADDER_ORDINARY_PARITY_ENABLED"": ""False"", ""MAX_ALLOWED_DRAWDOWN_PCT"": 100, ""MIN_HOLD_BARS_BEFORE_EXIT"": 1, ""MIN_HOLD_MINUTES_TRADIER"": 0, ""R1_USE_DC_4BAR"": ""False"", ""REENTRY_MANDATORY"": ""False"", ""RSI_EXIT_LONG_TRADIER"": 42.5, ""RSI_EXIT_SHORT_TRADIER"": 58.0, ""STRUCTURAL_EXIT_GATE_ENABLED"": ""True"", ""TRADIER_DC_DAYTRADE_STOP_PCT"": 0.005, ""TRADIER_DC_DAYTRADE_TARGET_PCT"": 0.005, ""TRADIER_ENTRY_SCORE_THRESHOLD"": 0, ""TRA_MIN_HOLD_MINUTES"": 0, ""TRA_WT_DC_ENTRY_THRESHOLD"": 0, ""WT_DC_ENTRY_K5M_MAX_LONG"": 100, ""WT_DC_ENTRY_K5M_MIN_SHORT"": 0, ""WT_DC_ENTRY_THRESHOLD"": 0, ""WT_DC_EXIT_THRESHOLD"": 75, ""WT_DC_HTF_GATE"": ""none""}"
SLV_SHORT,11.370472854152089,9.7025,35.4,3.0,216,continuous_baseline_daemon tradier:trb validated 2026-08-14T03:23:51Z,"{""AUGMENTATION_COOLDOWN_MINUTES"": 0, ""AUGMENTATION_COOLDOWN_SECONDS"": 0, ""BB_RECOVERY_EXIT_ENABLED_TRADIER"": true, ""BOUNCE_TOP_MIN_HOLD_MINUTES"": 0, ""BREAKOUT_TF_SIZE_ENABLED"": true, ""BREAKOUT_TF_SIZE_MULT_15M"": 1.0, ""COOLDOWN_BARS"": 10, ""COOLDOWN_BARS_TRADIER"": 10, ""DELTA_ENTRY_ENABLED"": true, ""DELTA_EXIT_MIN_TF_LOST"": 2, ""ENTRY_SCORE_THRESHOLD"": 0, ""EXIT_CONV_FAIL_ENABLED"": true, ""EXIT_MAX_HOLD_ENABLED"": true, ""EXIT_SCORER_DC_EXTREME"": 1.2, ""GOLDEN_RULE_HTF_MIN_TFS"": 0, ""GOLDEN_RULE_MIN_IND"": 0, ""GR_HTF_DIRECT_ENTRY_SCORE_MIN"": 0, ""HTF_ALIGN_REQUIRED_TRADIER"": 0, ""LIVE_ENTRY_ENGINE_MIN_SCORE"": 0, ""LOCAL_EXTREMES_MIN_SCORE"": 0, ""LR_BAND_E02_EXIT_ENABLED"": false, ""LR_BAND_ENTRY_ENABLED"": true, ""LR_BAND_LADDER_ORDINARY_PARITY_ENABLED"": false, ""LR_BAND_SLOPE_FLIP_MIN_PCT_DAY"": 0.05, ""MAX_ALLOWED_DRAWDOWN_PCT"": 100, ""MIN_HOLD_BARS_BEFORE_EXIT"": 1, ""MIN_HOLD_MINUTES_TRADIER"": 0, ""R1_USE_DC_4BAR"": false, ""REENTRY_MANDATORY"": false, ""RSI_EXIT_LONG_TRADIER"": 42.5, ""RSI_EXIT_SHORT_TRADIER"": 58.0, ""STRUCTURAL_EXIT_GATE_ENABLED"": true, ""TRADIER_DC_DAYTRADE_STOP_PCT"": 0.005, ""TRADIER_DC_DAYTRADE_TARGET_PCT"": 0.005, ""TRADIER_ENTRY_SCORE_THRESHOLD"": 0, ""TRA_MIN_HOLD_MINUTES"": 0, ""TRA_WT_DC_ENTRY_THRESHOLD"": 0, ""WT_DC_ENTRY_K5M_MAX_LONG"": 100, ""WT_DC_ENTRY_K5M_MIN_SHORT"": 0, ""WT_DC_ENTRY_THRESHOLD"": 0, ""WT_DC_EXIT_THRESHOLD"": 75, ""WT_DC_HTF_GATE"": ""none""}"
OLED_LONG,9.267929654231205,12.8577,30.62,6.94,301,continuous_baseline_daemon tradier:trb validated 2026-08-14T03:23:56Z,"{""AUGMENTATION_COOLDOWN_MINUTES"": 0, ""AUGMENTATION_COOLDOWN_SECONDS"": 0, ""BB_RECOVERY_EXIT_ENABLED_TRADIER"": true, ""BOUNCE_TOP_MIN_HOLD_MINUTES"": 0, ""BREAKOUT_TF_SIZE_ENABLED"": true, ""BREAKOUT_TF_SIZE_MULT_15M"": 1.0, ""CLENOW_GATE_MIN_SCORE"": 30.0, ""COOLDOWN_BARS"": 10, ""COOLDOWN_BARS_TRADIER"": 10, ""DELTA_ENTRY_ENABLED"": true, ""DELTA_EXIT_MIN_TF_LOST"": 2, ""ENTRY_SCORE_THRESHOLD"": 0, ""EXIT_CONV_FAIL_ENABLED"": true, ""EXIT_MAX_HOLD_ENABLED"": true, ""EXIT_SCORER_DC_EXTREME"": 1.2, ""GOLDEN_RULE_HTF_MIN_TFS"": 0, ""GOLDEN_RULE_MIN_IND"": 0, ""GR_HTF_DIRECT_ENTRY_SCORE_MIN"": 0, ""HTF_ALIGN_REQUIRED_TRADIER"": 0, ""LIVE_ENTRY_ENGINE_MIN_SCORE"": 0, ""LOCAL_EXTREMES_MIN_SCORE"": 0, ""LR_BAND_E02_EXIT_ENABLED"": false, ""LR_BAND_ENTRY_ENABLED"": true, ""LR_BAND_LADDER_ORDINARY_PARITY_ENABLED"": false, ""MAX_ALLOWED_DRAWDOWN_PCT"": 100, ""MIN_HOLD_BARS_BEFORE_EXIT"": 1, ""MIN_HOLD_MINUTES_TRADIER"": 0, ""R1_USE_DC_4BAR"": false, ""REENTRY_MANDATORY"": false, ""RSI_EXIT_LONG_TRADIER"": 42.5, ""RSI_EXIT_SHORT_TRADIER"": 58.0, ""STRUCTURAL_EXIT_GATE_ENABLED"": true, ""TRADIER_DC_DAYTRADE_STOP_PCT"": 0.005, ""TRADIER_DC_DAYTRADE_TARGET_PCT"": 0.005, ""TRADIER_ENTRY_SCORE_THRESHOLD"": 0, ""TRA_MIN_HOLD_MINUTES"": 0, ""TRA_WT_DC_ENTRY_THRESHOLD"": 0, ""WT_DC_ENTRY_K5M_MAX_LONG"": 100, ""WT_DC_ENTRY_K5M_MIN_SHORT"": 0, ""WT_DC_ENTRY_THRESHOLD"": 0, ""WT_DC_EXIT_THRESHOLD"": 75, ""WT_DC_HTF_GATE"": ""none""}"
GDX_SHORT,7.8984738411999516,2.0338,40.15,5.23,283,continuous_baseline_daemon tradier:trb validated 2026-08-17T11:47:06Z,"{""AUGMENTATION_COOLDOWN_MINUTES"": 0, ""AUGMENTATION_COOLDOWN_SECONDS"": 0, ""BB_RECOVERY_EXIT_ENABLED_TRADIER"": ""True"", ""BOUNCE_TOP_MIN_HOLD_MINUTES"": 0, ""BREAKOUT_TF_SIZE_ENABLED"": ""True"", ""BREAKOUT_TF_SIZE_MULT_15M"": 1.0, ""CLOSE_ZONE_SIZE_MULT"": 1.875, ""COOLDOWN_BARS"": 10, ""COOLDOWN_BARS_TRADIER"": 10, ""DD_KELLY_TIER2_PCT"": 11.25, ""DELTA_ENTRY_ENABLED"": ""True"", ""DELTA_EXIT_MIN_TF_LOST"": 2, ""ENTRY_SCORE_THRESHOLD"": 0, ""EXIT_CONV_FAIL_ENABLED"": ""True"", ""EXIT_MAX_HOLD_ENABLED"": ""True"", ""EXIT_SCORER_DC_EXTREME"": 1.2, ""GOLDEN_RULE_HTF_MIN_TFS"": 0, ""GOLDEN_RULE_MIN_IND"": 0, ""GR_HTF_DIRECT_ENTRY_SCORE_MIN"": 0, ""GUARANTEED_REENTRY_AUGMENT_ENABLED"": false, ""HTF_ALIGN_REQUIRED_TRADIER"": 0, ""LIVE_ENTRY_ENGINE_MIN_SCORE"": 0, ""LOCAL_EXTREMES_MIN_SCORE"": 0, ""LR_BAND_E02_EXIT_ENABLED"": ""False"", ""LR_BAND_ENTRY_ENABLED"": ""True"", ""LR_BAND_LADDER_ORDINARY_PARITY_ENABLED"": ""False"", ""MAX_ALLOWED_DRAWDOWN_PCT"": 100, ""MIN_HOLD_BARS_BEFORE_EXIT"": 1, ""MIN_HOLD_MINUTES_TRADIER"": 0, ""R1_USE_DC_4BAR"": ""False"", ""REENTRY_MANDATORY"": ""False"", ""RSI_EXIT_LONG_TRADIER"": 42.5, ""RSI_EXIT_SHORT_TRADIER"": 58.0, ""STRUCTURAL_EXIT_GATE_ENABLED"": ""True"", ""TRADIER_DC_DAYTRADE_STOP_PCT"": 0.005, ""TRADIER_DC_DAYTRADE_TARGET_PCT"": 0.005, ""TRADIER_ENTRY_SCORE_THRESHOLD"": 0, ""TRA_MIN_HOLD_MINUTES"": 0, ""TRA_WT_DC_ENTRY_THRESHOLD"": 0, ""WT_DC_ENTRY_K5M_MAX_LONG"": 100, ""WT_DC_ENTRY_K5M_MIN_SHORT"": 0, ""WT_DC_ENTRY_THRESHOLD"": 0, ""WT_DC_EXIT_THRESHOLD"": 75, ""WT_DC_HTF_GATE"": ""none""}"
MRVL_LONG,6.456634407923886,14.2923,78.53,32.27,964,continuous_baseline_daemon tradier:trb validated 2026-08-17T11:49:35Z,"{""BB4H_BREAKOUT_LADDER_BREAKOUT_PCT"": 0.125, ""DELTA_LT_EXIT_TF"": ""4h"", ""LR_BAND_ENTRY_R2_MIN"": 0.35, ""ORB_TARGET_MULT"": 2.25, ""TRADIER_WT_EXIT_MIN_TFS_TRADIER"": 5, ""TSMOM_HIGH_CAP"": 2.25, ""VOL_SPIKE_ENABLED"": true}"
APA_LONG,6.292282418583369,10.5766,32.48,32.53,4370,continuous_baseline_daemon tradier:trb validated 2026-08-14T04:19:57Z,"{""AUGMENTATION_COOLDOWN_MINUTES"": 0, ""AUGMENTATION_COOLDOWN_SECONDS"": 0, ""BB_RECOVERY_EXIT_ENABLED_TRADIER"": true, ""BOUNCE_TOP_MIN_HOLD_MINUTES"": 0, ""BREAKOUT_TF_SIZE_ENABLED"": true, ""BREAKOUT_TF_SIZE_MULT_15M"": 1.0, ""COOLDOWN_BARS"": 10, ""COOLDOWN_BARS_TRADIER"": 10, ""DELTA_ENTRY_ENABLED"": true, ""DELTA_EXIT_MIN_TF_LOST"": 2, ""ENTRY_SCORE_THRESHOLD"": 0, ""EXIT_CONV_FAIL_ENABLED"": true, ""EXIT_EMERGENCY_DC1H_ENABLED"": true, ""EXIT_MAX_HOLD_ENABLED"": true, ""EXIT_SCORER_DC_EXTREME"": 1.2, ""GOLDEN_RULE_HTF_MIN_TFS"": 0, ""GOLDEN_RULE_MIN_IND"": 0, ""GR_HTF_DIRECT_ENTRY_SCORE_MIN"": 0, ""HTF_ALIGN_REQUIRED_TRADIER"": 0, ""LIVE_ENTRY_ENGINE_MIN_SCORE"": 0, ""LOCAL_EXTREMES_MIN_SCORE"": 0, ""LR_BAND_E02_EXIT_ENABLED"": false, ""LR_BAND_ENTRY_ENABLED"": true, ""LR_BAND_LADDER_ORDINARY_PARITY_ENABLED"": false, ""MAX_ALLOWED_DRAWDOWN_PCT"": 100, ""MIN_HOLD_BARS_BEFORE_EXIT"": 1, ""MIN_HOLD_MINUTES_TRADIER"": 0, ""R1_USE_DC_4BAR"": false, ""REENTRY_MANDATORY"": false, ""RSI_EXIT_LONG_TRADIER"": 42.5, ""RSI_EXIT_SHORT_TRADIER"": 58.0, ""STRUCTURAL_EXIT_GATE_ENABLED"": true, ""TRADIER_DC_DAYTRADE_STOP_PCT"": 0.005, ""TRADIER_DC_DAYTRADE_TARGET_PCT"": 0.005, ""TRADIER_ENTRY_SCORE_THRESHOLD"": 0, ""TRA_MIN_HOLD_MINUTES"": 0, ""TRA_WT_DC_ENTRY_THRESHOLD"": 0, ""WT_DC_ENTRY_K5M_MAX_LONG"": 100, ""WT_DC_ENTRY_K5M_MIN_SHORT"": 0, ""WT_DC_ENTRY_THRESHOLD"": 0, ""WT_DC_EXIT_THRESHOLD"": 75, ""WT_DC_HTF_GATE"": ""none""}"
LLY_SHORT,6.1852321968370605,11.7828,27.52,3.85,79,continuous_baseline_daemon tradier:trb validated 2026-08-14T00:52:32Z,"{""AUGMENTATION_COOLDOWN_MINUTES"": 0, ""AUGMENTATION_COOLDOWN_SECONDS"": 0, ""BB_RECOVERY_EXIT_ENABLED_TRADIER"": true, ""BOUNCE_TOP_MIN_HOLD_MINUTES"": 0, ""BREAKOUT_TF_SIZE_ENABLED"": true, ""BREAKOUT_TF_SIZE_MULT_15M"": 1.0, ""COOLDOWN_BARS"": 10, ""COOLDOWN_BARS_TRADIER"": 10, ""DELTA_ENTRY_ENABLED"": true, ""DELTA_EXIT_MIN_TF_LOST"": 2, ""ENTRY_SCORE_THRESHOLD"": 0, ""EXIT_CONV_FAIL_ENABLED"": true, ""EXIT_MAX_HOLD_ENABLED"": true, ""EXIT_SCORER_DC_EXTREME"": 1.2, ""GOLDEN_RULE_HTF_MIN_TFS"": 0, ""GOLDEN_RULE_MIN_IND"": 0, ""GR_HTF_DIRECT_ENTRY_SCORE_MIN"": 0, ""HTF_ALIGN_REQUIRED_TRADIER"": 0, ""LH_HL_FILTER_DC_THRESHOLD_PCT"": 0.25, ""LIVE_ENTRY_ENGINE_MIN_SCORE"": 0, ""LOCAL_EXTREMES_MIN_SCORE"": 0, ""LR_BAND_E02_EXIT_ENABLED"": false, ""LR_BAND_ENTRY_ENABLED"": true, ""LR_BAND_LADDER_ORDINARY_PARITY_ENABLED"": false, ""MAX_ALLOWED_DRAWDOWN_PCT"": 100, ""MIN_HOLD_BARS_BEFORE_EXIT"": 1, ""MIN_HOLD_MINUTES_TRADIER"": 0, ""R1_USE_DC_4BAR"": false, ""REENTRY_MANDATORY"": false, ""RSI_EXIT_LONG_TRADIER"": 42.5, ""RSI_EXIT_SHORT_TRADIER"": 58.0, ""STRUCTURAL_EXIT_GATE_ENABLED"": true, ""TRADIER_DC_DAYTRADE_STOP_PCT"": 0.005, ""TRADIER_DC_DAYTRADE_TARGET_PCT"": 0.005, ""TRADIER_ENTRY_SCORE_THRESHOLD"": 0, ""TRA_MIN_HOLD_MINUTES"": 0, ""TRA_WT_DC_ENTRY_THRESHOLD"": 0, ""TR_MFI4H_LONG_ENABLED"": true, ""WT_DC_ENTRY_K5M_MAX_LONG"": 100, ""WT_DC_ENTRY_K5M_MIN_SHORT"": 0, ""WT_DC_ENTRY_THRESHOLD"": 0, ""WT_DC_EXIT_THRESHOLD"": 75, ""WT_DC_HTF_GATE"": ""none""}"
MRVL_SHORT,5.871434407923887,13.7071,24.58,5.26,282,continuous_baseline_daemon tradier:trb validated 2026-08-14T03:26:59Z,"{""AUGMENTATION_COOLDOWN_MINUTES"": 0, ""AUGMENTATION_COOLDOWN_SECONDS"": 0, ""BB_RECOVERY_EXIT_ENABLED_TRADIER"": true, ""BOUNCE_TOP_EXIT_ENABLED"": false, ""BOUNCE_TOP_MIN_HOLD_MINUTES"": 0, ""BREAKOUT_TF_SIZE_ENABLED"": true, ""BREAKOUT_TF_SIZE_MULT_15M"": 1.0, ""COOLDOWN_BARS"": 10, ""COOLDOWN_BARS_TRADIER"": 10, ""DD_KELLY_TIER1_PCT"": 12.5, ""DELTA_ENTRY_ENABLED"": true, ""DELTA_EXIT_MIN_TF_LOST"": 2, ""ENTRY_SCORE_THRESHOLD"": 0, ""EXIT_CONV_FAIL_ENABLED"": true, ""EXIT_MAX_HOLD_ENABLED"": true, ""EXIT_SCORER_DC_EXTREME"": 1.2, ""GOLDEN_RULE_HTF_MIN_TFS"": 0, ""GOLDEN_RULE_MIN_IND"": 0, ""GR_HTF_DIRECT_ENTRY_SCORE_MIN"": 0, ""HTF_ALIGN_REQUIRED_TRADIER"": 0, ""LIVE_ENTRY_ENGINE_MIN_SCORE"": 0, ""LOCAL_EXTREMES_MIN_SCORE"": 0, ""LR_BAND_E02_EXIT_ENABLED"": false, ""LR_BAND_ENTRY_ENABLED"": true, ""LR_BAND_LADDER_ORDINARY_PARITY_ENABLED"": false, ""MAX_ALLOWED_DRAWDOWN_PCT"": 100, ""MIN_HOLD_BARS_BEFORE_EXIT"": 1, ""MIN_HOLD_MINUTES_TRADIER"": 0, ""R1_USE_DC_4BAR"": false, ""REENTRY_MANDATORY"": false, ""RSI_EXIT_LONG_TRADIER"": 42.5, ""RSI_EXIT_SHORT_TRADIER"": 58.0, ""STRUCTURAL_EXIT_GATE_ENABLED"": true, ""TRADIER_DC_DAYTRADE_STOP_PCT"": 0.005, ""TRADIER_DC_DAYTRADE_TARGET_PCT"": 0.005, ""TRADIER_ENTRY_SCORE_THRESHOLD"": 0, ""TRA_MIN_HOLD_MINUTES"": 0, ""TRA_WT_DC_ENTRY_THRESHOLD"": 0, ""WT_DC_ENTRY_K5M_MAX_LONG"": 100, ""WT_DC_ENTRY_K5M_MIN_SHORT"": 0, ""WT_DC_ENTRY_THRESHOLD"": 0, ""WT_DC_EXIT_THRESHOLD"": 75, ""WT_DC_HTF_GATE"": ""none""}"
A_SHORT,5.797976076019655,25.5767,38.34,8.51,373,continuous_baseline_daemon tradier:trb validated 2026-08-14T04:28:42Z,"{""AUGMENTATION_COOLDOWN_MINUTES"": 0, ""AUGMENTATION_COOLDOWN_SECONDS"": 0, ""BB_RECOVERY_EXIT_ENABLED_TRADIER"": true, ""BOUNCE_TOP_MIN_HOLD_MINUTES"": 0, ""BREAKOUT_TF_SIZE_ENABLED"": true, ""BREAKOUT_TF_SIZE_MULT_15M"": 1.0, ""COOLDOWN_BARS"": 10, ""COOLDOWN_BARS_TRADIER"": 10, ""DELTA_ENTRY_ENABLED"": true, ""DELTA_EXIT_MIN_TF_LOST"": 2, ""ENTRY_SCORE_THRESHOLD"": 0, ""EXIT_CONV_FAIL_ENABLED"": true, ""EXIT_MAX_HOLD_ENABLED"": true, ""EXIT_SCORER_DC_EXTREME"": 1.2, ""GOLDEN_RULE_HTF_MIN_TFS"": 0, ""GOLDEN_RULE_MIN_IND"": 0, ""GR_HTF_DIRECT_ENTRY_SCORE_MIN"": 0, ""HTF_ALIGN_REQUIRED_TRADIER"": 0, ""LIVE_ENTRY_ENGINE_MIN_SCORE"": 0, ""LOCAL_EXTREMES_MIN_SCORE"": 0, ""LR_BAND_E02_EXIT_ENABLED"": false, ""LR_BAND_ENTRY_ENABLED"": true, ""LR_BAND_LADDER_ORDINARY_PARITY_ENABLED"": false, ""MAX_ALLOWED_DRAWDOWN_PCT"": 100, ""MIN_HOLD_BARS_BEFORE_EXIT"": 1, ""MIN_HOLD_MINUTES_TRADIER"": 0, ""R1_USE_DC_4BAR"": false, ""REENTRY_MANDATORY"": false, ""RSI_EXIT_LONG_TRADIER"": 42.5, ""RSI_EXIT_SHORT_TRADIER"": 58.0, ""STRUCTURAL_EXIT_GATE_ENABLED"": true, ""TRADIER_DC_DAYTRADE_STOP_PCT"": 0.005, ""TRADIER_DC_DAYTRADE_TARGET_PCT"": 0.005, ""TRADIER_ENTRY_SCORE_THRESHOLD"": 0, ""TRA_MIN_HOLD_MINUTES"": 0, ""TRA_WT_DC_ENTRY_THRESHOLD"": 0, ""WT_DC_ENTRY_K5M_MAX_LONG"": 100, ""WT_DC_ENTRY_K5M_MIN_SHORT"": 0, ""WT_DC_ENTRY_THRESHOLD"": 0, ""WT_DC_EXIT_ENABLED"": false, ""WT_DC_EXIT_THRESHOLD"": 75, ""WT_DC_HTF_GATE"": ""none""}"
HAO_LONG,5.2,257,,,,backtest_v8_engine --mode tradier --account trb --capital 10000,"{""REENTRY_MANDATORY"": true, ""WIN_TRAIL_EROSION_PCT"": 0.125, ""WT_EXIT_MIN_TFS"": 3}"
ADP_LONG,2.0482,15.5907,,,3296,central_db_vector_GOAL_20260813,"{""BB_PULLBACK_GATE_SHORT_MIN"": 0.875, ""BREAKOUT_TF_SIZE_MULT_4H"": 3.0, ""CT_DC_CROSSOVER_SKIP_ENABLED"": true, ""ENTRY_BOUNCE_DEEP_TURN_COMPOSITE_V1_BOUNCE_TIMEFRAME"": ""5m_alt"", ""EZ_REENTRY_INLINE_TIER12_EPQ_ENABLED"": false, ""MOVER_THRESHOLD"": 5.0, ""TF_FOCUS_ENTRY_HARD_GATE"": true, ""TRC_CLENOW_ENABLED"": false}"
MU_SHORT,1.8,42.5,,,,backtest_v8_engine --mode tradier --account trb --capital 10000,"{""REENTRY_MANDATORY"": true, ""WIN_TRAIL_EROSION_PCT"": 0.125, ""WT_EXIT_MIN_TFS"": 3}"
PBF_SHORT,1.8,15.7,,,,backtest_v8_engine --mode tradier --account trb --capital 10000,"{""REENTRY_MANDATORY"": true, ""WIN_TRAIL_EROSION_PCT"": 0.125, ""WT_EXIT_MIN_TFS"": 3}"
SPY_LONG,0.7,14.5,,,,backtest_v8_engine --mode tradier --account trb --capital 10000,{}
UEC_LONG,0.7,14.5,,,,backtest_v8_engine --mode tradier --account trb --capital 10000,{}
A_LONG,0.6184760760196575,20.3972,41.08,3.62,375,continuous_baseline_daemon tradier:trb validated 2026-08-17T11:55:15Z,"{""AUGMENTATION_COOLDOWN_MINUTES"": 0, ""AUGMENTATION_COOLDOWN_SECONDS"": 0, ""BB_RECOVERY_EXIT_ENABLED_TRADIER"": ""True"", ""BOUNCE_TOP_MIN_HOLD_MINUTES"": 0, ""BREAKOUT_TF_SIZE_ENABLED"": ""True"", ""BREAKOUT_TF_SIZE_MULT_15M"": 1.0, ""COOLDOWN_BARS"": 10, ""COOLDOWN_BARS_TRADIER"": 10, ""DELTA_ENTRY_ENABLED"": ""True"", ""DELTA_EXIT_MIN_TF_LOST"": 2, ""ENTRY_SCORE_THRESHOLD"": 0, ""EXIT_CONV_FAIL_ENABLED"": ""True"", ""EXIT_MAX_HOLD_ENABLED"": ""True"", ""EXIT_SCORER_DC_EXTREME"": 1.2, ""GOLDEN_RULE_HTF_MIN_TFS"": 0, ""GOLDEN_RULE_MIN_IND"": 0, ""GR_HTF_DIRECT_ENTRY_SCORE_MIN"": 0, ""HARD_MAX_SYMBOL_VALUE_TRADIER"": 1250.0, ""HTF_ALIGN_REQUIRED_TRADIER"": 0, ""LIVE_ENTRY_ENGINE_MIN_SCORE"": 0, ""LOCAL_EXTREMES_MIN_SCORE"": 0, ""LR_BAND_E02_EXIT_ENABLED"": ""False"", ""LR_BAND_ENTRY_ENABLED"": ""True"", ""LR_BAND_LADDER_ORDINARY_PARITY_ENABLED"": ""False"", ""MAX_ALLOWED_DRAWDOWN_PCT"": 100, ""MIN_HOLD_BARS_BEFORE_EXIT"": 1, ""MIN_HOLD_MINUTES_TRADIER"": 0, ""R1_USE_DC_4BAR"": ""False"", ""REENTRY_MANDATORY"": ""False"", ""RSI_EXIT_LONG_TRADIER"": 42.5, ""RSI_EXIT_SHORT_TRADIER"": 58.0, ""STRUCTURAL_EXIT_GATE_ENABLED"": ""True"", ""TRADIER_DC_DAYTRADE_STOP_PCT"": 0.005, ""TRADIER_DC_DAYTRADE_TARGET_PCT"": 0.005, ""TRADIER_ENTRY_SCORE_THRESHOLD"": 0, ""TRA_MIN_HOLD_MINUTES"": 0, ""TRA_WT_DC_ENTRY_THRESHOLD"": 0, ""WT_DC_ENTRY_K5M_MAX_LONG"": 100, ""WT_DC_ENTRY_K5M_MIN_SHORT"": 0, ""WT_DC_ENTRY_THRESHOLD"": 0, ""WT_DC_EXIT_THRESHOLD"": 75, ""WT_DC_HTF_GATE"": ""none""}"
QBTS_LONG,0.6,8.5,,,,backtest_v8_engine --mode tradier --account trb --capital 10000,{}
SCCO_SHORT,0.6,12,,,,backtest_v8_engine --mode tradier --account trb --capital 10000,{}
UUUU_SHORT,0.6,12,,,,backtest_v8_engine --mode tradier --account trb --capital 10000,{}
WDAY_LONG,0.6,8.5,,,,backtest_v8_engine --mode tradier --account trb --capital 10000,{}
HAO_SHORT,0.588,6.88,,,,backtest_v8_engine --mode tradier --account trb --capital 10000,{}
AMD_SHORT,0.5744707826114279,190.3562,45.68,12.14,5702,continuous_baseline_daemon tradier:trb validated 2026-08-14T08:34:15Z,"{""AUGMENTATION_COOLDOWN_MINUTES"": 0, ""AUGMENTATION_COOLDOWN_SECONDS"": 0, ""BB_RECOVERY_EXIT_ENABLED_TRADIER"": ""True"", ""BOUNCE_TOP_MIN_HOLD_MINUTES"": 0, ""BREAKOUT_TF_SIZE_ENABLED"": ""True"", ""BREAKOUT_TF_SIZE_MULT_15M"": 1.0, ""COOLDOWN_BARS"": 10, ""COOLDOWN_BARS_TRADIER"": 10, ""DELTA_ENTRY_ENABLED"": ""True"", ""DELTA_EXIT_MIN_TF_LOST"": 2, ""ENTRY_SCORE_THRESHOLD"": 0, ""EXIT_CONV_FAIL_ENABLED"": ""True"", ""EXIT_MAX_HOLD_ENABLED"": ""True"", ""EXIT_SCORER_DC_EXTREME"": 1.2, ""GOLDEN_RULE_HTF_MIN_TFS"": 0, ""GOLDEN_RULE_MIN_IND"": 0, ""GR_HTF_DIRECT_ENTRY_SCORE_MIN"": 0, ""HTF_ALIGN_REQUIRED_TRADIER"": 0, ""LIVE_ENTRY_ENGINE_MIN_SCORE"": 0, ""LOCAL_EXTREMES_MIN_SCORE"": 0, ""LR_BAND_E02_EXIT_ENABLED"": ""False"", ""LR_BAND_ENTRY_ENABLED"": ""True"", ""LR_BAND_LADDER_ORDINARY_PARITY_ENABLED"": ""False"", ""MAX_ALLOWED_DRAWDOWN_PCT"": 100, ""MIN_HOLD_BARS_BEFORE_EXIT"": 1, ""MIN_HOLD_MINUTES_TRADIER"": 0, ""R1_USE_DC_4BAR"": ""False"", ""REENTRY_MANDATORY"": ""False"", ""RSI_EXIT_LONG_TRADIER"": 42.5, ""RSI_EXIT_SHORT_TRADIER"": 58.0, ""STRUCTURAL_EXIT_GATE_ENABLED"": ""True"", ""TRADIER_DC_DAYTRADE_STOP_PCT"": 0.005, ""TRADIER_DC_DAYTRADE_TARGET_PCT"": 0.005, ""TRADIER_ENTRY_SCORE_THRESHOLD"": 0, ""TRA_MIN_HOLD_MINUTES"": 0, ""TRA_WT_DC_ENTRY_THRESHOLD"": 0, ""TR_DCWIDTH4H_SHORT_ENABLED"": false, ""WT_DC_ENTRY_K5M_MAX_LONG"": 100, ""WT_DC_ENTRY_K5M_MIN_SHORT"": 0, ""WT_DC_ENTRY_THRESHOLD"": 0, ""WT_DC_EXIT_THRESHOLD"": 75, ""WT_DC_HTF_GATE"": ""none""}"
MSTR_LONG,0.541,6.41,,,,backtest_v8_engine --mode tradier --account trb --capital 10000,{}
ALB_SHORT,0.53,11.3,,,,backtest_v8_engine --mode tradier --account trb --capital 10000,{}
LRCX_LONG,0.5,12.5,,,,backtest_v8_engine --mode tradier --account trb --capital 10000,{}
TXN_LONG,0.5,12.5,,,,backtest_v8_engine --mode tradier --account trb --capital 10000,{}
UEC_SHORT,0.5,6,,,,backtest_v8_engine --mode tradier --account trb --capital 10000,{}
EXEL_LONG,0.435,5.35,,,,backtest_v8_engine --mode tradier --account trb --capital 10000,{}
RBLX_LONG,0.4,6.5,,,,backtest_v8_engine --mode tradier --account trb --capital 10000,{}
RBLX_SHORT,0.4,5,,,,backtest_v8_engine --mode tradier --account trb --capital 10000,{}
ROKU_LONG,0.3669,0.54,,,,backtest_v8_engine --mode tradier --account trb --capital 10000,{}
ASTS_LONG,0.336,4.36,,,,backtest_v8_engine --mode tradier --account trb --capital 10000,{}
LLY_LONG,0.326,4.26,,,,backtest_v8_engine --mode tradier --account trb --capital 10000,{}
AMZN_LONG,0.3,10.5,,,,backtest_v8_engine --mode tradier --account trb --capital 10000,{}
IBIT_LONG,0.3,10.5,,,,backtest_v8_engine --mode tradier --account trb --capital 10000,{}
TSLA_LONG,0.3,5.5,,,,backtest_v8_engine --mode tradier --account trb --capital 10000,{}
NUKZ_LONG,0.297,8.97,,,,backtest_v8_engine --mode tradier --account trb --capital 10000,{}
ASML_LONG,0.0554,0.16,,,,backtest_v8_engine --mode tradier --account trb --capital 10000,{}
AR_LONG,0,70.9959,,,4711,backtest_v8_engine --mode tradier --account trb --capital 10000 vector_parity_hook TIM<90 DD<30 2026-08-14,"{""BOUNCE_AUGMENT_K_D_THRESHOLD"": true, ""EMA_DIST_SIZING_MULT"": true, ""REENTRY_MANDATORY"": true, ""REENTRY_TIER1_SIZE_MULT_TRADIER"": true, ""STOCH_CROSS_ENTRY_TRADIER"": true, ""WIN_TRAIL_EROSION_PCT"": 0.125, ""WT_EXIT_MIN_TFS"": 4}"
BG_LONG,0,203.2721,,,3152,backtest_v8_engine --mode tradier --account trb --capital 10000 vector_parity_hook TIM<90 DD<30 2026-08-14,"{""ATR_ADAPTIVE_SIZING_ENABLED"": true, ""ATR_ADAPTIVE_SIZING_TARGET_PCT"": true, ""BOUNCE_AUGMENT_DC_LOW_D_TOLERANCE"": true, ""BOUNCE_AUGMENT_K_D_THRESHOLD"": true, ""EMA_DIST_SIZING_MULT"": true, ""REENTRY_MANDATORY"": true, ""SATOSHIT_EXIT_ENABLED"": true, ""TRADIER_RSI2_ENABLED"": true, ""VOLUME_CONFIRMATION_ENABLED"": true, ""WIN_TRAIL_EROSION_PCT"": 0.125}"
BNO_LONG,0,13.9705,,,893,backtest_v8_engine --mode tradier --account trb --capital 10000 vector_parity_hook TIM<90 DD<30 2026-08-14,"{""ADX_TRENDING_THRESHOLD"": 28.749999999999996, ""REENTRY_MANDATORY"": true, ""REGIME_GATE_ENABLED"": true, ""WIN_TRAIL_EROSION_PCT"": 0.0}"
CDW_LONG,0,23.3964,,,320,backtest_v8_engine --mode tradier --account trb --capital 10000 vector_parity_hook TIM<90 DD<30 2026-08-14,"{""BOUNCE_AUGMENT_K_D_THRESHOLD"": true, ""EMA_DIST_SIZING_MULT"": true, ""REENTRY_MANDATORY"": true, ""REENTRY_TIER1_SIZE_MULT_TRADIER"": true, ""STOCH_CROSS_ENTRY_TRADIER"": true, ""WIN_TRAIL_EROSION_PCT"": 0.125}"
CF_LONG,0,250.0261,,,3578,backtest_v8_engine --mode tradier --account trb --capital 10000 vector_parity_hook TIM<90 DD<30 2026-08-14,"{""ATR_ADAPTIVE_SIZING_ENABLED"": true, ""ATR_ADAPTIVE_SIZING_TARGET_PCT"": true, ""BOUNCE_AUGMENT_K_D_THRESHOLD"": true, ""REENTRY_MANDATORY"": true, ""REENTRY_TIER1_SIZE_MULT_TRADIER"": true, ""SMA200_DIST_ENTRY_ENABLED"": true, ""TRADIER_RSI2_ENABLED"": true, ""WIN_TRAIL_EROSION_PCT"": 0.125, ""WT_EXIT_MIN_TFS"": 4}"
CIEN_SHORT,0,50.6994,,,623,backtest_v8_engine --mode tradier --account trb --capital 10000 vector_parity_hook TIM<90 DD<30 2026-08-14,"{""ATR_ADAPTIVE_SIZING_ENABLED"": true, ""BOUNCE_AUGMENT_DC_LOW_D_TOLERANCE"": true, ""EMA_DIST_SIZING_MULT"": true, ""REENTRY_MANDATORY"": true, ""REENTRY_TIER1_SIZE_MULT_TRADIER"": true, ""STOCH_CROSS_ENTRY_TRADIER"": true, ""WIN_TRAIL_EROSION_PCT"": 0.125}"
CLF_SHORT,0,452.9431,,,5954,backtest_v8_engine --mode tradier --account trb --capital 10000 vector_parity_hook TIM<90 DD<30 2026-08-14,"{""ATR_ADAPTIVE_SIZING_ENABLED"": true, ""ATR_ADAPTIVE_SIZING_TARGET_PCT"": true, ""BOUNCE_AUGMENT_K_D_THRESHOLD"": true, ""EMA_DIST_SIZING_MULT"": true, ""REENTRY_MANDATORY"": true, ""REENTRY_TIER1_SIZE_MULT_TRADIER"": true, ""WIN_TRAIL_EROSION_PCT"": 0.125}"
CMC_LONG,0,258.9501,,,3182,backtest_v8_engine --mode tradier --account trb --capital 10000 vector_parity_hook TIM<90 DD<30 2026-08-14,"{""REENTRY_MANDATORY"": true, ""WIN_TRAIL_EROSION_PCT"": 0.125}"
DAR_LONG,0,476.7107,,,3352,backtest_v8_engine --mode tradier --account trb --capital 10000 vector_parity_hook TIM<90 DD<30 2026-08-14,"{""BOUNCE_AUGMENT_DC_LOW_D_TOLERANCE"": true, ""NOLOSS_ENABLED"": true, ""PYRAMID_ENABLED"": true, ""REENTRY_MANDATORY"": true, ""REENTRY_TIER1_SIZE_MULT_TRADIER"": true, ""SATOSHIT_EXIT_ENABLED"": true, ""WIN_TRAIL_EROSION_PCT"": 0.5}"
DELL_LONG,0,57.2661,,,593,backtest_v8_engine --mode tradier --account trb --capital 10000 vector_parity_hook TIM<90 DD<30 2026-08-14,"{""BOUNCE_AUGMENT_DC_LOW_D_TOLERANCE"": true, ""BOUNCE_AUGMENT_K_D_THRESHOLD"": true, ""REENTRY_MANDATORY"": true, ""REENTRY_TIER1_SIZE_MULT_TRADIER"": true, ""VOLUME_CONFIRMATION_ENABLED"": true, ""WIN_TRAIL_EROSION_PCT"": 0.125}"
DINO_LONG,0,313.8688,,,3477,backtest_v8_engine --mode tradier --account trb --capital 10000 vector_parity_hook TIM<90 DD<30 2026-08-14,"{""ATR_ADAPTIVE_SIZING_ENABLED"": true, ""ATR_ADAPTIVE_SIZING_TARGET_PCT"": true, ""BOUNCE_AUGMENT_DC_LOW_D_TOLERANCE"": true, ""BOUNCE_AUGMENT_K_D_THRESHOLD"": true, ""EMA_DIST_SIZING_MULT"": true, ""REENTRY_MANDATORY"": true, ""REENTRY_TIER1_SIZE_MULT_TRADIER"": true, ""SATOSHIT_ENTRY_ENABLED"": true, ""STOCH_CROSS_ENTRY_TRADIER"": true, ""TRADIER_RSI2_ENABLED"": true, ""VOLUME_CONFIRMATION_ENABLED"": true, ""WIN_TRAIL_EROSION_PCT"": 0.125, ""WT_EXIT_MIN_TFS"": 4}"
DIS_SHORT,0,262.8536,,,4826,backtest_v8_engine --mode tradier --account trb --capital 10000 vector_parity_hook TIM<90 DD<30 2026-08-14,"{""REENTRY_MANDATORY"": true, ""WIN_TRAIL_EROSION_PCT"": 0.125, ""WT_EXIT_MIN_TFS"": 4}"
EOG_LONG,0,260.4244,,,3254,backtest_v8_engine --mode tradier --account trb --capital 10000 vector_parity_hook TIM<90 DD<30 2026-08-14,"{""REENTRY_MANDATORY"": true, ""WIN_TRAIL_EROSION_PCT"": 0.375, ""WT_EXIT_MIN_TFS"": 4}"
FANG_LONG,0,267.9999,,,3706,backtest_v8_engine --mode tradier --account trb --capital 10000 vector_parity_hook TIM<90 DD<30 2026-08-14,"{""REENTRY_MANDATORY"": true, ""REENTRY_TIER1_SIZE_MULT_TRADIER"": true, ""WIN_TRAIL_EROSION_PCT"": 0.125}"
GDX_LONG,0,438.161,,,6151,backtest_v8_engine --mode tradier --account trb --capital 10000 vector_parity_hook TIM<90 DD<30 2026-08-14,"{""ATR_TRAIL_2X_EXIT_ENABLED"": true, ""BOUNCE_AUGMENT_DC_LOW_D_TOLERANCE"": true, ""CT_15M_MOMENTUM_GATE_ENABLED"": true, ""DC_EDGE_SIZING_MAX_MULT"": true, ""DC_EDGE_SIZING_PERIOD"": true, ""LR_BAND_SLOPE_FLIP_EXIT_ENABLED"": true, ""PYRAMID_ENABLED"": true, ""PYRAMID_MAX_DC_POS_15M_SHORT"": true, ""PYRAMID_SIZE_MULT"": 0.25, ""REENTRY_PULL1_ENABLED"": true, ""REENTRY_PULL4_ENABLED"": true, ""RSI_ENTRY_GATE_ENABLED"": true, ""STDEV_REJECT_EXIT_ENABLED"": true, ""WIN_TRAIL_EROSION_PCT"": 0.375, ""WT_EXIT_MIN_TFS"": 6}"
GLD_LONG,0,241.3894,,,5670,backtest_v8_engine --mode tradier --account trb --capital 10000 vector_parity_hook TIM<90 DD<30 2026-08-14,"{""BOUNCE_AUGMENT_K_D_THRESHOLD"": true, ""DC_EDGE_SIZING_MAX_MULT"": true, ""EMA_DIST_SIZING_MULT"": true, ""REENTRY_MANDATORY"": true, ""REENTRY_TIER1_SIZE_MULT_TRADIER"": true, ""STOCH_CROSS_3M_EXIT_ENABLED"": true, ""WIN_TRAIL_EROSION_PCT"": 0.125}"
GM_LONG,0,337.3738,,,4580,backtest_v8_engine --mode tradier --account trb --capital 10000 vector_parity_hook TIM<90 DD<30 2026-08-14,"{""ATR_ADAPTIVE_SIZING_ENABLED"": true, ""ATR_ADAPTIVE_SIZING_TARGET_PCT"": true, ""BOUNCE_AUGMENT_K_D_THRESHOLD"": true, ""REENTRY_MANDATORY"": true, ""REENTRY_TIER1_SIZE_MULT_TRADIER"": true, ""STOCH_CROSS_3M_EXIT_ENABLED"": true, ""STOCH_CROSS_ENTRY_TRADIER"": true, ""TRADIER_RSI2_ENABLED"": true, ""VWAP_BOUNCE_ENTRY_ENABLED"": true, ""WIN_TRAIL_EROSION_PCT"": 0.125}"
GOOGL_LONG,0,369.2708,,,6233,backtest_v8_engine --mode tradier --account trb --capital 10000 vector_parity_hook TIM<90 DD<30 2026-08-14,"{""BOUNCE_AUGMENT_K_D_THRESHOLD"": true, ""REENTRY_MANDATORY"": true, ""REENTRY_TIER1_SIZE_MULT_TRADIER"": true, ""STOCH_CROSS_3M_EXIT_ENABLED"": true, ""TRADIER_RSI2_ENABLED"": true, ""WIN_TRAIL_EROSION_PCT"": 0.125, ""WT_EXIT_MIN_TFS"": 2}"
HII_SHORT,0,191.0233,,,3204,backtest_v8_engine --mode tradier --account trb --capital 10000 vector_parity_hook TIM<90 DD<30 2026-08-14,"{""REENTRY_MANDATORY"": true, ""SATOSHIT_EXIT_ENABLED"": true, ""TRADIER_RSI2_ENABLED"": true, ""WIN_TRAIL_EROSION_PCT"": 0.125}"
IBIT_SHORT,0,390.926,,,7034,backtest_v8_engine --mode tradier --account trb --capital 10000 vector_parity_hook TIM<90 DD<30 2026-08-14,"{""NOLOSS_ENABLED"": true, ""REENTRY_MANDATORY"": true, ""WIN_TRAIL_EROSION_PCT"": 0.125}"
INTC_LONG,0,462.6284,,,7205,backtest_v8_engine --mode tradier --account trb --capital 10000 vector_parity_hook TIM<90 DD<30 2026-08-14,"{""ATR_ADAPTIVE_SIZING_ENABLED"": true, ""ATR_ADAPTIVE_SIZING_TARGET_PCT"": true, ""BOUNCE_AUGMENT_K_D_THRESHOLD"": true, ""DC_EDGE_SIZING_MAX_MULT"": true, ""REENTRY_MANDATORY"": true, ""REENTRY_TIER1_SIZE_MULT_TRADIER"": true, ""SATOSHIT_EXIT_ENABLED"": true, ""STOCH_CROSS_3M_EXIT_ENABLED"": true, ""STOCH_CROSS_ENTRY_TRADIER"": true, ""VOLUME_CONFIRMATION_ENABLED"": true, ""WIN_TRAIL_EROSION_PCT"": 0.125, ""WT_EXIT_MIN_TFS"": 2}"
LAC_SHORT,0,604.7102,,,7035,backtest_v8_engine --mode tradier --account trb --capital 10000 vector_parity_hook TIM<90 DD<30 2026-08-14,"{""ATR_ADAPTIVE_SIZING_ENABLED"": true, ""BOUNCE_AUGMENT_K_D_THRESHOLD"": true, ""EMA_DIST_SIZING_MULT"": true, ""NOLOSS_ENABLED"": true, ""REENTRY_MANDATORY"": true, ""REENTRY_TIER1_SIZE_MULT_TRADIER"": true, ""WIN_TRAIL_EROSION_PCT"": 0.125}"
LDOS_SHORT,0,150.2915,,,3148,backtest_v8_engine --mode tradier --account trb --capital 10000 vector_parity_hook TIM<90 DD<30 2026-08-14,"{""REENTRY_MANDATORY"": true, ""REENTRY_TIER1_SIZE_MULT_TRADIER"": true, ""WIN_TRAIL_EROSION_PCT"": 0.125, ""WT_EXIT_MIN_TFS"": 4}"
LNG_LONG,0,338.416,,,3530,backtest_v8_engine --mode tradier --account trb --capital 10000 vector_parity_hook TIM<90 DD<30 2026-08-14,"{""BOUNCE_AUGMENT_K_D_THRESHOLD"": true, ""REENTRY_MANDATORY"": true, ""REENTRY_TIER1_SIZE_MULT_TRADIER"": true, ""SATOSHIT_EXIT_ENABLED"": true, ""STOCH_CROSS_3M_EXIT_ENABLED"": true, ""VOLUME_CONFIRMATION_ENABLED"": true, ""WIN_TRAIL_EROSION_PCT"": 0.125, ""WT_EXIT_MIN_TFS"": 4}"
MOS_SHORT,0,270.5928,,,4404,backtest_v8_engine --mode tradier --account trb --capital 10000 vector_parity_hook TIM<90 DD<30 2026-08-14,"{""REENTRY_MANDATORY"": true, ""REENTRY_TIER1_SIZE_MULT_TRADIER"": true, ""WIN_TRAIL_EROSION_PCT"": 0.125}"
MPC_LONG,0,306.0265,,,3534,backtest_v8_engine --mode tradier --account trb --capital 10000 vector_parity_hook TIM<90 DD<30 2026-08-14,"{""ATR_ADAPTIVE_SIZING_ENABLED"": true, ""ATR_ADAPTIVE_SIZING_TARGET_PCT"": true, ""BOUNCE_AUGMENT_K_D_THRESHOLD"": true, ""EMA_DIST_SIZING_MULT"": true, ""REENTRY_MANDATORY"": true, ""REENTRY_TIER1_SIZE_MULT_TRADIER"": true, ""STOCH_CROSS_ENTRY_TRADIER"": true, ""VOLUME_CONFIRMATION_ENABLED"": true, ""WIN_TRAIL_EROSION_PCT"": 0.125}"
MU_LONG,0,502.7473,,,6993,backtest_v8_engine --mode tradier --account trb --capital 10000 vector_parity_hook TIM<90 DD<30 2026-08-14,"{""ATR_ADAPTIVE_SIZING_ENABLED"": true, ""ATR_ADAPTIVE_SIZING_TARGET_PCT"": true, ""BOUNCE_AUGMENT_K_D_THRESHOLD"": true, ""DC_EDGE_SIZING_MAX_MULT"": true, ""EMA_DIST_SIZING_MULT"": true, ""MI_ENTRY_ENABLED_TRADIER"": true, ""REENTRY_MANDATORY"": true, ""REENTRY_TIER1_SIZE_MULT_TRADIER"": true, ""RSI_ENTRY_GATE_ENABLED"": true, ""SATOSHIT_ENTRY_ENABLED"": true, ""TRADIER_RSI2_ENABLED"": true, ""VWAP_BOUNCE_ENTRY_ENABLED"": true, ""WIN_TRAIL_EROSION_PCT"": 0.125, ""WT_EXIT_MIN_TFS"": 4}"
NLR_SHORT,0,25.0969,,,401,backtest_v8_engine --mode tradier --account trb --capital 10000 vector_parity_hook TIM<90 DD<30 2026-08-14,"{""ADX_TRENDING_THRESHOLD"": 32.5, ""BOUNCE_AUGMENT_DC_LOW_D_TOLERANCE"": true, ""BOUNCE_AUGMENT_K_D_THRESHOLD"": true, ""EMA_DIST_SIZING_MULT"": true, ""PYRAMID_ENABLED"": true, ""REENTRY_MANDATORY"": true, ""REENTRY_TIER1_SIZE_MULT_TRADIER"": true, ""REGIME_GATE_ENABLED"": true}"
OKE_LONG,0,216.5904,,,3541,backtest_v8_engine --mode tradier --account trb --capital 10000 vector_parity_hook TIM<90 DD<30 2026-08-14,"{""REENTRY_MANDATORY"": true, ""WIN_TRAIL_EROSION_PCT"": 0.125}"
OLED_SHORT,0,245.3275,,,3341,backtest_v8_engine --mode tradier --account trb --capital 10000 vector_parity_hook TIM<90 DD<30 2026-08-14,"{""BOUNCE_AUGMENT_K_D_THRESHOLD"": true, ""REENTRY_MANDATORY"": true, ""REENTRY_TIER1_SIZE_MULT_TRADIER"": true, ""STOCH_CROSS_ENTRY_TRADIER"": true, ""WIN_TRAIL_EROSION_PCT"": 0.125, ""WT_EXIT_MIN_TFS"": 4}"
PBF_LONG,0,322.6417,,,4009,backtest_v8_engine --mode tradier --account trb --capital 10000 vector_parity_hook TIM<90 DD<30 2026-08-14,"{""REENTRY_MANDATORY"": true, ""REENTRY_TIER1_SIZE_MULT_TRADIER"": true, ""SATOSHIT_EXIT_ENABLED"": true, ""WIN_TRAIL_EROSION_PCT"": 0.375, ""WT_EXIT_MIN_TFS"": 4}"
PLTR_LONG,0,495.8373,,,7000,backtest_v8_engine --mode tradier --account trb --capital 10000 vector_parity_hook TIM<90 DD<30 2026-08-14,"{""BOUNCE_AUGMENT_K_D_THRESHOLD"": true, ""DC_EDGE_SIZING_MAX_MULT"": true, ""REENTRY_MANDATORY"": true, ""REENTRY_TIER1_SIZE_MULT_TRADIER"": true, ""TRADIER_RSI2_ENABLED"": true, ""WIN_TRAIL_EROSION_PCT"": 0.125}"
PR_LONG,0,318.6447,,,4105,backtest_v8_engine --mode tradier --account trb --capital 10000 vector_parity_hook TIM<90 DD<30 2026-08-14,"{""NOLOSS_ENABLED"": true, ""REENTRY_MANDATORY"": true, ""STOCH_CROSS_ENTRY_TRADIER"": true, ""TRADIER_RSI2_ENABLED"": true, ""WIN_TRAIL_EROSION_PCT"": 0.125}"
PSX_LONG,0,309.6295,,,3362,backtest_v8_engine --mode tradier --account trb --capital 10000 vector_parity_hook TIM<90 DD<30 2026-08-14,"{""BOUNCE_AUGMENT_K_D_THRESHOLD"": true, ""EMA_DIST_SIZING_MULT"": true, ""REENTRY_MANDATORY"": true, ""REENTRY_TIER1_SIZE_MULT_TRADIER"": true, ""STOCH_CROSS_ENTRY_TRADIER"": true, ""VOLUME_CONFIRMATION_ENABLED"": true, ""WIN_TRAIL_EROSION_PCT"": 0.125}"
ROBO_LONG,0,14.3631,,,307,backtest_v8_engine --mode tradier --account trb --capital 10000 vector_parity_hook TIM<90 DD<30 2026-08-14,"{""ATR_ADAPTIVE_SIZING_ENABLED"": true, ""ATR_ADAPTIVE_SIZING_TARGET_PCT"": true, ""BOUNCE_AUGMENT_DC_LOW_D_TOLERANCE"": true, ""BOUNCE_AUGMENT_K_D_THRESHOLD"": true, ""DC_EDGE_SIZING_MAX_MULT"": true, ""NOLOSS_ENABLED"": true, ""PYRAMID_ENABLED"": true, ""PYRAMID_SIZE_MULT"": 0.25, ""REENTRY_MANDATORY"": true, ""REENTRY_TIER1_SIZE_MULT_TRADIER"": true, ""STOCH_CROSS_ENTRY_TRADIER"": true, ""TRADIER_RSI2_ENABLED"": true, ""WIN_TRAIL_EROSION_PCT"": 0.0, ""WT_EXIT_MIN_TFS"": 4}"
RRC_LONG,0,231.8984,,,3499,backtest_v8_engine --mode tradier --account trb --capital 10000 vector_parity_hook TIM<90 DD<30 2026-08-14,"{""REENTRY_MANDATORY"": true, ""WIN_TRAIL_EROSION_PCT"": 0.125, ""WT_EXIT_MIN_TFS"": 4}"
SCCO_LONG,0,375.1193,,,3790,backtest_v8_engine --mode tradier --account trb --capital 10000 vector_parity_hook TIM<90 DD<30 2026-08-14,"{""ATR_ADAPTIVE_SIZING_ENABLED"": true, ""ATR_ADAPTIVE_SIZING_TARGET_PCT"": true, ""BB_PCTB_ENTRY_ENABLED"": true, ""BOUNCE_AUGMENT_DC_LOW_D_TOLERANCE"": true, ""BOUNCE_AUGMENT_MIN_LOSS_PCT"": true, ""DC_EDGE_SIZING_PERIOD"": true, ""MIN_HOLD_BARS"": 15, ""NOLOSS_ENABLED"": true, ""WIN_TRAIL_EROSION_PCT"": 0.375, ""WT_EXIT_MIN_TFS"": 4}"
SLV_LONG,0,66.2101,,,3461,backtest_v8_engine --mode tradier --account trb --capital 10000 vector_parity_hook TIM<90 DD<30 2026-08-14,"{""ATR_ADAPTIVE_SIZING_ENABLED"": true, ""ATR_ADAPTIVE_SIZING_TARGET_PCT"": true, ""ATR_TRAIL_2X_EXIT_ENABLED"": true, ""BOUNCE_AUGMENT_DC_LOW_D_TOLERANCE"": true, ""DC_EDGE_SIZING_MAX_MULT"": true, ""DC_EDGE_SIZING_MIN_MULT"": true, ""DELTA_PYRAMID_ACCEL_THRESHOLD"": true, ""DELTA_PYRAMID_MIN_BARS"": true, ""EMA_DIST_SIZING_MULT"": true, ""MIN_HOLD_BARS"": 15, ""PYRAMID_ENABLED"": true, ""PYRAMID_MIN_GAIN_PCT"": true, ""PYRAMID_MIN_WT_VEL_1H"": true, ""PYRAMID_SIZE_MULT"": 0.25, ""REENTRY_B09_SNAPBACK_ENABLED"": true, ""REENTRY_BREAKOUT_ENABLED"": true, ""REENTRY_PULL2_ENABLED"": true, ""STDEV_MACRO_R4_EXIT_ENABLED"": true, ""STOP_LOSS_ENABLED"": true, ""STOP_LOSS_PCT"": 2.5, ""VOLUME_CONFIRMATION_ENABLED"": true, ""WT_VEL_DECAY_EXIT_ENABLED"": true, ""WT_VEL_DECAY_THRESHOLD"": 1.5}"
SNDK_LONG,0,289.1056,,,3971,backtest_v8_engine --mode tradier --account trb --capital 10000 vector_parity_hook TIM<90 DD<30 2026-08-14,"{""BOUNCE_AUGMENT_K_D_THRESHOLD"": true, ""DC_EDGE_SIZING_MAX_MULT"": true, ""REENTRY_MANDATORY"": true, ""REENTRY_TIER1_SIZE_MULT_TRADIER"": true, ""SATOSHIT_ENTRY_ENABLED"": true, ""STOCH_CROSS_ENTRY_TRADIER"": true, ""VOLUME_CONFIRMATION_ENABLED"": true, ""WIN_TRAIL_EROSION_PCT"": 0.125}"
TECK_LONG,0,274.1438,,,3834,backtest_v8_engine --mode tradier --account trb --capital 10000 vector_parity_hook TIM<90 DD<30 2026-08-14,"{""BOUNCE_AUGMENT_K_D_THRESHOLD"": true, ""EMA_DIST_SIZING_MULT"": true, ""NOLOSS_ENABLED"": true, ""REENTRY_MANDATORY"": true, ""WIN_TRAIL_EROSION_PCT"": 0.125}"
TRGP_LONG,0,256.4851,,,2965,backtest_v8_engine --mode tradier --account trb --capital 10000 vector_parity_hook TIM<90 DD<30 2026-08-14,"{""ATR_ADAPTIVE_SIZING_ENABLED"": true, ""ATR_ADAPTIVE_SIZING_TARGET_PCT"": true, ""BOUNCE_AUGMENT_K_D_THRESHOLD"": true, ""EMA_DIST_SIZING_MULT"": true, ""REENTRY_MANDATORY"": true, ""REENTRY_TIER1_SIZE_MULT_TRADIER"": true, ""SATOSHIT_EXIT_ENABLED"": true, ""TRADIER_RSI2_ENABLED"": true, ""WIN_TRAIL_EROSION_PCT"": 0.125, ""WT_EXIT_MIN_TFS"": 4}"
TSM_LONG,0,82.5217,,,3823,backtest_v8_engine --mode tradier --account trb --capital 10000 vector_parity_hook TIM<90 DD<30 2026-08-14,"{""DC_EDGE_SIZING_MAX_MULT"": true, ""DC_EDGE_SIZING_PERIOD"": true, ""DELTA_PYRAMID_MIN_BARS"": true, ""PYRAMID_ENABLED"": true, ""PYRAMID_MIN_DC_POS_15M"": true, ""PYRAMID_SIZE_MULT"": 0.375, ""STDEV_MACRO_R4_EXIT_ENABLED"": true, ""WIN_TRAIL_EROSION_PCT"": 0.0, ""WT_EXIT_MIN_TFS"": 6}"
TTD_SHORT,0,375.3853,,,5782,backtest_v8_engine --mode tradier --account trb --capital 10000 vector_parity_hook TIM<90 DD<30 2026-08-14,"{""BOUNCE_AUGMENT_K_D_THRESHOLD"": true, ""REENTRY_MANDATORY"": true, ""REENTRY_TIER1_SIZE_MULT_TRADIER"": true, ""STOCH_CROSS_ENTRY_TRADIER"": true, ""TRADIER_RSI2_ENABLED"": true, ""WIN_TRAIL_EROSION_PCT"": 0.125, ""WT_EXIT_MIN_TFS"": 4}"
USAR_LONG,0,266.7493,,,4681,backtest_v8_engine --mode tradier --account trb --capital 10000 vector_parity_hook TIM<90 DD<30 2026-08-14,"{""REENTRY_MANDATORY"": true, ""REENTRY_TIER1_SIZE_MULT_TRADIER"": true, ""SATOSHIT_ENTRY_ENABLED"": true, ""WIN_TRAIL_EROSION_PCT"": 0.375}"
UUUU_LONG,0,686.3772,,,6686,backtest_v8_engine --mode tradier --account trb --capital 10000 vector_parity_hook TIM<90 DD<30 2026-08-14,"{""ATR_TRAIL_2X_EXIT_ENABLED"": true, ""BOUNCE_AUGMENT_DC_LOW_D_TOLERANCE"": true, ""BOUNCE_AUGMENT_MIN_LOSS_PCT"": true, ""CT_15M_MOMENTUM_GATE_ENABLED"": true, ""DC_EDGE_SIZING_MAX_MULT"": true, ""DC_EDGE_SIZING_PERIOD"": true, ""DELTA_PYRAMID_ACCEL_THRESHOLD"": true, ""LR_BAND_ENTRY_ENABLED"": true, ""MTF_ARROW_TRAIL_EXIT_ENABLED"": true, ""PYRAMID_ENABLED"": true, ""PYRAMID_MIN_WT_VEL_1H"": true, ""STOCH_CROSS_3M_EXIT_ENABLED"": true, ""STOP_LOSS_ENABLED"": true, ""WIN_TRAIL_EROSION_PCT"": 0.375}"
VALE_LONG,0,344.5434,,,4869,backtest_v8_engine --mode tradier --account trb --capital 10000 vector_parity_hook TIM<90 DD<30 2026-08-14,"{""REENTRY_MANDATORY"": true, ""REENTRY_TIER1_SIZE_MULT_TRADIER"": true, ""TRADIER_RSI2_ENABLED"": true, ""WIN_TRAIL_EROSION_PCT"": 0.125}"
VLO_LONG,0,302.9938,,,3650,backtest_v8_engine --mode tradier --account trb --capital 10000 vector_parity_hook TIM<90 DD<30 2026-08-14,"{""ATR_ADAPTIVE_SIZING_ENABLED"": true, ""ATR_ADAPTIVE_SIZING_TARGET_PCT"": true, ""BOUNCE_AUGMENT_DC_LOW_D_TOLERANCE"": true, ""BOUNCE_AUGMENT_K_D_THRESHOLD"": true, ""EMA_DIST_SIZING_MULT"": true, ""REENTRY_MANDATORY"": true, ""REENTRY_TIER1_SIZE_MULT_TRADIER"": true, ""WIN_TRAIL_EROSION_PCT"": 0.125, ""WT_EXIT_MIN_TFS"": 2}"
VT_LONG,0,40.0637,,,1083,backtest_v8_engine --mode tradier --account trb --capital 10000 vector_parity_hook TIM<90 DD<30 2026-08-14,"{""ADX_TRENDING_THRESHOLD"": 21.25, ""ATR_ADAPTIVE_SIZING_ENABLED"": true, ""BOUNCE_AUGMENT_DC_LOW_D_TOLERANCE"": true, ""REENTRY_MANDATORY"": true, ""REENTRY_TIER1_SIZE_MULT_TRADIER"": true, ""REGIME_GATE_ENABLED"": true, ""STOCH_CROSS_3M_EXIT_ENABLED"": true, ""VOLUME_CONFIRMATION_ENABLED"": true, ""VWAP_BOUNCE_ENTRY_ENABLED"": true, ""WIN_TRAIL_EROSION_PCT"": 0.0, ""WT_EXIT_MIN_TFS"": 4}"
WDAY_SHORT,0,289.6056,,,3766,backtest_v8_engine --mode tradier --account trb --capital 10000 vector_parity_hook TIM<90 DD<30 2026-08-14,"{""ATR_ADAPTIVE_SIZING_ENABLED"": true, ""ATR_ADAPTIVE_SIZING_TARGET_PCT"": true, ""BOUNCE_AUGMENT_K_D_THRESHOLD"": true, ""EMA_DIST_SIZING_MULT"": true, ""NOLOSS_ENABLED"": true, ""REENTRY_MANDATORY"": true, ""REENTRY_TIER1_SIZE_MULT_TRADIER"": true, ""TRADIER_RSI2_ENABLED"": true, ""VOLUME_CONFIRMATION_ENABLED"": true, ""VWAP_BOUNCE_ENTRY_ENABLED"": true, ""WIN_TRAIL_EROSION_PCT"": 0.125}"
XLE_LONG,0,276.9405,,,4536,backtest_v8_engine --mode tradier --account trb --capital 10000 vector_parity_hook TIM<90 DD<30 2026-08-14,"{""ATR_ADAPTIVE_SIZING_ENABLED"": true, ""ATR_ADAPTIVE_SIZING_TARGET_PCT"": true, ""BOUNCE_AUGMENT_K_D_THRESHOLD"": true, ""DC_EDGE_SIZING_MAX_MULT"": true, ""EMA_DIST_SIZING_MULT"": true, ""REENTRY_MANDATORY"": true, ""REENTRY_TIER1_SIZE_MULT_TRADIER"": true, ""STOCH_CROSS_3M_EXIT_ENABLED"": true, ""STOCH_CROSS_ENTRY_TRADIER"": true, ""VOLUME_CONFIRMATION_ENABLED"": true, ""WIN_TRAIL_EROSION_PCT"": 0.125, ""WT_EXIT_MIN_TFS"": 4, ""WT_VEL_DECAY_EXIT_ENABLED"": true}"
XOP_LONG,0,287.7747,,,3793,backtest_v8_engine --mode tradier --account trb --capital 10000 vector_parity_hook TIM<90 DD<30 2026-08-14,"{""REENTRY_MANDATORY"": true, ""VOLUME_CONFIRMATION_ENABLED"": true, ""WIN_TRAIL_EROSION_PCT"": 0.125}"
ADBE_SHORT,,278.06,,,,TOP100_DD30_CAPPED_vec,"{""ATR_ADAPTIVE_SIZING_ENABLED"": true, ""ATR_ADAPTIVE_SIZING_TARGET_PCT"": true, ""BOUNCE_AUGMENT_K_D_THRESHOLD"": true, ""REENTRY_MANDATORY"": true, ""REENTRY_PULL2_ENABLED"": true, ""TRADIER_RSI2_ENABLED"": true, ""VWAP_BOUNCE_ENTRY_ENABLED"": true, ""WIN_TRAIL_EROSION_PCT"": 0.125}"
ADP_SHORT,,9.02,,,,TOP100_DD30_CAPPED_vec,{}
BHP_LONG,,11.28,,,,TOP100_DD30_CAPPED_vec,{}
BK_LONG,,84.27,,,,TOP100_DD30_CAPPED_vec,"{""BOUNCE_AUGMENT_DC_LOW_D_TOLERANCE"": true, ""EMA_DIST_SIZING_MULT"": true, ""REENTRY_MANDATORY"": true, ""REENTRY_TIER1_SIZE_MULT_TRADIER"": true, ""SATOSHIT_EXIT_ENABLED"": true, ""STOCH_CROSS_3M_EXIT_ENABLED"": true, ""STOCH_CROSS_ENTRY_TRADIER"": true, ""WIN_TRAIL_EROSION_PCT"": 0.0}"
CAT_LONG,,85.43,,,,TOP100_DD30_CAPPED_vec,"{""BOUNCE_AUGMENT_K_D_THRESHOLD"": true, ""DC_EDGE_SIZING_MAX_MULT"": true, ""EMA_DIST_SIZING_MULT"": true, ""REENTRY_MANDATORY"": true, ""REENTRY_TIER1_SIZE_MULT_TRADIER"": true, ""SATOSHIT_ENTRY_ENABLED"": true, ""SATOSHIT_EXIT_ENABLED"": true, ""STOCH_CROSS_ENTRY_TRADIER"": true, ""TRADIER_RSI2_ENABLED"": true, ""WIN_TRAIL_EROSION_PCT"": 0.125, ""WT_EXIT_MIN_TFS"": 4}"
CIBR_LONG,,31.14,,,,TOP100_DD30_CAPPED_vec,"{""ATR_ADAPTIVE_SIZING_ENABLED"": true, ""BOUNCE_AUGMENT_DC_LOW_D_TOLERANCE"": true, ""NOLOSS_ENABLED"": true, ""REENTRY_MANDATORY"": true, ""REENTRY_TIER1_SIZE_MULT_TRADIER"": true}"
COP_SHORT,,10.09,,,,TOP100_DD30_CAPPED_vec,{}
CRWD_LONG,,60.71,,,,TOP100_DD30_CAPPED_vec,{}
CTRA_LONG,,14.13,,,,TOP100_DD30_CAPPED_vec,{}
DE_LONG,,6.88,,,,TOP100_DD30_CAPPED_vec,{}
EPD_LONG,,2.95,,,,TOP100_DD30_CAPPED_vec,{}
ETH_SHORT,,8.46,,,,TOP100_DD30_CAPPED_vec,{}
HL_LONG,,8.18,,,,TOP100_DD30_CAPPED_vec,{}
IBM_LONG,,11.04,,,,TOP100_DD30_CAPPED_vec,{}
MA_LONG,,9.49,,,,TOP100_DD30_CAPPED_vec,{}
MSFT_SHORT,,38.91,,,,TOP100_DD30_CAPPED_vec,{}
OXY_LONG,,61.68,,,,TOP100_DD30_CAPPED_vec,{}
PAAS_LONG,,26.16,,,,TOP100_DD30_CAPPED_vec,{}
PR_SHORT,,8.6,,,,TOP100_DD30_CAPPED_vec,{}
PYPL_SHORT,,8.76,,,,TOP100_DD30_CAPPED_vec,{}
RGLD_LONG,,12.71,,,,TOP100_DD30_CAPPED_vec,{}
RIO_LONG,,77.97,,,,TOP100_DD30_CAPPED_vec,{}
RRC_SHORT,,11.94,,,,TOP100_DD30_CAPPED_vec,{}
RS_LONG,,14.57,,,,TOP100_DD30_CAPPED_vec,{}
RS_SHORT,,7.48,,,,TOP100_DD30_CAPPED_vec,{}
SAP_SHORT,,22.12,,,,TOP100_DD30_CAPPED_vec,{}
SMG_SHORT,,27.43,,,,TOP100_DD30_CAPPED_vec,{}
SOL_SHORT,,10.77,,,,TOP100_DD30_CAPPED_vec,{}
XOM_LONG,,48.96,,,,TOP100_DD30_CAPPED_vec,{}
