Date,Time(UTC),Account,Side,Action,Price,Gain%,Category,Reason(truncated)
2026-05-01,17:30:41,ang,LONG,OPEN,382.72,,REENTRY_FIRED (correct),GUARANTEED_REENTRY_PF_FAVORABLE_SPIKE_htf3_move2.58%_k3m69_exit357.0600_px366.27
2026-05-01,17:34:44,ang,SHORT,QUICK_OPEN,382.72,,QUICK_HEDGE_PROTECT_LONG_LOSS,QUICK_HEDGE_PROTECT_LONG_LOSS
2026-05-01,17:38:50,ang,SHORT,CLOSE,382.72,,QUICK_HEDGE_WT_KILL_LOSER_RECOVER_ZECUSDC_wt3m=48.2/35.6_cf1,QUICK_HEDGE_WT_KILL_LOSER_RECOVER_ZECUSDC_wt3m=48.2/35.6_cf1h=43.0/0.1_g0.0_REDU
2026-05-01,17:39:37,ang,SHORT,STRONG_REDUCE,382.72,,HLR_TOP_EXIT ← FIXED (needs 1.5% now),QUICK_REDUCE_STRONG_REDUCE_k_1m:96/d_1m:95/k_3m:56/d_3m:67_HLR_TOP_EXIT_1h|4h_g=
2026-05-01,17:43:42,ang,SHORT,STRONG_REDUCE,382.84,,HLR_TOP_EXIT ← FIXED (needs 1.5% now),QUICK_REDUCE_STRONG_REDUCE_k_1m:96/d_1m:95/k_3m:56/d_3m:67_HLR_TOP_EXIT_1h|4h_g=
2026-05-01,17:43:55,ang,SHORT,STRONG_REDUCE,382.84,,HLR_TOP_EXIT ← FIXED (needs 1.5% now),QUICK_REDUCE_STRONG_REDUCE_k_1m:96/d_1m:95/k_3m:56/d_3m:67_HLR_TOP_EXIT_1h|4h_g=
2026-05-01,17:44:52,ang,SHORT,STRONG_REDUCE,382.84,,HLR_TOP_EXIT ← FIXED (needs 1.5% now),QUICK_REDUCE_STRONG_REDUCE_k_1m:96/d_1m:95/k_3m:56/d_3m:67_HLR_TOP_EXIT_1h|4h_g=
2026-05-01,17:45:15,ang,SHORT,STRONG_REDUCE,382.72,,HLR_TOP_EXIT ← FIXED (needs 1.5% now),QUICK_REDUCE_STRONG_REDUCE_k_1m:96/d_1m:95/k_3m:56/d_3m:67_HLR_TOP_EXIT_1h|4h_g=
2026-05-01,17:47:54,ang,SHORT,STRONG_REDUCE,382.84,,HLR_TOP_EXIT ← FIXED (needs 1.5% now),QUICK_REDUCE_STRONG_REDUCE_k_1m:96/d_1m:95/k_3m:56/d_3m:67_HLR_TOP_EXIT_1h|4h_g=
2026-05-01,17:49:05,ang,LONG,STRONG_REDUCE,383.01,,HLR_TOP_EXIT ← FIXED (needs 1.5% now),QUICK_REDUCE_STRONG_REDUCE_k_1m:96/d_1m:95/k_3m:56/d_3m:67_HLR_TOP_EXIT_4h|D_g=0
2026-05-01,17:51:06,ang,SHORT,REDUCE,383.01,,QUICK_DC4_HIGH_3M_GAIN_EROSION_STOP_p386.167064>dc4383.89000,QUICK_DC4_HIGH_3M_GAIN_EROSION_STOP_p386.167064>dc4383.890000_g-0.97%
2026-05-01,17:51:42,ang,SHORT,REDUCE,383.01,,QUICK_DC4_HIGH_3M_GAIN_EROSION_STOP_p385.820000>dc4383.43000,QUICK_DC4_HIGH_3M_GAIN_EROSION_STOP_p385.820000>dc4383.430000_g-0.96%
2026-05-01,17:52:08,ang,LONG,STRONG_REDUCE,385.60,,HLR_TOP_EXIT ← FIXED (needs 1.5% now),QUICK_REDUCE_STRONG_REDUCE_k_1m:96/d_1m:95/k_3m:14/d_3m:26_HLR_TOP_EXIT_4h|D_g=0
2026-05-01,17:52:48,ang,SHORT,REDUCE,385.60,,QUICK_DC4_HIGH_3M_GAIN_EROSION_STOP_p385.607861>dc4383.43000,QUICK_DC4_HIGH_3M_GAIN_EROSION_STOP_p385.607861>dc4383.430000_g-0.63%
2026-05-01,17:53:25,ang,SHORT,QUICK_CLOSE,385.60,,QUICK_HEDGE_WT_KILL_LOSER_RECOVER_ZECUSDC_wt3m=48.2/35.6_cf1,QUICK_HEDGE_WT_KILL_LOSER_RECOVER_ZECUSDC_wt3m=48.2/35.6_cf1h=43.0/0.1_g0.0
2026-05-01,17:53:28,ang,LONG,STRONG_REDUCE,385.60,,HLR_TOP_EXIT ← FIXED (needs 1.5% now),QUICK_REDUCE_STRONG_REDUCE_k_1m:96/d_1m:95/k_3m:14/d_3m:26_HLR_TOP_EXIT_4h|D_g=0
2026-05-01,17:53:39,ang,SHORT,QUICK_CLOSE,385.60,,QUICK_BANDAID_OFF_FIRST_wt15m_37.2>20.6_hgain-0.27%,QUICK_BANDAID_OFF_FIRST_wt15m_37.2>20.6_hgain-0.27%
2026-05-01,17:54:49,ang,LONG,STRONG_REDUCE,385.60,,HLR_TOP_EXIT ← FIXED (needs 1.5% now),QUICK_REDUCE_STRONG_REDUCE_k_1m:96/d_1m:95/k_3m:26/d_3m:18_HLR_TOP_EXIT_4h|D_g=0
2026-05-01,17:56:07,ang,SHORT,REDUCE,385.60,,OVERBOUGHT_STOCH_REDUCE,QUICK_REDUCE_REDUCE_k_1m:96/d_1m:95/k_3m:26/d_3m:18_HLR_TOP_EXIT_1h|4h_g=0.00%_R
2026-05-01,17:56:20,ang,SHORT,REDUCE,383.01,,QUICK_DC4_HIGH_3M_GAIN_EROSION_STOP_p384.188031>dc4383.89000,QUICK_DC4_HIGH_3M_GAIN_EROSION_STOP_p384.188031>dc4383.890000_g-0.68%
2026-05-01,17:56:40,ang,SHORT,REDUCE,385.60,,OVERBOUGHT_STOCH_REDUCE,QUICK_REDUCE_REDUCE_k_1m:96/d_1m:95/k_3m:26/d_3m:18_HLR_TOP_EXIT_1h|4h_g=0.00%_R
2026-05-01,17:59:04,ang,SHORT,REDUCE,385.60,,QUICK_HEDGE_ORPHAN_KILL_no_original,QUICK_HEDGE_ORPHAN_KILL_no_original
2026-05-01,18:02:04,ang,SHORT,REDUCE,385.60,,QUICK_HEDGE_ORPHAN_KILL_no_original,QUICK_HEDGE_ORPHAN_KILL_no_original
2026-05-01,18:03:17,ang,SHORT,REDUCE,385.60,,QUICK_HEDGE_ORPHAN_KILL_no_original,QUICK_HEDGE_ORPHAN_KILL_no_original
2026-05-01,18:05:37,ang,SHORT,REDUCE,385.60,,QUICK_HEDGE_ORPHAN_KILL_no_original,QUICK_HEDGE_ORPHAN_KILL_no_original
2026-05-01,18:24:54,ang,SHORT,REDUCE,389.79,,QUICK_DC4_HIGH_3M_GAIN_EROSION_STOP_p389.790000>dc4389.15000,QUICK_DC4_HIGH_3M_GAIN_EROSION_STOP_p389.790000>dc4389.150000_g-2.30%
2026-05-01,18:35:52,ang,SHORT,REDUCE,390.70,,QUICK_DC4_HIGH_3M_GAIN_EROSION_STOP_p391.520000>dc4389.15000,QUICK_DC4_HIGH_3M_GAIN_EROSION_STOP_p391.520000>dc4389.150000_g-2.49%
2026-05-01,19:07:52,ang,SHORT,CLOSE,383.50,,BE_EROSION_STOP,QUICK_BREAKEVEN_GAIN_EROSION_STOP_age48139m_gain0.22%
2026-05-01,19:09:46,ang,SHORT,CLOSE,383.50,,BE_EROSION_STOP,QUICK_BREAKEVEN_GAIN_EROSION_STOP_age48141m_gain0.00%
2026-05-01,19:10:29,ang,SHORT,REDUCE,383.50,,BE_EROSION_STOP,QUICK_BREAKEVEN_GAIN_EROSION_STOP_age48142m_gain0.06%
2026-05-01,19:13:10,ang,SHORT,REDUCE,383.50,,BE_EROSION_STOP,QUICK_BREAKEVEN_GAIN_EROSION_STOP_age48144m_gain0.17%
2026-05-01,19:14:47,ang,SHORT,REDUCE,383.50,,BE_EROSION_STOP,QUICK_BREAKEVEN_GAIN_EROSION_STOP_age48146m_gain0.17%
2026-05-02,23:21:08,ang,LONG,OPEN,359.02,,REENTRY_FIRED (correct),GUARANTEED_REENTRY_P1_BOTTOM_BOUNCE_1m_3m_BULL_prev-31.3_htf2_k3m1_exit357.0600_
2026-05-03,16:57:49,ang,LONG,OPEN,359.02,,REENTRY_FIRED (correct),GUARANTEED_REENTRY_CROSSED_u60_kbias_SAFE_k3m6_exit357.0600_px359.0215_mult1.00_
2026-05-03,17:30:05,ang,SHORT,QUICK_OPEN,359.02,,QUICK_HEDGE_PROTECT_LONG_LOSS,QUICK_HEDGE_PROTECT_LONG_LOSS
2026-05-03,18:02:29,ang,SHORT,QUICK_OPEN,359.02,,QUICK_HEDGE_PROTECT_LONG_LOSS,QUICK_HEDGE_PROTECT_LONG_LOSS
2026-05-03,18:51:16,ang,LONG,STRONG_REDUCE,359.02,,HLR_TOP_EXIT ← FIXED (needs 1.5% now),QUICK_REDUCE_STRONG_REDUCE_k_1m:96/d_1m:95/k_3m:96/d_3m:96_HLR_TOP_EXIT_1h|4h_g=
2026-05-03,22:06:39,ang,LONG,OPEN,408.40,,REENTRY_FIRED (correct),GUARANTEED_REENTRY_PF_FAVORABLE_SPIKE_htf3_move2.01%_k3m16_exit397.6361_px405.61
2026-05-03,22:59:26,ang,LONG,OPEN,359.02,,REENTRY_FIRED (correct),GUARANTEED_REENTRY_PF_FAVORABLE_SPIKE_htf3_move3.70%_k3m33_exit397.6361_px412.36
2026-05-04,22:10:52,ang,LONG,OPEN,429.05,,REENTRY_FIRED (correct),GUARANTEED_REENTRY_AGGR_0_30m_STx3_k3m5_exit357.0600_px359.0215_mult1.00_elapsed
2026-05-05,01:39:22,ang,LONG,OPEN,359.02,,REENTRY_FIRED (correct),GUARANTEED_REENTRY_PF_FAVORABLE_SPIKE_htf2_move19.09%_k3m34_exit357.0600_px425.2
2026-05-05,09:15:36,ang,SHORT,OPEN,359.02,,REENTRY_FIRED (correct),GUARANTEED_REENTRY_NOCROSS_FULLSTACK_htf2_o60_SAFE_k3m49_exit347.6400_px359.0215
2026-05-01,23:00:01,fin,LONG,OPEN,359.02,,REENTRY_FIRED (correct),GUARANTEED_REENTRY_CROSSED_o60_FULLSTACK_htf2_SAFE_k3m47_exit357.0600_px359.0215
2026-05-02,01:41:15,fin,LONG,OPEN,359.02,,REENTRY_FIRED (correct),GUARANTEED_REENTRY_P1_BOTTOM_BOUNCE_1m_3m_BULL_prev-16.1_htf2_k3m60_exit357.0600
2026-05-02,20:57:51,fin,LONG,OPEN,359.02,,REENTRY_FIRED (correct),GUARANTEED_REENTRY_PF_FAVORABLE_SPIKE_htf2_move7.43%_K15M_OVERHEAT_0.50x(k15=99)
2026-05-02,23:33:09,fin,LONG,OPEN,359.02,,REENTRY_FIRED (correct),GUARANTEED_REENTRY_P1_BOTTOM_BOUNCE_1m_3m_BULL_prev-31.3_htf2_k3m1_exit357.0600_
2026-05-03,02:17:18,fin,SHORT,QUICK_OPEN,359.02,,QUICK_HEDGE_PROTECT_LONG_LOSS,QUICK_HEDGE_PROTECT_LONG_LOSS
2026-05-03,02:59:13,fin,SHORT,QUICK_OPEN,359.02,,QUICK_HEDGE_PROTECT_LONG_LOSS,QUICK_HEDGE_PROTECT_LONG_LOSS
2026-05-03,04:00:15,fin,SHORT,QUICK_OPEN,359.02,,QUICK_HEDGE_PROTECT_LONG_LOSS,QUICK_HEDGE_PROTECT_LONG_LOSS
2026-05-03,04:42:36,fin,LONG,REDUCE,359.02,,BE_EROSION_STOP,QUICK_BREAKEVEN_GAIN_EROSION_STOP_age66388m_gain0.19%
2026-05-03,04:54:55,fin,LONG,REENTRY,359.02,,REENTRY_FIRED (correct),GUARANTEED_PRICE_CROSS_REENTRY_DISK_LONG_exit357.060000_cur383.550000_partial0.5
2026-05-03,05:00:23,fin,LONG,REENTRY,359.02,,REENTRY_FIRED (correct),GUARANTEED_PRICE_CROSS_REENTRY_DISK_LONG_exit357.060000_cur383.550000_partial0.5
2026-05-03,06:23:18,fin,LONG,OPEN,359.02,,REENTRY_FIRED (correct),GUARANTEED_REENTRY_PF_FAVORABLE_SPIKE_htf2_move6.84%_k3m21_exit359.0215_px383.58
2026-05-03,11:50:22,fin,SHORT,REENTRY,359.02,,REENTRY_FIRED (correct),GUARANTEED_PRICE_CROSS_REENTRY_DISK_SHORT_exit381.119248_cur357.060000_partial0.
2026-05-03,12:51:02,fin,LONG,OPEN,359.02,,REENTRY_FIRED (correct),GUARANTEED_REENTRY_P1_BOTTOM_BOUNCE_1m_3m_BULL_prev-33.0_htf3_k3m64_exit357.0600
2026-05-03,12:57:16,fin,SHORT,REENTRY,359.02,,REENTRY_FIRED (correct),GUARANTEED_PRICE_CROSS_REENTRY_DISK_SHORT_exit381.119248_cur357.060000_partial0.
2026-05-03,13:06:14,fin,SHORT,REENTRY,359.02,,REENTRY_FIRED (correct),GUARANTEED_PRICE_CROSS_REENTRY_DISK_SHORT_exit381.119248_cur357.060000_partial0.
2026-05-03,13:16:04,fin,SHORT,REENTRY,359.02,,REENTRY_FIRED (correct),GUARANTEED_PRICE_CROSS_REENTRY_DISK_SHORT_exit381.119248_cur357.060000_partial0.
2026-05-03,13:34:27,fin,LONG,OPEN,359.02,,REENTRY_FIRED (correct),GUARANTEED_REENTRY_PF_FAVORABLE_SPIKE_htf3_move12.67%_k3m17_exit357.0600_px402.3
2026-05-03,13:51:29,fin,SHORT,REENTRY,359.02,,REENTRY_FIRED (correct),GUARANTEED_PRICE_CROSS_REENTRY_DISK_SHORT_exit381.119248_cur357.060000_partial0.
2026-05-03,14:00:17,fin,SHORT,REENTRY,359.02,,REENTRY_FIRED (correct),GUARANTEED_PRICE_CROSS_REENTRY_DISK_SHORT_exit381.119248_cur357.060000_partial0.
2026-05-03,16:56:58,fin,LONG,OPEN,359.02,,REENTRY_FIRED (correct),GUARANTEED_REENTRY_PF_FAVORABLE_SPIKE_htf3_move11.30%_k3m9_exit357.0600_px397.40
2026-05-03,17:22:05,fin,SHORT,REENTRY,397.67,,REENTRY_FIRED (correct),GUARANTEED_PRICE_CROSS_REENTRY_DISK_SHORT_exit381.119248_cur357.060000_partial0.
2026-05-03,17:29:59,fin,SHORT,REENTRY,359.02,,REENTRY_FIRED (correct),GUARANTEED_PRICE_CROSS_REENTRY_DISK_SHORT_exit381.119248_cur357.060000_partial0.
2026-05-03,17:54:29,fin,SHORT,REENTRY,359.02,,REENTRY_FIRED (correct),GUARANTEED_PRICE_CROSS_REENTRY_DISK_SHORT_exit381.119248_cur357.060000_partial0.
2026-05-03,18:12:23,fin,SHORT,REENTRY,359.02,,REENTRY_FIRED (correct),GUARANTEED_PRICE_CROSS_REENTRY_DISK_SHORT_exit381.119248_cur357.060000_partial0.
2026-05-03,18:22:18,fin,SHORT,REENTRY,397.98,,REENTRY_FIRED (correct),GUARANTEED_PRICE_CROSS_REENTRY_DISK_SHORT_exit381.119248_cur357.060000_partial0.
2026-05-03,19:19:06,fin,LONG,OPEN,403.22,,REENTRY_FIRED (correct),GUARANTEED_REENTRY_PF_FAVORABLE_SPIKE_htf3_move12.93%_k3m14_exit357.0600_px403.2
2026-05-03,20:20:07,fin,LONG,OPEN,405.50,,REENTRY_FIRED (correct),GUARANTEED_REENTRY_PF_FAVORABLE_SPIKE_htf2_move13.57%_k3m28_exit357.0600_px405.5
2026-05-03,20:35:35,fin,SHORT,REENTRY,359.02,,REENTRY_FIRED (correct),GUARANTEED_PRICE_CROSS_REENTRY_DISK_SHORT_exit381.119248_cur357.060000_partial0.
2026-05-03,20:44:19,fin,SHORT,REENTRY,359.02,,REENTRY_FIRED (correct),GUARANTEED_PRICE_CROSS_REENTRY_DISK_SHORT_exit381.119248_cur357.060000_partial0.
2026-05-03,20:53:10,fin,SHORT,REENTRY,359.02,,REENTRY_FIRED (correct),GUARANTEED_PRICE_CROSS_REENTRY_DISK_SHORT_exit381.119248_cur357.060000_partial0.
2026-05-03,21:01:48,fin,SHORT,REENTRY,405.97,,REENTRY_FIRED (correct),GUARANTEED_PRICE_CROSS_REENTRY_DISK_SHORT_exit381.119248_cur357.060000_partial0.
2026-05-03,21:31:20,fin,SHORT,REENTRY,359.02,,REENTRY_FIRED (correct),GUARANTEED_PRICE_CROSS_REENTRY_DISK_SHORT_exit381.119248_cur357.060000_partial0.
2026-05-03,21:59:53,fin,LONG,OPEN,405.46,,REENTRY_FIRED (correct),GUARANTEED_REENTRY_PF_FAVORABLE_SPIKE_htf3_move13.60%_k3m16_exit357.0600_px405.6
2026-05-03,22:48:45,fin,LONG,OPEN,359.02,,REENTRY_FIRED (correct),GUARANTEED_REENTRY_PF_FAVORABLE_SPIKE_htf3_move15.03%_k3m37_exit357.0600_px410.7
2026-05-04,11:39:08,fin,SHORT,OPEN,359.02,,REENTRY_FIRED (correct),GUARANTEED_REENTRY_PF_FAVORABLE_DROP_htf2_move-5.80%_k3m23_exit381.1192_px359.02
2026-05-04,11:49:35,fin,SHORT,REENTRY,359.02,,REENTRY_FIRED (correct),GUARANTEED_PRICE_CROSS_REENTRY_DISK_SHORT_exit381.119248_cur357.060000_partial0.
2026-05-04,14:31:41,fin,SHORT,REENTRY,413.64,,REENTRY_FIRED (correct),GUARANTEED_PRICE_CROSS_REENTRY_DISK_SHORT_exit381.119248_cur357.060000_partial0.
2026-05-04,18:42:47,fin,LONG,OPEN,359.02,,REENTRY_FIRED (correct),GUARANTEED_REENTRY_CROSSED_o60_FULLSTACK_htf2_SAFE_k3m5_exit357.0600_px359.0215_
2026-05-05,00:25:20,fin,SHORT,REENTRY,359.02,,REENTRY_FIRED (correct),GUARANTEED_PRICE_CROSS_REENTRY_DISK_SHORT_exit381.119248_cur357.060000_partial0.
2026-05-05,00:31:26,fin,SHORT,REENTRY,359.02,,REENTRY_FIRED (correct),GUARANTEED_PRICE_CROSS_REENTRY_DISK_SHORT_exit381.119248_cur357.060000_partial0.
2026-05-05,00:55:32,fin,SHORT,REENTRY,423.94,,REENTRY_FIRED (correct),GUARANTEED_PRICE_CROSS_REENTRY_DISK_SHORT_exit381.119248_cur357.060000_partial0.
2026-05-05,01:04:13,fin,SHORT,REENTRY,359.02,,REENTRY_FIRED (correct),GUARANTEED_PRICE_CROSS_REENTRY_DISK_SHORT_exit381.119248_cur357.060000_partial0.
2026-05-05,01:41:51,fin,LONG,OPEN,359.02,,REENTRY_FIRED (correct),GUARANTEED_REENTRY_PF_FAVORABLE_SPIKE_htf2_move19.09%_k3m34_exit357.0600_px425.2
2026-05-05,09:06:23,fin,SHORT,OPEN,359.02,,REENTRY_FIRED (correct),GUARANTEED_REENTRY_PF_FAVORABLE_DROP_htf2_move-5.80%_k3m49_exit381.1192_px359.02
2026-05-06,00:15:07,fin,SHORT,OPEN,359.02,,GOLDEN_RULE_SHORT ← against trend,GOLDEN_RULE_SHORT_mult2.0_INTERVENTION
2026-05-06,22:16:19,fin,SHORT,OPEN,555.91,,GOLDEN_RULE_SHORT ← against trend,GOLDEN_RULE_SHORT_mult1.0_INTERVENTION
2026-05-06,22:29:17,fin,SHORT,OPEN,555.91,,GOLDEN_RULE_SHORT ← against trend,GOLDEN_RULE_SHORT_mult1.0_INTERVENTION
2026-05-07,01:01:01,fin,SHORT,OPEN,550.03,,GOLDEN_RULE_SHORT ← against trend,GOLDEN_RULE_SHORT_mult1.0_INTERVENTION
2026-05-05,22:00:48,flz,SHORT,OPEN,521.05,,GOLDEN_RULE_SHORT ← against trend,GOLDEN_RULE_SHORT_mult4_INTERVENTION
2026-05-05,22:20:23,flz,SHORT,CLOSE,359.02,,CB_HTF_EXHAUST_BAD_ENTRY: g=-0.95% age=17m wt_against_at_ent,CB_HTF_EXHAUST_BAD_ENTRY: g=-0.95% age=17m wt_against_at_entry=3/5 dc_wrong
2026-05-05,22:27:40,flz,SHORT,OPEN,359.02,,GOLDEN_RULE_SHORT ← against trend,GOLDEN_RULE_SHORT_mult4_INTERVENTION
2026-05-05,22:43:09,flz,SHORT,CLOSE,359.02,,FLZ_AGENT_FORCE_CLOSE(PROFIT_TAKE_MTF_REVERSE),FLZ_AGENT_FORCE_CLOSE(PROFIT_TAKE_MTF_REVERSE)
2026-05-05,22:43:54,flz,SHORT,CLOSE,359.02,,FLZ_AGENT_FORCE_CLOSE(PROFIT_TAKE_MTF_REVERSE),FLZ_AGENT_FORCE_CLOSE(PROFIT_TAKE_MTF_REVERSE)
2026-05-05,22:44:37,flz,SHORT,CLOSE,359.02,,FLZ_AGENT_FORCE_CLOSE(PROFIT_TAKE_MTF_REVERSE),FLZ_AGENT_FORCE_CLOSE(PROFIT_TAKE_MTF_REVERSE)
2026-05-05,23:23:34,flz,SHORT,OPEN,359.02,,GOLDEN_RULE_SHORT ← against trend,GOLDEN_RULE_SHORT_mult2.0_INTERVENTION
2026-05-05,23:41:39,flz,SHORT,REDUCE,359.02,,BE_EROSION_STOP,QUICK_BREAKEVEN_GAIN_EROSION_STOP_age101m_gain0.28%
2026-05-05,23:43:51,flz,SHORT,OPEN,359.02,,GOLDEN_RULE_SHORT ← against trend,GOLDEN_RULE_SHORT_mult2.0_INTERVENTION
2026-05-06,00:00:37,flz,SHORT,REDUCE,515.01,,PEAK_GIVEBACK_STOP,QUICK_PEAK_GIVEBACK_GAIN_EROSION_STOP_peak30.99%_drop0.5%_cur-0.50%
2026-05-06,00:15:14,flz,SHORT,OPEN,359.02,,GOLDEN_RULE_SHORT ← against trend,GOLDEN_RULE_SHORT_mult2.0_INTERVENTION
2026-05-06,00:33:10,flz,SHORT,QUICK_CLOSE,359.02,,WT_4H_VEL_EXIT_vel=90.1_g=1.48%_k3m=32_k15m=6_MANDATORY_REEN,WT_4H_VEL_EXIT_vel=90.1_g=1.48%_k3m=32_k15m=6_MANDATORY_REENTRY
2026-05-06,02:24:33,flz,SHORT,OPEN,359.02,,GOLDEN_RULE_SHORT ← against trend,GOLDEN_RULE_SHORT_mult2.0_INTERVENTION
2026-05-06,02:24:59,flz,SHORT,CLOSE,359.02,,DC_BB_BREAK_UP → closes SHORT (correct),DC_BB_D_BREAK_REVERSE_close_DC_BREAK_UP
2026-05-06,03:10:50,flz,SHORT,OPEN,359.02,,GOLDEN_RULE_SHORT ← against trend,GOLDEN_RULE_SHORT_mult2.0_INTERVENTION
2026-05-06,03:11:07,flz,SHORT,CLOSE,359.02,,DC_BB_BREAK_UP → closes SHORT (correct),DC_BB_D_BREAK_REVERSE_close_DC_BREAK_UP
2026-05-06,03:11:49,flz,SHORT,CLOSE,527.33,,DC_BB_BREAK_UP → closes SHORT (correct),DC_BB_D_BREAK_REVERSE_close_DC_BREAK_UP
2026-05-06,03:12:31,flz,SHORT,CLOSE,359.02,,DC_BB_BREAK_UP → closes SHORT (correct),DC_BB_D_BREAK_REVERSE_close_DC_BREAK_UP
2026-05-06,03:28:27,flz,SHORT,OPEN,359.02,,GOLDEN_RULE_SHORT ← against trend,GOLDEN_RULE_SHORT_mult2.0_INTERVENTION
2026-05-06,03:31:34,flz,SHORT,CLOSE,359.02,,DC_BB_BREAK_UP → closes SHORT (correct),DC_BB_D_BREAK_REVERSE_close_DC_BREAK_UP
2026-05-06,03:45:50,flz,SHORT,CLOSE,359.02,,DC_BB_BREAK_UP → closes SHORT (correct),DC_BB_D_BREAK_REVERSE_close_DC_BREAK_UP
2026-05-06,05:14:53,flz,LONG,OPEN,531.13,,GOLDEN_RULE_LONG,GOLDEN_RULE_LONG_mult3.0_INTERVENTION
2026-05-06,05:15:17,flz,LONG,CLOSE,531.13,,DC_CROSSBACK_TO_SHORT ← FIXED,DC_BB_D_BREAK_REVERSE_close_DC_CROSSBACK_TO_SHORT
2026-05-06,05:49:03,flz,LONG,OPEN,541.82,,GOLDEN_RULE_LONG,GOLDEN_RULE_LONG_mult3.0_INTERVENTION
2026-05-06,05:49:28,flz,LONG,CLOSE,541.82,,DC_CROSSBACK_TO_SHORT ← FIXED,DC_BB_D_BREAK_REVERSE_close_DC_CROSSBACK_TO_SHORT
2026-05-06,06:27:18,flz,LONG,OPEN,546.87,,GOLDEN_RULE_LONG,GOLDEN_RULE_LONG_mult3.0_INTERVENTION
2026-05-06,06:27:41,flz,LONG,CLOSE,546.87,,DC_CROSSBACK_TO_SHORT ← FIXED,DC_BB_D_BREAK_REVERSE_close_DC_CROSSBACK_TO_SHORT
2026-05-06,06:28:38,flz,LONG,CLOSE,546.23,,DC_CROSSBACK_TO_SHORT ← FIXED,DC_BB_D_BREAK_REVERSE_close_DC_CROSSBACK_TO_SHORT
2026-05-06,06:29:05,flz,LONG,CLOSE,546.23,,DC_CROSSBACK_TO_SHORT ← FIXED,DC_BB_D_BREAK_REVERSE_close_DC_CROSSBACK_TO_SHORT
2026-05-06,06:29:25,flz,LONG,CLOSE,546.23,,DC_CROSSBACK_TO_SHORT ← FIXED,DC_BB_D_BREAK_REVERSE_close_DC_CROSSBACK_TO_SHORT
2026-05-06,06:37:13,flz,LONG,CLOSE,540.70,,DC_CROSSBACK_TO_SHORT ← FIXED,DC_BB_D_BREAK_REVERSE_close_DC_CROSSBACK_TO_SHORT
2026-05-06,06:45:18,flz,LONG,CLOSE,541.44,,DC_CROSSBACK_TO_SHORT ← FIXED,DC_BB_D_BREAK_REVERSE_close_DC_CROSSBACK_TO_SHORT
2026-05-06,06:46:35,flz,LONG,CLOSE,541.44,,DC_CROSSBACK_TO_SHORT ← FIXED,DC_BB_D_BREAK_REVERSE_close_DC_CROSSBACK_TO_SHORT
2026-05-06,06:48:39,flz,SHORT,OPEN,541.44,,DC_CROSSBACK_TO_SHORT ← FIXED,DC_BB_D_BREAK_REVERSE_open_DC_CROSSBACK_TO_SHORT
2026-05-06,06:48:59,flz,SHORT,CLOSE,541.44,,DC_BB_BREAK_UP → closes SHORT (correct),DC_BB_D_BREAK_REVERSE_close_DC_BREAK_UP
2026-05-06,06:49:59,flz,LONG,CLOSE,541.44,,DC_CROSSBACK_TO_SHORT ← FIXED,DC_BB_D_BREAK_REVERSE_close_DC_CROSSBACK_TO_SHORT
2026-05-06,06:51:17,flz,LONG,CLOSE,541.44,,DC_CROSSBACK_TO_SHORT ← FIXED,DC_BB_D_BREAK_REVERSE_close_DC_CROSSBACK_TO_SHORT
2026-05-06,06:51:45,flz,LONG,CLOSE,541.44,,DC_CROSSBACK_TO_SHORT ← FIXED,DC_BB_D_BREAK_REVERSE_close_DC_CROSSBACK_TO_SHORT
2026-05-06,06:52:58,flz,LONG,CLOSE,543.38,,DC_CROSSBACK_TO_SHORT ← FIXED,DC_BB_D_BREAK_REVERSE_close_DC_CROSSBACK_TO_SHORT
2026-05-06,06:53:26,flz,LONG,CLOSE,543.38,,DC_CROSSBACK_TO_SHORT ← FIXED,DC_BB_D_BREAK_REVERSE_close_DC_CROSSBACK_TO_SHORT
2026-05-06,06:54:45,flz,LONG,CLOSE,543.38,,DC_CROSSBACK_TO_SHORT ← FIXED,DC_BB_D_BREAK_REVERSE_close_DC_CROSSBACK_TO_SHORT
2026-05-06,06:55:13,flz,LONG,CLOSE,543.38,,DC_CROSSBACK_TO_SHORT ← FIXED,DC_BB_D_BREAK_REVERSE_close_DC_CROSSBACK_TO_SHORT
2026-05-06,06:56:29,flz,LONG,CLOSE,543.38,,DC_CROSSBACK_TO_SHORT ← FIXED,DC_BB_D_BREAK_REVERSE_close_DC_CROSSBACK_TO_SHORT
2026-05-06,07:10:50,flz,LONG,AUGMENT,579.49,,GOLDEN_RULE_LONG,GOLDEN_RULE_LONG_mult3.0_INTERVENTION
2026-05-06,07:17:31,flz,LONG,CLOSE,579.49,,DC_CROSSBACK_TO_SHORT ← FIXED,DC_BB_D_BREAK_REVERSE_close_DC_CROSSBACK_TO_SHORT
2026-05-06,07:48:16,flz,LONG,OPEN,591.84,,GOLDEN_RULE_LONG,GOLDEN_RULE_LONG_mult3.0_INTERVENTION
2026-05-06,07:48:36,flz,LONG,CLOSE,591.84,,DC_CROSSBACK_TO_SHORT ← FIXED,DC_BB_D_BREAK_REVERSE_close_DC_CROSSBACK_TO_SHORT
2026-05-06,08:09:52,flz,LONG,OPEN,589.54,,GOLDEN_RULE_LONG,GOLDEN_RULE_LONG_mult3.0_INTERVENTION
2026-05-06,08:10:12,flz,LONG,CLOSE,589.54,,DC_CROSSBACK_TO_SHORT ← FIXED,DC_BB_D_BREAK_REVERSE_close_DC_CROSSBACK_TO_SHORT
2026-05-06,12:15:41,flz,LONG,QUICK_OPEN,571.09,,QUICK_OPEN_BUY_k1:96/d195/k3:46.222487322197125/d3:43.178190,QUICK_OPEN_BUY_k1:96/d195/k3:46.222487322197125/d3:43.17819071985787_@590.6758_T
2026-05-06,12:16:18,flz,LONG,CLOSE,571.09,,DC_CROSSBACK_TO_SHORT ← FIXED,DC_BB_D_BREAK_REVERSE_close_DC_CROSSBACK_TO_SHORT
2026-05-06,12:17:16,flz,LONG,CLOSE,567.49,,WT15M_AGAINST_FORCE_CLOSE_w1-4.8_w2-3.9,WT15M_AGAINST_FORCE_CLOSE_w1-4.8_w2-3.9
2026-05-06,12:18:11,flz,LONG,CLOSE,567.49,,DC_CROSSBACK_TO_SHORT ← FIXED,DC_BB_D_BREAK_REVERSE_close_DC_CROSSBACK_TO_SHORT
2026-05-06,12:19:40,flz,LONG,CLOSE,567.49,,DC_CROSSBACK_TO_SHORT ← FIXED,DC_BB_D_BREAK_REVERSE_close_DC_CROSSBACK_TO_SHORT
2026-05-06,16:11:00,flz,LONG,CLOSE,582.62,,DC_CROSSBACK_TO_SHORT ← FIXED,DC_BB_D_BREAK_REVERSE_close_DC_CROSSBACK_TO_SHORT
2026-05-06,16:13:07,flz,LONG,CLOSE,582.62,,DC_CROSSBACK_TO_SHORT ← FIXED,DC_BB_D_BREAK_REVERSE_close_DC_CROSSBACK_TO_SHORT
2026-05-06,17:19:02,flz,SHORT,OPEN,359.02,,GOLDEN_RULE_SHORT ← against trend,GOLDEN_RULE_SHORT_mult2.0_INTERVENTION
2026-05-06,17:36:43,flz,SHORT,CLOSE,359.02,,DC_BB_BREAK_UP → closes SHORT (correct),DC_BB_D_BREAK_REVERSE_close_DC_BREAK_UP
2026-05-06,17:56:23,flz,SHORT,OPEN,359.02,,GOLDEN_RULE_SHORT ← against trend,GOLDEN_RULE_SHORT_mult2.0_INTERVENTION
2026-05-06,17:56:52,flz,SHORT,CLOSE,359.02,,DC_BB_BREAK_UP → closes SHORT (correct),DC_BB_D_BREAK_REVERSE_close_DC_BREAK_UP
2026-05-06,17:58:11,flz,SHORT,CLOSE,359.02,,DC_BB_BREAK_UP → closes SHORT (correct),DC_BB_D_BREAK_REVERSE_close_DC_BREAK_UP
2026-05-06,17:58:40,flz,SHORT,CLOSE,359.02,,DC_BB_BREAK_UP → closes SHORT (correct),DC_BB_D_BREAK_REVERSE_close_DC_BREAK_UP
2026-05-06,17:59:57,flz,SHORT,CLOSE,359.02,,DC_BB_BREAK_UP → closes SHORT (correct),DC_BB_D_BREAK_REVERSE_close_DC_BREAK_UP
2026-05-06,18:00:54,flz,SHORT,CLOSE,359.02,,DC_BB_BREAK_UP → closes SHORT (correct),DC_BB_D_BREAK_REVERSE_close_DC_BREAK_UP
2026-05-06,18:02:02,flz,SHORT,CLOSE,359.02,,DC_BB_BREAK_UP → closes SHORT (correct),DC_BB_D_BREAK_REVERSE_close_DC_BREAK_UP
2026-05-06,18:02:30,flz,SHORT,CLOSE,359.02,,DC_BB_BREAK_UP → closes SHORT (correct),DC_BB_D_BREAK_REVERSE_close_DC_BREAK_UP
2026-05-06,18:04:07,flz,SHORT,CLOSE,569.81,,DC_BB_BREAK_UP → closes SHORT (correct),DC_BB_D_BREAK_REVERSE_close_DC_BREAK_UP
2026-05-06,18:05:29,flz,SHORT,CLOSE,569.81,,DC_BB_BREAK_UP → closes SHORT (correct),DC_BB_D_BREAK_REVERSE_close_DC_BREAK_UP
2026-05-06,18:06:50,flz,SHORT,CLOSE,359.02,,DC_BB_BREAK_UP → closes SHORT (correct),DC_BB_D_BREAK_REVERSE_close_DC_BREAK_UP
2026-05-06,18:08:20,flz,SHORT,CLOSE,359.02,,DC_BB_BREAK_UP → closes SHORT (correct),DC_BB_D_BREAK_REVERSE_close_DC_BREAK_UP
2026-05-06,18:09:38,flz,SHORT,CLOSE,359.02,,DC_BB_BREAK_UP → closes SHORT (correct),DC_BB_D_BREAK_REVERSE_close_DC_BREAK_UP
2026-05-06,18:10:08,flz,SHORT,CLOSE,570.36,,DC_BB_BREAK_UP → closes SHORT (correct),DC_BB_D_BREAK_REVERSE_close_DC_BREAK_UP
2026-05-06,18:11:26,flz,SHORT,CLOSE,568.78,,DC_BB_BREAK_UP → closes SHORT (correct),DC_BB_D_BREAK_REVERSE_close_DC_BREAK_UP
2026-05-06,18:12:26,flz,SHORT,CLOSE,359.02,,DC_BB_BREAK_UP → closes SHORT (correct),DC_BB_D_BREAK_REVERSE_close_DC_BREAK_UP
2026-05-06,18:32:26,flz,LONG,OPEN,359.02,,DC_BB_BREAK_UP → opens LONG (correct),DC_BB_D_BREAK_REVERSE_open_DC_BREAK_UP
2026-05-06,18:33:15,flz,LONG,CLOSE,359.02,,DC_CROSSBACK_TO_SHORT ← FIXED,DC_BB_D_BREAK_REVERSE_close_DC_CROSSBACK_TO_SHORT
2026-05-06,18:33:25,flz,SHORT,CLOSE,359.02,,DC_BB_BREAK_UP → closes SHORT (correct),DC_BB_D_BREAK_REVERSE_close_DC_BREAK_UP
2026-05-06,18:34:26,flz,LONG,CLOSE,359.02,,DC_CROSSBACK_TO_SHORT ← FIXED,DC_BB_D_BREAK_REVERSE_close_DC_CROSSBACK_TO_SHORT
2026-05-06,18:35:02,flz,LONG,CLOSE,359.02,,DC_CROSSBACK_TO_SHORT ← FIXED,DC_BB_D_BREAK_REVERSE_close_DC_CROSSBACK_TO_SHORT
2026-05-06,18:36:06,flz,SHORT,CLOSE,359.02,,DC_BB_BREAK_UP → closes SHORT (correct),DC_BB_D_BREAK_REVERSE_close_DC_BREAK_UP
2026-05-06,18:40:20,flz,SHORT,CLOSE,359.02,,DC_BB_BREAK_UP → closes SHORT (correct),DC_BB_D_BREAK_REVERSE_close_DC_BREAK_UP
2026-05-06,18:41:25,flz,SHORT,OPEN,359.02,,GOLDEN_RULE_SHORT ← against trend,GOLDEN_RULE_SHORT_mult2.0_INTERVENTION
2026-05-06,18:41:58,flz,SHORT,CLOSE,359.02,,DC_BB_BREAK_UP → closes SHORT (correct),DC_BB_D_BREAK_REVERSE_close_DC_BREAK_UP
2026-05-06,18:44:28,flz,SHORT,CLOSE,359.02,,DC_BB_BREAK_UP → closes SHORT (correct),DC_BB_D_BREAK_REVERSE_close_DC_BREAK_UP
2026-05-06,18:45:45,flz,SHORT,CLOSE,359.02,,DC_BB_BREAK_UP → closes SHORT (correct),DC_BB_D_BREAK_REVERSE_close_DC_BREAK_UP
2026-05-06,18:46:09,flz,SHORT,CLOSE,359.02,,DC_BB_BREAK_UP → closes SHORT (correct),DC_BB_D_BREAK_REVERSE_close_DC_BREAK_UP
2026-05-06,18:48:01,flz,SHORT,CLOSE,568.36,,DC_BB_BREAK_UP → closes SHORT (correct),DC_BB_D_BREAK_REVERSE_close_DC_BREAK_UP
2026-05-06,19:04:48,flz,SHORT,OPEN,359.02,,GOLDEN_RULE_SHORT ← against trend,GOLDEN_RULE_SHORT_mult2.0_INTERVENTION
2026-05-06,19:05:06,flz,SHORT,CLOSE,359.02,,DC_BB_BREAK_UP → closes SHORT (correct),DC_BB_D_BREAK_REVERSE_close_DC_BREAK_UP
2026-05-06,22:16:47,flz,SHORT,OPEN,555.91,,GOLDEN_RULE_SHORT ← against trend,GOLDEN_RULE_SHORT_mult1.0_INTERVENTION
2026-05-06,22:19:51,flz,SHORT,CLOSE,556.09,,DC_BB_BREAK_UP → closes SHORT (correct),DC_BB_D_BREAK_REVERSE_close_DC_BREAK_UP
2026-05-06,22:22:16,flz,SHORT,CLOSE,556.09,,DC_BB_BREAK_UP → closes SHORT (correct),DC_BB_D_BREAK_REVERSE_close_DC_BREAK_UP
2026-05-06,22:23:47,flz,SHORT,CLOSE,556.09,,DC_BB_BREAK_UP → closes SHORT (correct),DC_BB_D_BREAK_REVERSE_close_DC_BREAK_UP
2026-05-06,22:28:07,flz,SHORT,CLOSE,561.31,,DC_BB_BREAK_UP → closes SHORT (correct),DC_BB_D_BREAK_REVERSE_close_DC_BREAK_UP
2026-05-06,22:29:16,flz,SHORT,CLOSE,555.91,,DC_BB_BREAK_UP → closes SHORT (correct),DC_BB_D_BREAK_REVERSE_close_DC_BREAK_UP
2026-05-06,22:29:56,flz,SHORT,CLOSE,556.89,,DC_BB_BREAK_UP → closes SHORT (correct),DC_BB_D_BREAK_REVERSE_close_DC_BREAK_UP
2026-05-06,22:33:38,flz,SHORT,CLOSE,561.31,,DC_BB_BREAK_UP → closes SHORT (correct),DC_BB_D_BREAK_REVERSE_close_DC_BREAK_UP
2026-05-06,22:34:59,flz,SHORT,CLOSE,557.13,,DC_BB_BREAK_UP → closes SHORT (correct),DC_BB_D_BREAK_REVERSE_close_DC_BREAK_UP
2026-05-06,22:35:37,flz,SHORT,CLOSE,561.31,,DC_BB_BREAK_UP → closes SHORT (correct),DC_BB_D_BREAK_REVERSE_close_DC_BREAK_UP
2026-05-06,22:37:19,flz,SHORT,CLOSE,561.31,,DC_BB_BREAK_UP → closes SHORT (correct),DC_BB_D_BREAK_REVERSE_close_DC_BREAK_UP
2026-05-06,22:38:15,flz,SHORT,CLOSE,561.31,,DC_BB_BREAK_UP → closes SHORT (correct),DC_BB_D_BREAK_REVERSE_close_DC_BREAK_UP
2026-05-06,22:38:40,flz,SHORT,CLOSE,561.31,,DC_BB_BREAK_UP → closes SHORT (correct),DC_BB_D_BREAK_REVERSE_close_DC_BREAK_UP
2026-05-06,22:39:23,flz,SHORT,CLOSE,561.31,,DC_BB_BREAK_UP → closes SHORT (correct),DC_BB_D_BREAK_REVERSE_close_DC_BREAK_UP
2026-05-06,22:40:50,flz,SHORT,CLOSE,557.13,,DC_BB_BREAK_UP → closes SHORT (correct),DC_BB_D_BREAK_REVERSE_close_DC_BREAK_UP
2026-05-06,22:42:02,flz,SHORT,CLOSE,556.86,,DC_BB_BREAK_UP → closes SHORT (correct),DC_BB_D_BREAK_REVERSE_close_DC_BREAK_UP
2026-05-06,22:42:23,flz,LONG,OPEN,556.86,,DC_BB_BREAK_UP → opens LONG (correct),DC_BB_D_BREAK_REVERSE_open_DC_BREAK_UP
2026-05-06,22:42:57,flz,LONG,CLOSE,556.86,,DC_CROSSBACK_TO_SHORT ← FIXED,DC_BB_D_BREAK_REVERSE_close_DC_CROSSBACK_TO_SHORT
2026-05-06,22:43:12,flz,SHORT,CLOSE,556.86,,DC_BB_BREAK_UP → closes SHORT (correct),DC_BB_D_BREAK_REVERSE_close_DC_BREAK_UP
2026-05-06,22:44:09,flz,LONG,CLOSE,556.86,,DC_CROSSBACK_TO_SHORT ← FIXED,DC_BB_D_BREAK_REVERSE_close_DC_CROSSBACK_TO_SHORT
2026-05-06,22:44:25,flz,SHORT,CLOSE,556.86,,DC_BB_BREAK_UP → closes SHORT (correct),DC_BB_D_BREAK_REVERSE_close_DC_BREAK_UP
2026-05-06,22:44:36,flz,LONG,CLOSE,558.93,,DC_CROSSBACK_TO_SHORT ← FIXED,DC_BB_D_BREAK_REVERSE_close_DC_CROSSBACK_TO_SHORT
2026-05-06,22:44:58,flz,SHORT,CLOSE,558.93,,DC_BB_BREAK_UP → closes SHORT (correct),DC_BB_D_BREAK_REVERSE_close_DC_BREAK_UP
2026-05-06,22:45:33,flz,LONG,CLOSE,558.93,,DC_CROSSBACK_TO_SHORT ← FIXED,DC_BB_D_BREAK_REVERSE_close_DC_CROSSBACK_TO_SHORT
2026-05-06,22:45:53,flz,SHORT,CLOSE,558.93,,DC_BB_BREAK_UP → closes SHORT (correct),DC_BB_D_BREAK_REVERSE_close_DC_BREAK_UP
2026-05-06,22:45:58,flz,LONG,CLOSE,558.93,,DC_CROSSBACK_TO_SHORT ← FIXED,DC_BB_D_BREAK_REVERSE_close_DC_CROSSBACK_TO_SHORT
2026-05-06,22:46:26,flz,SHORT,CLOSE,558.93,,DC_BB_BREAK_UP → closes SHORT (correct),DC_BB_D_BREAK_REVERSE_close_DC_BREAK_UP
2026-05-06,22:46:32,flz,LONG,CLOSE,558.93,,DC_CROSSBACK_TO_SHORT ← FIXED,DC_BB_D_BREAK_REVERSE_close_DC_CROSSBACK_TO_SHORT
2026-05-06,22:46:45,flz,SHORT,CLOSE,558.93,,DC_BB_BREAK_UP → closes SHORT (correct),DC_BB_D_BREAK_REVERSE_close_DC_BREAK_UP
2026-05-06,22:47:36,flz,LONG,CLOSE,558.93,,DC_CROSSBACK_TO_SHORT ← FIXED,DC_BB_D_BREAK_REVERSE_close_DC_CROSSBACK_TO_SHORT
2026-05-06,22:48:09,flz,SHORT,CLOSE,558.93,,DC_BB_BREAK_UP → closes SHORT (correct),DC_BB_D_BREAK_REVERSE_close_DC_BREAK_UP
2026-05-06,22:48:14,flz,LONG,CLOSE,558.93,,DC_CROSSBACK_TO_SHORT ← FIXED,DC_BB_D_BREAK_REVERSE_close_DC_CROSSBACK_TO_SHORT
2026-05-06,22:48:40,flz,SHORT,CLOSE,558.93,,DC_BB_BREAK_UP → closes SHORT (correct),DC_BB_D_BREAK_REVERSE_close_DC_BREAK_UP
2026-05-06,22:50:07,flz,LONG,CLOSE,557.13,,DC_CROSSBACK_TO_SHORT ← FIXED,DC_BB_D_BREAK_REVERSE_close_DC_CROSSBACK_TO_SHORT
2026-05-06,22:53:48,flz,LONG,CLOSE,556.86,,DC_CROSSBACK_TO_SHORT ← FIXED,DC_BB_D_BREAK_REVERSE_close_DC_CROSSBACK_TO_SHORT
2026-05-06,22:54:51,flz,LONG,CLOSE,556.86,,DC_CROSSBACK_TO_SHORT ← FIXED,DC_BB_D_BREAK_REVERSE_close_DC_CROSSBACK_TO_SHORT
2026-05-06,22:55:46,flz,LONG,CLOSE,556.86,,DC_CROSSBACK_TO_SHORT ← FIXED,DC_BB_D_BREAK_REVERSE_close_DC_CROSSBACK_TO_SHORT
2026-05-07,00:53:13,flz,SHORT,OPEN,550.03,,GOLDEN_RULE_SHORT ← against trend,GOLDEN_RULE_SHORT_mult1.0_INTERVENTION
2026-05-07,00:54:00,flz,SHORT,CLOSE,550.03,,DC_BB_BREAK_UP → closes SHORT (correct),DC_BB_D_BREAK_REVERSE_close_BB_BREAK_UP
2026-05-07,00:59:17,flz,SHORT,CLOSE,550.03,,DC_BB_BREAK_UP → closes SHORT (correct),DC_BB_D_BREAK_REVERSE_close_BB_BREAK_UP
2026-05-07,01:03:27,flz,SHORT,OPEN,550.03,,GOLDEN_RULE_SHORT ← against trend,GOLDEN_RULE_SHORT_mult1.0_INTERVENTION
2026-05-07,01:04:08,flz,SHORT,CLOSE,550.03,,DC_BB_BREAK_UP → closes SHORT (correct),DC_BB_D_BREAK_REVERSE_close_BB_BREAK_UP
2026-05-07,01:12:53,flz,SHORT,OPEN,550.68,,GOLDEN_RULE_SHORT ← against trend,GOLDEN_RULE_SHORT_mult2.0_INTERVENTION
2026-05-07,01:13:29,flz,SHORT,CLOSE,359.02,,DC_BB_BREAK_UP → closes SHORT (correct),DC_BB_D_BREAK_REVERSE_close_BB_BREAK_UP
2026-05-07,01:14:58,flz,SHORT,CLOSE,359.02,,DC_BB_BREAK_UP → closes SHORT (correct),DC_BB_D_BREAK_REVERSE_close_BB_BREAK_UP
2026-05-07,01:23:50,flz,SHORT,OPEN,359.02,,GOLDEN_RULE_SHORT ← against trend,GOLDEN_RULE_SHORT_mult2.0_INTERVENTION
2026-05-07,01:24:13,flz,SHORT,CLOSE,359.02,,DC_BB_BREAK_UP → closes SHORT (correct),DC_BB_D_BREAK_REVERSE_close_BB_BREAK_UP
2026-05-07,01:26:28,flz,SHORT,CLOSE,359.02,,DC_BB_BREAK_UP → closes SHORT (correct),DC_BB_D_BREAK_REVERSE_close_BB_BREAK_UP
2026-05-07,02:16:13,flz,SHORT,OPEN,359.02,,GOLDEN_RULE_SHORT ← against trend,GOLDEN_RULE_SHORT_mult2.0_INTERVENTION
2026-05-07,02:17:04,flz,SHORT,CLOSE,359.02,,DC_BB_BREAK_UP → closes SHORT (correct),DC_BB_D_BREAK_REVERSE_close_BB_BREAK_UP
2026-05-07,03:07:01,flz,SHORT,QUICK_OPEN,537.87,,QUICK_HEDGE_PROTECT_LONG_LOSS,QUICK_HEDGE_PROTECT_LONG_LOSS
2026-05-07,03:07:21,flz,SHORT,CLOSE,359.02,,DC_BB_BREAK_UP → closes SHORT (correct),DC_BB_D_BREAK_REVERSE_close_BB_BREAK_UP
2026-05-07,03:07:55,flz,SHORT,CLOSE,359.02,,QUICK_HEDGE_BAL_CLOSE_SENT-15_RATIO0.00_REDUCE,QUICK_HEDGE_BAL_CLOSE_SENT-15_RATIO0.00_REDUCE
2026-05-07,07:10:05,flz,SHORT,QUICK_OPEN,559.95,,QUICK_HEDGE_PROTECT_LONG_LOSS,QUICK_HEDGE_PROTECT_LONG_LOSS
2026-05-07,07:10:17,flz,SHORT,CLOSE,559.95,,QUICK_HEDGE_CLEANUP_ORPHAN_origflz:ZECUSDC_LONG_g0.00_REDUCE,QUICK_HEDGE_CLEANUP_ORPHAN_origflz:ZECUSDC_LONG_g0.00_REDUCE
2026-05-07,07:10:39,flz,SHORT,CLOSE,559.95,,HEDGE_BANDAID_OFF_FIRST_PRE_wt15m_41.8vs31.9_hgain0.00%,HEDGE_BANDAID_OFF_FIRST_PRE_wt15m_41.8vs31.9_hgain0.00%
2026-05-07,16:05:59,flz,SHORT,OPEN,564.00,,GOLDEN_RULE_SHORT ← against trend,GOLDEN_RULE_SHORT_mult1.0_INTERVENTION
2026-05-03,07:53:52,inf,LONG,OPEN,359.02,,REENTRY_FIRED (correct),GUARANTEED_REENTRY_PF_FAVORABLE_SPIKE_htf2_move7.74%_k3m11_exit357.0600_px384.70
2026-05-03,11:07:12,inf,LONG,OPEN,359.02,,REENTRY_FIRED (correct),GUARANTEED_REENTRY_PF_FAVORABLE_SPIKE_htf2_move8.97%_k3m28_exit357.0600_px389.10
2026-05-03,23:19:40,inf,LONG,OPEN,359.02,,REENTRY_FIRED (correct),GUARANTEED_REENTRY_PF_FAVORABLE_SPIKE_htf3_move15.03%_k3m37_exit357.0600_px410.7
